v 0.020436255453955255723 -0.097667995963073239718 -0.99500416527802570954
v 0.035629170855693635678 -0.093259172543589605175 -0.99500416527802570954
v 0.029642575541080320306 -0.095331153327076520454 -0.99500416527802570954
v -0.09263548112768435483 -0.037085652328961937751 -0.99500416527802570954
v -0.085655415569555359845 -0.051282169055003885838 -0.99500416527802570954
v -0.088735479676037593011 -0.045746319262239501513 -0.99500416527802570954
v -0.099247971981924837381 -0.0094770322584096199081 -0.99500416527802570954
v -0.095789461804560410707 -0.028126323730126721184 -0.99500416527802570954
v -0.097380488323857844479 -0.021994353211363445316 -0.99500416527802570954
v 0.13924815559453695979 0.077475593088015048959 0.98722210451305225654
v 0.13405399821527280713 0.086151273486348933783 0.98722210451305225654
v 0.041472300074364989997 -0.090811669987513457536 -0.99500416527802570954
v -0.082230447336119741331 -0.056611523652705747489 -0.99500416527802570954
v -0.078474366113985546956 -0.06171292362534271797 -0.99500416527802570954
v -0.1414460841986643902 0.072920524572236730676 -0.98722210451305225654
v -0.13125310583285840216 0.090361156312038393157 -0.98722210451305225654
v -0.032652312253697732269 0.094342660466335409586 -0.99500416527802570954
v -0.059974161110116296081 0.078805127861883011997 -0.99500416527802570954
v -0.038570153902793391509 0.092081780539333940583 -0.99500416527802570954
v -0.0043861355351062390404 0.27641456186874002743 0.96102848646748251227
v -0.021908599789103349459 0.2755798640200345373 0.96102848646748251227
v -0.039342845844253522547 0.27363550332311620261 0.96102848646748251227
v 0.14793570354090559982 -0.059224521768245143305 0.98722210451305225654
v 0.1513941124186460041 -0.049722621469412038586 0.98722210451305225654
v 0.011065356191102068348 -0.099218289502204501384 -0.99500416527802570954
v 0.0047502652272859886839 -0.099720339247566056051 -0.99500416527802570954
v -0.19402661176484997663 -0.10002767055038894184 -0.97588326097505895262
v -0.19998012036272441727 -0.08752035425199800045 -0.97588326097505895262
v 0.030641149336699924355 -0.2747460066413086599 -0.96102848646748240125
v 0.065175406645519601279 -0.26865668531903524885 -0.96102848646748240125
v 0.04800492744099207898 -0.27224947224816631319 -0.96102848646748240125
v 0.1148412141433728384 -0.25146718221687691663 -0.96102848646748240125
v 0.13055903598612642047 -0.24367721748327914044 -0.96102848646748240125
v 0.15647062709785433676 0.03015724152545075018 -0.98722210451305225654
v -0.10911303179348541548 0.31526140112112593927 0.9427113000574345314
v 0.036976694100713594637 0.33155411147715219133 0.9427113000574345314
v 0.064815657921918790052 0.20844853426405707264 -0.97588326097505895262
v 0.044685366184622599128 0.21355821148161902023 -0.97588326097505895262
v 0.15755419232792364226 -0.29406135622335261015 -0.94271130005743442037
v 0.0820834474907389533 -0.26398211273882732364 0.96102848646748251227
v 0.013153990138631607015 -0.27613623583559759878 -0.96102848646748240125
v 0.25313009154232490872 -0.11078118786728358147 -0.96102848646748240125
v 0.24157510032182760717 -0.13440877613652654765 -0.96102848646748240125
v 0.2626465516869173622 -0.08626144611001744511 -0.96102848646748240125
v 0.13055903598612639271 0.24367721748327919595 -0.96102848646748240125
v -0.14974029587227680183 -0.05450101056772303082 0.98722210451305225654
v -0.031066341824929146614 0.21607115345251801108 0.97588326097505895262
v 0.037906192426103074711 0.21497669995708876267 0.97588326097505895262
v 0.15535676886856958356 -0.035088873624330815804 0.98722210451305225654
v -0.37378778178463595294 0.10975399546863415234 -0.92099769525617836141
v 0.32772547647836625107 -0.2106163749565437282 -0.92099769525617836141
v 0.35175130734853854442 -0.16743435463309663813 -0.92099769525617836141
v 0.34042377510941013163 -0.18940670176386414925 -0.92099769525617836141
v 0.28065030442956018231 -0.18036299888729070973 0.9427113000574345314
v 0.29152459291892385274 -0.16219992745829869829 0.9427113000574345314
v -0.015865794945524088616 0.33306402457530154271 0.9427113000574345314
v -0.047477604702381950852 0.33021399394293687868 0.9427113000574345314
v 0.1457511426709621194 -0.23490605059923175268 -0.96102848646748240125
v 0.16733612084947216414 -0.21987709632556778905 -0.96102848646748240125
v 0.23256400006972258176 -0.14945980753898371884 -0.96102848646748240125
v 0.21719447104233691181 -0.17080361992110015823 -0.96102848646748240125
v -0.1847930837573813212 0.27775334550543095968 -0.94271130005743442037
v 0.31695290185157143359 -0.10409737149366445064 -0.94271130005743442037
v 0.32758089810031398859 0.063136043143465533922 -0.94271130005743442037
v 0.099055505237256619155 0.31856461138396030552 -0.94271130005743442037
v 0.11906069077581406257 0.31164074935092783702 -0.94271130005743442037
v 0.051464539943142088851 0.21213972300614908351 0.97588326097505895262
v -0.083773927173924386813 0.053838233898822862589 0.99500416527802582056
v -0.091458237324498842247 0.040026265187684345603 0.99500416527802582056
v -0.1091465310359026053 0.18904733722407654484 -0.97588326097505895262
v -0.071396667218148815448 0.20628712237758778381 -0.97588326097505895262
v 0.077905786122526493598 0.20391799684509487323 -0.97588326097505895262
v 0.077905786122526465842 0.20391799684509478996 0.97588326097505895262
v 0.090682215218780490296 0.19856635362442373594 0.97588326097505895262
v 0.10567906282346069269 0.25229653724061568143 0.96102848646748251227
v -0.067251076304979895415 -0.38139980639815584951 0.92099769525617836141
v -0.38780402983647033199 0.037030794960433051355 0.92099769525617836141
v -0.38467461669451324946 0.06155229162051471109 0.92099769525617836141
v -0.43796631528001589428 0.055892899270008157553 0.89596590225643790717
v -0.32009612397903697278 -0.093988702287129299862 0.9427113000574345314
v -0.32541279882385498734 -0.07349772177181335131 0.9427113000574345314
v -0.37487057365940557041 -0.097265474804769047612 0.92099769525617847243
v 0.012419704568837820757 -0.15622269470418817527 -0.98722210451305225654
v 0.15902947081409224417 0.010106620276331024222 -0.98722210451305225654
v 0.15806829156643303902 0.02017254475987791465 -0.98722210451305225654
v 0.159350294511243884 0 -0.98722210451305225654
v -0.15734867772243846251 -0.025177568981540946608 0.98722210451305225654
v -0.21424030681660702347 -0.041291434673643545583 0.97588326097505895262
v -0.15543502381522913969 -0.035106548283464218685 0.98722210451305225654
v -0.1847870641722473839 0.11063260158213754358 -0.97588326097505906365
v -0.0061808721801759562015 0.38951898817888191973 -0.92099769525617836141
v -0.36607419745845720671 0.13324011140776675921 0.92099769525617836141
v -0.35688656154272013765 0.15618971644452717129 0.92099769525617836141
v -0.4121018278732690443 0.16498068479368421801 0.89596590225643779615
v -0.096936660629568488501 0.19558922458732952432 -0.97588326097505895262
v 0.02419521005091855928 0.2169480416119880517 -0.97588326097505895262
v 0.010386802104407557787 0.21804581007377518698 -0.97588326097505895262
v -0.055441310333746399164 0.38560278323850932791 0.92099769525617836141
v -0.077082295583948495787 0.43715542155964537407 0.89596590225643779615
v 0.091689353188047051368 -0.12875968018594119435 -0.98722210451305225654
v 0.057909063132093048509 -0.081321900411528064145 -0.99500416527802570954
v 0.062950227130818020571 -0.0774853533486016266 -0.99500416527802570954
v 0.052634719774778196411 -0.084830992883555236816 -0.99500416527802570954
v 0.0034547166439446320291 0.21771647954638023714 0.97588326097505895262
v -0.33277037490296351718 -3.1225022567582527699e-17 0.9427113000574345314
v -0.38937189302329172635 -0.012360188358834314076 0.92099769525617836141
v -0.2155510586179504029 -0.034490608538642372749 -0.97588326097505895262
v -0.21292955501526381057 -0.048092260808644760051 -0.97588326097505895262
v -0.13616983011551786475 -0.081525309307554805205 -0.98722210451305236756
v 0.064815657921918762296 0.20844853426405698937 0.97588326097505895262
v 0.10175354706993683385 0.48629579165548852959 0.86770610608315523749
v 0.095201123422335470758 0.53991240047227262444 0.83632012167315072926
v -0.044707874704674251121 0.21366578314759732127 0.97588326097505895262
v 0.34892837810171828394 -0.27440030948741112038 -0.89596590225643768512
v 0.29842642001142327679 -0.25040949896514147488 -0.92099769525617836141
v 0.21282235400894627952 -0.048068048393630762039 0.97588326097505895262
v 0.40665985587352349029 -0.17797276340049278387 -0.89596590225643768512
v 0.36166246122140666142 -0.1447878084511335095 -0.92099769525617836141
v -0.15289548792693899437 -0.044894165906087510343 0.98722210451305225654
v -0.23592616914089672986 0.31000336779994597247 -0.92099769525617836141
v -0.21025255383526325614 0.25879959722012790824 -0.94271130005743442037
v -0.2551128021262752954 0.29441586832928606787 -0.92099769525617836141
v 0.22597162407630291825 -0.31733274404814520997 -0.92099769525617836141
v -0.49682731539555313738 -5.0306980803327405738e-17 -0.86770610608315512646
v -0.44389924858179546918 0.014091100110525354994 -0.89596590225643768512
v -0.44389924858179546918 -0.014091100110525445199 -0.89596590225643768512
v -0.32126499568790922723 -0.30632555465897770564 -0.89596590225643768512
v -0.29033119902675941226 -0.25975188200375337599 -0.92099769525617836141
v 0.088376919761480210447 -0.31966143288236098519 0.9427113000574345314
v 0.091844142649638721432 -0.37858671238404606463 0.92099769525617836141
v 0.115670683905611138 -0.37199937932423460252 0.92099769525617836141
v 0.38878369754370284417 0.024707931055719424551 -0.92099769525617836141
v 0.38956802401224821519 0 -0.92099769525617836141
v 0.37011732800944813215 0.12155825286649275807 -0.92099769525617836141
v 0.37708186294820017492 0.097839225100786478273 -0.92099769525617836141
v 0.31993496914730712444 0.093941382959068342462 -0.94271130005743442037
v -0.37343181109054213174 -0.23999005262118741633 -0.89596590225643768512
v 0.067737912782777534582 -0.073336800115713071668 -0.99500416527802570954
v 0.047148434978026683428 -0.087998500887810679472 -0.99500416527802570954
v -0.22770486311825946513 -0.15676333598872710384 0.96102848646748251227
v -0.23718896478672116257 -0.14200578573221364631 0.96102848646748251227
v 0.018461813523557343841 0.38756116124199890827 0.92099769525617836141
v 0.15755419232792347572 -0.2940613562233523326 0.9427113000574345314
v -0.14295155484350599573 0.16497488874525439995 -0.97588326097505895262
v -0.11178022994824404757 0.11356802610566871237 -0.98722210451305225654
v 0.46147087888860882643 -0.18474507139240070597 -0.86770610608315512646
v 0.44882453214566420119 -0.21364141173993861367 -0.86770610608315512646
v 0.16183240576016730272 0.35436353900857825439 -0.92099769525617836141
v 0.18398170939733474172 0.34338604505722458704 -0.92099769525617836141
v -0.12276193049371139643 0.24769690474343233899 0.96102848646748251227
v -0.12888846573487380831 0.3077063017627879038 0.9427113000574345314
v -0.10680486242506435912 0.25498425355378889767 0.96102848646748251227
v -0.090417728871542243918 0.26124487077018776482 0.96102848646748251227
v -0.37045424380287356181 -0.33143591645210918051 -0.86770610608315512646
v -0.34868743462137652411 -0.35426428891884043093 -0.86770610608315512646
v -0.056618672145001165685 0.27058930903226147135 0.96102848646748251227
v -0.068325482745086180136 0.32653795055348860954 0.9427113000574345314
v -0.088898238183829317305 0.3215470540866962601 0.9427113000574345314
v 0.030641149336699959049 0.27474600664130838235 0.96102848646748251227
v 0.013153990138631537626 0.27613623583559732122 0.96102848646748251227
v 0.01587378672435809171 0.33323179265948082994 0.9427113000574345314
v 0.26158981842701417575 -0.085914381438631767796 0.96102848646748251227
v -0.42648431262709129985 -0.25533751104960233924 -0.86770610608315512646
v -0.40943115593998991031 -0.28187274080984137115 -0.86770610608315512646
v 0.17588750859676666183 -0.28347661114039718333 0.9427113000574345314
v 0.20193552417565299728 -0.26534018163756267761 0.9427113000574345314
v 0.098660967263754603684 -0.25824457736146239073 -0.96102848646748240125
v 0.082083447490739036567 -0.26398211273882754568 -0.96102848646748240125
v 0.070977981778757054387 -0.20507741024621303771 -0.97588326097505895262
v 0.20385619840829455329 -0.18238491547649537949 0.96102848646748251227
v 0.24144466583890494826 -0.23021702387521461586 0.9427113000574345314
v 0.089953394134225705958 -0.19697045805818191866 0.97588326097505895262
v 0.10675109070356361696 -0.25485587978916934837 0.96102848646748251227
v 0.13055903598612630945 -0.2436772174832789184 0.96102848646748251227
v 0.31695290185157110052 -0.10409737149366433961 0.9427113000574345314
v 0.37011732800944813215 -0.12155825286649275807 0.92099769525617836141
v 0.018536392926172446521 -0.38912677557589653299 0.92099769525617836141
v 0.043179018520511369683 -0.38716768678753776811 0.92099769525617836141
v -0.71344092061449071451 0.16113773789313637352 0.68193598102712760234
v -0.14295155484350599573 -0.16497488874525437219 -0.97588326097505895262
v -0.044707874704674271937 0.21366578314759740453 -0.97588326097505895262
v -0.058169384752349451162 0.21040005614594806116 -0.97588326097505895262
v -0.056618672145001221196 0.27058930903226174891 -0.96102848646748240125
v -0.031066341824929160492 0.21607115345251809435 -0.97588326097505895262
v -0.03934284584425356418 0.27363550332311648017 -0.96102848646748240125
v 0.10675109070356370022 0.25485587978916962593 -0.96102848646748240125
v -0.017299715751326820434 0.21760648148345274056 -0.97588326097505895262
v -0.28623155413034168104 -0.17136773956655584894 0.9427113000574345314
v -0.33424290292923419798 -0.20011228641501782599 0.92099769525617836141
v -0.32087805825278364891 -0.22090839066167403115 0.92099769525617836141
v -0.20602787954191614794 -0.18432786292224426217 -0.96102848646748240125
v -0.17158993700242181069 -0.13493981794929871265 -0.97588326097505895262
v -0.23718896478672138461 -0.14200578573221381284 -0.96102848646748240125
v -0.34626186940453862473 -0.17851040061935274927 0.92099769525617836141
v -0.30622115088766027613 0.24081497478737573514 -0.92099769525617836141
v -0.26707053856673307335 0.19663987146203748546 -0.9427113000574345314
v -0.3208780582527835934 0.22090839066167411442 -0.92099769525617836141
v 0.26864593621803484202 -0.19779981217776015923 0.9427113000574345314
v 0.25555982563826845633 -0.21444015543680117197 0.9427113000574345314
v 0.29842642001142327679 -0.25040949896514147488 0.92099769525617836141
v -0.14814491131512885769 0.2989121777302732319 -0.94271130005743442037
v -0.12979340966940502988 0.24224824177829260008 -0.96102848646748240125
v -0.16680482962434117766 0.28891443985722897736 -0.94271130005743442037
v -0.50490288598047439184 -0.58268899231613080492 0.63682541874692788486
v -0.079786128982688775402 0.38131013487024623121 0.92099769525617836141
v -0.30521241883051808408 -0.1335747721808812627 0.94271130005743464242
v -0.034784456521461309952 -0.73021560668606122491 0.68193598102712760234
v -0.061102353304579026805 -0.768583039403317958 0.63682541874692788486
v -0.012232785558532984979 -0.77091098383359335511 0.63682541874692788486
v -0.013147367662104784275 -0.27599721294438755992 -0.96102848646748240125
v 0.13858646093434634494 -0.30346202001191968645 -0.94271130005743442037
v 0.18757349203114287439 -0.20307740712659980153 -0.96102848646748240125
v 0.20007581106004662663 -0.19077190051651871094 -0.96102848646748240125
v 0.33293799507251020664 -0.021158832224842286096 -0.94271130005743442037
v 0.27644935919263763369 0 -0.96102848646748240125
v 0.33327382716059616996 0.010579416112421141313 -0.94271130005743442037
v 0.27589277719344262874 -0.017533501946542594252 -0.96102848646748240125
v 0.32291703644304281529 -0.083785394424472303676 -0.94271130005743442037
v 0.27145355913113677904 -0.052318385229844548145 -0.96102848646748240125
v 0.27422527235512617061 -0.034996402669086650039 -0.96102848646748240125
v 0.33092570709857194178 -0.042232465300193040847 -0.94271130005743442037
v 0.3275808981003140441 -0.063136043143465381267 -0.94271130005743442037
v -0.20203724136369799469 -0.26547383646259509193 -0.94271130005743442037
v 0.32099539634877777283 0.30606849220834159153 0.89596590225643790717
v 0.26432557073402529468 0.2861734403974963703 0.92099769525617836141
v -0.18103583025959446573 -0.20892648554034332076 -0.96102848646748240125
v -0.2184678663068285176 -0.25212535797766066903 -0.94271130005743442037
v -0.088898238183829414449 0.32154705408669659317 -0.94271130005743442037
v -0.073666515036228494284 0.26645354709674462512 -0.96102848646748240125
v -0.23401879825921342859 -0.23776165966222437276 -0.94271130005743442037
v -0.068325482745086249525 0.3265379505534888871 -0.94271130005743442037
v 0.24047323633724437819 0.22929076771627293629 0.9427113000574345314
v -0.047477604702381999424 0.33021399394293721175 -0.94271130005743442037
v -0.24862741910648519794 -0.22244057905982442258 -0.94271130005743442037
v -0.19392228319613996623 -0.19702384697801453295 -0.96102848646748240125
v -0.26223490508851338143 -0.20622380875456694516 -0.94271130005743442037
v -0.21730387433303324785 -0.17088965561985683395 -0.96102848646748240125
v -0.026438551102465988191 0.33256038212574895452 -0.94271130005743442037
v -0.31349053501888801687 -0.11410122347106176066 -0.94271130005743442037
v -0.22770486311825968717 -0.15676333598872727038 -0.96102848646748240125
v -0.27478646366192593931 -0.18917664795686300883 -0.94271130005743442037
v 0.1457511426709621194 0.23490605059923175268 -0.96102848646748240125
v 0.14807032663113489646 0.29876168811763620381 -0.94271130005743442037
v 0.17588750859676682836 0.28347661114039746089 -0.94271130005743442037
v -0.30562263031874858932 -0.13375429929939214313 -0.94271130005743442037
v -0.25977742285431459912 -0.094551249453355176722 -0.96102848646748240125
v -0.25325759600805136662 -0.11083698959391949379 -0.96102848646748240125
v 0.082083447490739050445 0.26398211273882754568 -0.96102848646748240125
v -0.2862315541303419586 -0.17136773956655601547 -0.94271130005743442037
v -0.29652409115391858974 -0.15286879377219020348 -0.94271130005743442037
v -0.24571799020835416449 -0.12667642829661382442 -0.96102848646748240125
v -0.22430015105069600612 -0.81129901193780529223 0.5398919850001255849
v -0.25896512701183932448 -0.83283735569192629544 0.48841834717173288061
v 0.049225776742462160063 -0.44138636691441723858 0.89596590225643779615
v -0.1460920403894399866 0.82852913265148675492 0.5398919850001255849
v -0.38105003497314499095 -0.22813586487173004302 0.89596590225643779615
v 0.62699882915948779161 -0.56095978122322287529 0.5398919850001255849
v 0.63153727121154712432 -0.60216957181238028873 0.48841834717173288061
v 0.66845773690679111123 -0.5609026404960880674 0.48841834717173288061
v 0.078651458140132080032 0.32420572616234416552 -0.94271130005743442037
v 0.015852480678829838218 0.33278452372049616148 -0.94271130005743442037
v -0.71874809420188323639 0.49482188232453255816 -0.48841834717173260305
v 0.057935176230065277281 0.72874433515367875724 -0.68193598102712749132
v -0.84131053001693412163 -0.026706490133477599896 0.5398919850001255849
v -0.83792286944786509295 -0.080011932790554018968 0.5398919850001255849
v -0.11834710841689236038 0.42806432217970191711 0.89596590225643779615
v -0.017160676386596313697 -0.21585755870451212024 -0.97588326097505906365
v 0.072252841767635023196 -0.068892945472525141115 -0.99500416527802570954
v 0.14692349243839947226 -0.15906747572530641199 -0.97588326097505895262
v -0.0061808721801757922701 -0.38951898817888191973 -0.92099769525617836141
v -0.030873249095755131433 -0.38834274529477058602 -0.92099769525617836141
v -0.026438551102466071457 -0.33256038212574889901 -0.94271130005743442037
v -0.035196716353803322863 0.44272597975691152516 0.89596590225643779615
v -0.055441310333746399164 -0.38560278323850932791 -0.92099769525617836141
v 0.18398170939733479723 -0.34338604505722458704 -0.92099769525617836141
v 0.1618324057601674415 -0.35436353900857819887 -0.92099769525617836141
v 0.87148394292549768991 0.22611884060655984552 -0.43518502633451550121
v 0.13903146014274278541 -0.36391413605874739501 -0.92099769525617836141
v 0.04152043664689585023 0.87162123166354987802 0.48841834717173288061
v 0.20539018362595698464 -0.33102585669839035276 -0.92099769525617836141
v 0.17588750859676682836 -0.28347661114039746089 -0.94271130005743442037
v 0.24564315655177054731 -0.30236184443823260759 -0.92099769525617836141
v 0.22635729358659875676 -0.24506688961214687095 -0.94271130005743442037
v 0.26432557073402529468 -0.28617344039749631479 -0.92099769525617836141
v -0.79541206064141500853 -0.51118029214328752907 0.32421214459449249068
v -0.21578954474105890848 0.32434259312223262528 -0.92099769525617836141
v 0.28194363913499731478 -0.26883271691541194004 -0.92099769525617836141
v -0.19478401200612419086 0.33737580529671312712 -0.92099769525617836141
v -0.27519757508959191705 0.026278182258828820111 0.96102848646748251227
v 0.29152459291892413029 -0.16219992745829886482 -0.94271130005743442037
v -0.33344170092469038735 -0.010584745082955267226 -0.94271130005743442037
v -0.17299415280264393568 0.34905052417795201514 -0.92099769525617836141
v 0.37011732800944813215 -0.12155825286649275807 -0.92099769525617836141
v 0.37708186294820017492 -0.097839225100786547662 -0.92099769525617836141
v -0.19478401200612396882 -0.33737580529671323815 -0.92099769525617836141
v -0.21578954474105899175 -0.32434259312223256977 -0.92099769525617836141
v -0.18479308375738140446 -0.27775334550543090417 -0.94271130005743442037
v 0.38252802231355376161 -0.073726233307343957968 -0.92099769525617836141
v 0.38643387634393244756 -0.049316371993587682088 -0.92099769525617836141
v 0.38878369754370284417 -0.024707931055719428021 -0.92099769525617836141
v 0.38252802231355376161 0.073726233307344138379 -0.92099769525617836141
v 0.38643387634393244756 0.049316371993587772293 -0.92099769525617836141
v -0.33209904888123731315 -0.031711614216236347352 -0.94271130005743442037
v -0.38780402983647033199 -0.037030794960433127683 -0.92099769525617836141
v -0.12888846573487394709 0.30770630176278818135 -0.94271130005743442037
v -0.15050770720303580097 0.35931973979353382109 -0.92099769525617836141
v 0.33092570709857194178 0.042232465300193110236 -0.94271130005743442037
v -0.23592616914089664659 -0.31000336779994602798 -0.92099769525617836141
v -0.32941915118022929709 -0.052710791871485425386 -0.94271130005743442037
v -0.38467461669451324946 -0.061552291620514780479 -0.92099769525617836141
v 0.3616624612214066059 0.14478780845113362052 -0.92099769525617836141
v -0.1091130317934855265 0.31526140112112621683 -0.94271130005743442037
v -0.12741522018727843846 0.36814210163663019237 -0.92099769525617836141
v 0.35175130734853859993 0.16743435463309652711 -0.92099769525617836141
v 0.30971250979089537392 0.12399018518837033598 -0.94271130005743442037
v 0.30122501476439189627 0.14338373416888586243 -0.94271130005743442037
v 0.29152459291892413029 0.16219992745829883707 -0.94271130005743442037
v 0.34042377510941013163 0.18940670176386409373 -0.92099769525617836141
v 0.32772547647836625107 0.2106163749565437282 -0.92099769525617836141
v -0.25511280212627535091 -0.29441586832928601236 -0.92099769525617836141
v 0.26864593621803500856 0.19779981217776040903 -0.94271130005743442037
v 0.31370754302220876797 0.23097797034301051355 -0.92099769525617836141
v 0.25555982563826873388 0.214440155436801283 -0.94271130005743442037
v 0.2984264200114233323 0.25040949896514136386 -0.92099769525617836141
v -0.079786128982688775402 0.38131013487024623121 -0.92099769525617836141
v -0.37999625463963643268 -0.085825938926738232215 -0.92099769525617836141
v -0.92436310460580528581 -0.029342904019528635168 0.3803838125199569542
v -0.94360452330424493539 -0.059967832120958575182 0.32421214459449249068
v -0.92064102063175556889 -0.087910558540493788371 0.3803838125199569542
v -0.27327218589796525849 -0.27764286006911020888 -0.92099769525617836141
v -0.055441310333746399164 0.38560278323850932791 -0.92099769525617836141
v 0.24144466583890525357 0.2302170238752148379 -0.94271130005743442037
v 0.28194363913499737029 0.26883271691541194004 -0.92099769525617836141
v -0.87041431947177705375 -0.055316457792066120458 0.48841834717173288061
v -0.89988775896897843509 -0.028565960722800595034 0.43518502633451583428
v -0.030873249095755034288 0.38834274529477058602 -0.92099769525617836141
v -0.79348769898407145451 0.47506360282992204924 -0.38038381251995684318
v -0.76175975575279331053 0.52443324616983133524 -0.38038381251995684318
v -0.75703375638418757276 0.48651605362727434745 -0.43518502633451550121
v -0.37378778178463595294 -0.10975399546863422173 -0.92099769525617836141
v -0.32541279882385532041 -0.073497721771813420699 -0.94271130005743442037
v -0.32009612397903725034 -0.093988702287129397006 -0.94271130005743442037
v -0.30622115088766022062 -0.2408149747873757629 -0.92099769525617836141
v 0.22635729358659872901 0.2450668896121468987 -0.94271130005743442037
v 0.26432557073402529468 0.2861734403974963703 -0.92099769525617836141
v -0.36607419745845720671 -0.13324011140776667594 -0.92099769525617836141
v 0.24564315655177040854 0.3023618444382326631 -0.92099769525617836141
v -0.32087805825278364891 -0.22090839066167403115 -0.92099769525617836141
v 0.22597162407630300152 0.31733274404814515446 -0.92099769525617836141
v 0.21035846040441530391 0.25892995747944247409 -0.94271130005743442037
v 0.19351258794689107923 0.27175040579568338073 -0.94271130005743442037
v -0.35688656154272013765 -0.15618971644452725456 -0.92099769525617836141
v -0.34626186940453862473 -0.17851040061935274927 -0.92099769525617836141
v -0.33424290292923419798 -0.20011228641501782599 -0.92099769525617836141
v 0.043179018520511459889 0.38716768678753776811 -0.92099769525617836141
v 0.067647777447033888287 0.38364961037290806756 -0.92099769525617836141
v 0.057930709380619282989 0.32854137890786311305 -0.94271130005743442037
v 0.20539018362595698464 0.33102585669839035276 -0.92099769525617836141
v 0.091844142649638652043 0.37858671238404606463 -0.92099769525617836141
v 0.11567068390561115188 0.37199937932423460252 -0.92099769525617836141
v 0.13903146014274289644 0.3639141360587473395 -0.92099769525617836141
v -0.88736665543934134526 0.26055435898710183062 -0.38038381251995684318
v -0.90766538507778016243 -0.26651460378194086198 0.32421214459449249068
v -0.88893456018478000935 -0.32354572011777787965 0.32421214459449249068
v 0.018536392926172366724 0.38912677557589653299 -0.92099769525617836141
v -0.40014712988210832112 -0.87619999469877851705 0.26687239892297098809
v -0.4343003416526327598 -0.87628835685247707943 0.20857116024319485859
v -0.37784831221552062086 -0.90206913486200712704 0.20857116024319485859
v 0.25195315916337646112 0.9113206037817389582 -0.32421214459449237966
v 0.21803663377007026503 0.89875924557525332936 -0.38038381251995684318
v -0.91515284486408199349 -0.30056517895492468329 0.26687239892297098809
v -0.93839103059075268387 -0.27553646731718245411 0.20857116024319485859
v -0.91902614308471308746 -0.3344981605953073478 0.20857116024319485859
v -0.82686596168720050137 0.49504727460738512379 -0.26687239892297087707
v -0.82623169660409367943 0.45970297020602302052 -0.32421214459449237966
v -0.083492707056124201848 -0.053657504703117989142 0.99500416527802593158
v -0.12005111482054545147 -0.10073484616834095517 0.98722210451305236756
v 0.7787929100663337767 -0.53615971549523400164 -0.32421214459449237966
v 0.52373592767875298826 0.78720157224690234798 -0.32421214459449237966
v -0.38937189302329172635 0.012360188358834236014 -0.92099769525617836141
v 0.97702267134805198534 0.031014524841398695421 0.20857116024319485859
v 0.96179156876770388607 0.061123652872336231567 0.26687239892297098809
v 0.37361991288147605728 -0.240110938301956095 -0.89596590225643768512
v 0.31370754302220882348 -0.23097797034301043029 -0.92099769525617836141
v -0.91520337344884716835 0.23746246549164162776 -0.32421214459449237966
v -0.15995294162142636996 0.22462247678567204279 0.96102848646748251227
v -0.38937189302329172635 -0.012360188358834314076 -0.92099769525617836141
v 0.3880964719798248308 -0.21593107796382757235 -0.89596590225643768512
v -0.44211182297923035112 -0.042216560444796942531 -0.89596590225643768512
v 0.443228682636777227 0.028168011677690816402 -0.89596590225643768512
v 0.20946484875527163205 0.39094813407372552838 0.89596590225643779615
v 0.23475535959215917958 0.43815069851452265182 0.86770610608315523749
v -0.60737775977353636314 -0.74762050078599950886 -0.26687239892297087707
v 0.42194828834414110919 -0.13858118182948614416 -0.89596590225643768512
v -0.14525835457679941998 0.4196964527124911748 -0.89596590225643768512
v -0.11834710841689241589 0.42806432217970213916 -0.89596590225643768512
v -0.10380967705023493031 0.37548208516989667327 -0.92099769525617836141
v 0.20649348640328832327 0.45215766447006405793 0.86770610608315523749
v -0.13220039302562913708 -0.17370928884937081316 -0.97588326097505895262
v -0.75705194961993971248 0.63524201170813221484 -0.14951847737845691544
v 0.65187910852176145227 -0.75230859518432635635 0.089927106469603806937
v 0.63026863220365714202 -0.77579684612339849803 0.03001174445311997202
v -0.34910413723867261826 -0.2745385280004420947 -0.89596590225643768512
v 0.30546876227764330203 -0.13368695967862795349 0.9427113000574345314
v 0.72340802931623726657 0.68976816272982544032 0.03001174445311997202
v -0.097454431834176874494 -2.168404344971008868e-18 0.99500416527802582056
v -0.15894940621571251871 -0.010101532021372643111 0.98722210451305225654
v 0.23454264725339799003 -0.30818544125915020571 0.92099769525617836141
v -0.39475212873674997427 -0.20350886676410898102 -0.89596590225643768512
v -0.40686469500323590998 -0.17806241027721528281 -0.89596590225643768512
v -0.9389183596645023222 -0.30837052671626513645 0.14951847737845705422
v -0.9556054437414204239 -0.28059107507860514552 0.089927106469603806937
v -0.16088338566506268923 0.35228547486615974238 0.92099769525617847243
v 0.70781709566107697817 0.67490223751646105654 -0.20857116024319474756
v 0.66358708556050038929 0.71843597556924221337 -0.20857116024319474756
v 0.077121122800639832495 0.43737562164777327167 -0.89596590225643768512
v 0.23415287495388240058 0.37738247593739565611 -0.89596590225643768512
v 0.104705929316718932 0.43160371912175382603 -0.89596590225643768512
v 0.18449529768401973229 0.40398835023586071591 -0.89596590225643768512
v 0.2097463736279130686 0.3914735760479210458 -0.89596590225643768512
v 0.131869122010744938 0.42409390075067432413 -0.89596590225643768512
v 0.15850132429281854618 0.41487640592257141181 -0.89596590225643768512
v -0.52672266075423979093 0.84891505981687298554 0.03001174445311997202
v -0.55367054843692842248 0.83219482033261393816 -0.03001174445311985059
v 0.078889126417690663695 0.9923160284145342569 0.089927106469603806937
v 0.69324036760229912346 0.70432794960087730107 -0.14951847737845691544
v 0.26157518303119237091 -0.20570499759426685848 -0.9427113000574345314
v 0.10309349904007131249 0.19241515378046436524 0.97588326097505895262
v 0.262071955803393708 0.42237945433862206235 0.86770610608315523749
v 0.28833328074527181384 0.40490743717629634757 0.86770610608315523749
v 0.26207195580339387453 -0.42237945433862228439 -0.86770610608315512646
v 0.20974637362791315187 -0.39147357604792099028 -0.89596590225643768512
v 0.043179018520511369683 -0.38716768678753776811 -0.92099769525617836141
v 0.057465115081473075453 -0.32590086242379773251 -0.94271130005743442037
v 0.067647777447033721754 -0.38364961037290812307 -0.92099769525617836141
v 0.49307849077429011242 -0.062926269568093703977 0.86770610608315523749
v 0.091844142649638721432 -0.37858671238404606463 -0.92099769525617836141
v -0.10380967705023477765 -0.37548208516989667327 -0.92099769525617836141
v -0.12741522018727852172 -0.36814210163663013686 -0.92099769525617836141
v -0.1082360805855895336 -0.31272761700779133642 -0.94271130005743430935
v -0.15050770720303580097 -0.35931973979353382109 -0.92099769525617836141
v -0.38467461669451324946 0.06155229162051471109 -0.92099769525617836141
v -0.37999625463963643268 0.08582593892673832936 -0.92099769525617836141
v -0.32279742701809810423 0.072907014000010525456 -0.94271130005743442037
v 0.15281851152896586132 0.044871563596311614397 -0.98722210451305225654
v 0.49307849077429038998 0.062926269568093856632 -0.86770610608315512646
v 0.49607679491298084518 0.031526608045787184176 -0.86770610608315512646
v 0.4488245321456642567 0.21364141173993847489 -0.86770610608315512646
v 0.3880964719798248308 0.21593107796382751684 -0.89596590225643768512
v 0.43437092742159105763 0.24167749352580439326 -0.86770610608315512646
v 0.16278404805636190189 0.52351696035848782618 0.83632012167315072926
v 0.14759245950851079821 0.4746604885202018731 0.86770610608315523749
v 0.12925281346978254038 0.53278735373012753307 0.83632012167315072926
v 0.47225904527554013468 -0.15510482784698778613 -0.86770610608315512646
v 0.48114559116803407024 -0.12484003190311751541 -0.86770610608315512646
v -0.16257814937451614545 0.46973871334175326675 -0.86770610608315512646
v -0.13245815654665757388 0.47910432082195780756 -0.86770610608315512646
v 0.20193552417565319157 -0.26534018163756289965 -0.94271130005743442037
v 0.12832005269871912811 0.094480053112908440882 0.98722210451305225654
v -0.10180480147266662838 0.4865407442990969944 -0.86770610608315512646
v 0.30546876227764363509 -0.13368695967862809226 -0.94271130005743442037
v -0.12655864995498611325 0.17772675590313635752 -0.97588326097505895262
v -0.39072936449409328974 -0.30727296852806684768 -0.86770610608315512646
v 0.021780123039605615853 0.27396380432214717526 -0.96102848646748240125
v -0.44182016751222413786 -0.2277741272521498217 -0.86770610608315512646
v -0.45537696852046022356 -0.19929357743571199379 -0.86770610608315512646
v 0.055095183389822430242 0.49401481175492112374 -0.86770610608315512646
v 0.086316614690714804636 0.48952584762639755889 -0.86770610608315512646
v -0.1887445595432921952 -0.10501465265602724641 0.97588326097505906365
v 0.26207195580339387453 0.42237945433862228439 -0.86770610608315512646
v 0.2347553595921592906 0.43815069851452292937 -0.86770610608315512646
v 0.11719047944915897408 0.48306573568458011092 -0.86770610608315512646
v 0.20649348640328846205 0.45215766447006433548 -0.86770610608315512646
v 0.17740013682526090122 0.46434395109701498416 -0.86770610608315512646
v 0.14759245950851088147 0.47466048852020215065 -0.86770610608315512646
v -0.013015337679171120472 -0.27322556250824603374 0.96102848646748251227
v -0.047477604702381950852 -0.33021399394293687868 0.9427113000574345314
v -0.01586579494552406086 -0.3330640245753014872 0.9427113000574345314
v 0.22774771642084004619 -0.49869793638002862801 -0.83632012167315072926
v 0.23475535959215937387 -0.43815069851452287386 -0.86770610608315512646
v 0.2589185644347566928 -0.48324924322305068403 -0.83632012167315072926
v 0.22635729358659853472 -0.24506688961214662115 0.9427113000574345314
v -0.11875810954459160851 0.10624983660323879253 -0.98722210451305225654
v -0.10200681986168960713 0.19038696050770448354 0.97588326097505917467
v 0.15902947081409224417 -0.010106620276331025957 -0.98722210451305225654
v 0.14356848691893570047 -0.062832069566604226152 -0.98722210451305225654
v 0.093931719171845715066 -0.02437191368554507756 -0.99500416527802570954
v -0.27077064508337989057 -0.052186764335487023647 -0.96102848646748240125
v 0.54713763217763877744 0.034771619744459712764 -0.83632012167315072926
v 0.25664672017728656916 0.10274584770325954908 0.96102848646748251227
v 0.49502172707854957823 -0.2356313727091033372 -0.83632012167315072926
v 0.50896975343976225137 -0.20376075227598186568 -0.83632012167315072926
v 0.52086833824157574568 -0.17106965920953329241 -0.83632012167315072926
v 0.53066957008252479966 -0.1376897290034181931 -0.83632012167315072926
v -0.30622115088766022062 -0.2408149747873757629 0.92099769525617836141
v -0.31954190434042706315 -0.30468259037768297137 0.89596590225643790717
v -0.29033119902675941226 -0.25975188200375337599 0.92099769525617836141
v -0.11228349842858548202 0.53662004254895689925 -0.83632012167315072926
v -0.38937189302329172635 0.012360188358834236014 0.92099769525617836141
v 0.54383071469265686915 -0.069403226448634891543 0.83632012167315072926
v 0.59622723146484080115 -0.037891355583189789691 0.80192102705431000942
v -0.45157361823395747447 -0.31088570472071952455 -0.83632012167315072926
v -0.47038204440227204817 -0.28161922233495595425 -0.83632012167315072926
v -0.26418400482125847795 0.077571422826078692547 0.96102848646748251227
v 0.076476834059884521433 -0.064171683253255187851 -0.99500416527802570954
v -0.15312710120388853263 -0.15557619299101985155 -0.97588326097505895262
v -0.084336460504069496458 0.2013435431751673943 -0.97588326097505895262
v -0.0034634298282207641798 0.21826558501630521913 -0.97588326097505895262
v -0.1798028831171547548 -0.12378523406062515166 -0.97588326097505895262
v 0.078276942852416875329 -0.061557668256406607166 0.99500416527802582056
v 0.08680791537086579579 -0.1304766846267167435 0.98722210451305225654
v -0.14525835457679933671 0.41969645271249095275 0.89596590225643779615
v 0.095201123422335470758 0.53991240047227262444 -0.83632012167315072926
v 0.12925281346978254038 0.53278735373012753307 -0.83632012167315072926
v 0.16278404805636190189 0.52351696035848782618 -0.83632012167315072926
v 0.2277477164208398519 0.49869793638002868352 -0.83632012167315072926
v 0.19565980873503371895 0.51213854895953347945 -0.83632012167315072926
v 0.28214893249687023058 -0.5266067282698135843 -0.8019210270543098984
v 0.24818141258825077156 -0.54344148977959094715 -0.8019210270543098984
v 0.066218071468800890345 -0.59374896494993023577 -0.8019210270543098984
v 0.060766092051509817962 -0.54486341053643327914 -0.83632012167315072926
v -0.10435225081803051195 0.12042891725009825798 -0.98722210451305225654
v 0.15043193295145512733 -0.3591388375336628247 0.92099769525617836141
v 0.41997729291605773172 0.35240279158869647347 -0.83632012167315072926
v -0.21643030987044281632 0.020666588821717436775 -0.97588326097505895262
v -0.15640008117374043506 -0.0099395176473810794432 -0.98722210451305225654
v -0.21730461418498553394 -0.020750074761300134341 -0.97588326097505895262
v 0.067647777447033721754 -0.38364961037290812307 0.92099769525617836141
v 0.59622723146484102319 0.037891355583189789691 -0.8019210270543098984
v 0.54824141952665927935 0 -0.83632012167315072926
v 0.59743005144381611249 0 -0.8019210270543098984
v 0.59622723146484102319 -0.037891355583189803569 -0.8019210270543098984
v 0.54713763217763877744 -0.034771619744459719703 -0.83632012167315072926
v -0.46961174082975437605 0.36930675493823333921 -0.8019210270543098984
v -0.49208914241669154954 0.33877860363925854648 -0.8019210270543098984
v -0.43094686448510943766 0.3389003600987451903 -0.83632012167315072926
v -0.45157361823395741895 0.31088570472071963557 -0.83632012167315072926
v -0.51258507470691327956 0.3068863104732253988 -0.8019210270543098984
v -0.53101700781499827642 0.2737582944485277836 -0.8019210270543098984
v -0.47038204440227215919 0.28161922233495589873 -0.83632012167315072926
v -0.54731072285175630387 0.23952795039336990945 -0.8019210270543098984
v -0.48729640809619023667 0.2512187587365991015 -0.83632012167315072926
v -0.50224860114293590208 0.21980672586290536663 -0.83632012167315072926
v -0.51517841633839311921 0.18750960888357617873 -0.83632012167315072926
v -0.27327218589796531401 0.27764286006911015336 -0.92099769525617836141
v -0.1252577921487378898 0.098503816509025385328 -0.98722210451305225654
v 0.48109265138295542741 0.35422101455656029856 -0.8019210270543098984
v 0.45765797106082051204 0.38402063472247671694 -0.8019210270543098984
v 0.39678097641048498678 0.37832989684050688517 -0.83632012167315072926
v -0.58992566605956286985 -0.094394782124553294755 -0.8019210270543098984
v -0.54135489802377334545 -0.086622909615623230883 -0.83632012167315072926
v -0.53477101101064228317 -0.12078335923156760523 -0.83632012167315072926
v -0.58275106775877927312 -0.13162013293627747301 -0.8019210270543098984
v -0.51258507470691316854 -0.30688631047322545431 -0.8019210270543098984
v -0.48729640809619034769 -0.25121875873659899048 -0.83632012167315072926
v -0.57322993658648924153 -0.16831549592717326425 -0.8019210270543098984
v -0.52603378988026749941 -0.15445745688962073117 -0.83632012167315072926
v -0.53101700781499827642 -0.27375829444852767258 -0.8019210270543098984
v -0.50224860114293590208 -0.21980672586290547765 -0.83632012167315072926
v -0.56140061077749969787 -0.20433311182187557931 -0.8019210270543098984
v -0.51517841633839311921 -0.18750960888357603995 -0.83632012167315072926
v -0.54731072285175630387 -0.23952795039336999272 -0.8019210270543098984
v 0.43238046361675286366 0.41227393933005596072 -0.8019210270543098984
v 0.40536191265169085884 0.43886716229347089158 -0.8019210270543098984
v 0.20385619840829474758 0.18238491547649557378 -0.96102848646748251227
v 0.59262361485944281547 0.075630136050963900352 0.80192102705431000942
v 0.63928139927610450055 0.081584563945481067271 0.76463275594589308337
v 0.63281990616496119895 0.12196603992898236157 0.76463275594589308337
v 0.58663371211981796272 0.11306438065404604554 0.80192102705431000942
v 0.3767111123343417356 0.46369322208976027078 -0.8019210270543098984
v 0.37198696295428040903 0.40273360112692019319 -0.83632012167315072926
v 0.028426866418373619022 0.59675336583365212739 -0.8019210270543098984
v 0.066218071468801029122 0.59374896494993023577 -0.8019210270543098984
v 0.060766092051509949801 0.54486341053643327914 -0.83632012167315072926
v -0.055929638483836800755 0.14639554276439745162 -0.98722210451305225654
v 0.59262361485944281547 -0.075630136050963761574 0.80192102705431000942
v 0.63928139927610450055 -0.081584563945480914615 0.76463275594589308337
v 0.34569508928873965425 0.42551563934391034572 -0.83632012167315072926
v 0.31801122350956073648 0.44658427626435598379 -0.83632012167315072926
v 0.10374263971667911644 0.58835374654435212971 0.80192102705431000942
v 0.1119103900346684749 0.63467536042994199263 0.76463275594589308337
v 0.10374263971667915807 0.58835374654435235175 -0.8019210270543098984
v 0.066218071468801015245 0.59374896494993001372 0.80192102705431000942
v 0.028426866418373608614 0.59675336583365190535 0.80192102705431000942
v 0.3465434293254618936 0.48665215293832758681 -0.8019210270543098984
v 0.28904683877338854803 0.46585467592342266752 -0.83632012167315072926
v 0.14084947296973646114 0.58058943525722905843 -0.8019210270543098984
v 0.17738915510708846979 0.57048729522974839234 -0.8019210270543098984
v 0.21321455372522118976 0.55808800421431337124 -0.8019210270543098984
v 0.31498033823703242007 0.50765150732785713217 -0.8019210270543098984
v 0.25891856443475663729 0.48324924322305073954 -0.83632012167315072926
v 0.28214893249687017507 0.52660672826981369532 -0.8019210270543098984
v 0.24818141258825054951 0.54344148977959094715 -0.8019210270543098984
v 0.26772095599222328621 -0.58622712173457025564 -0.76463275594589286133
v 0.23000112522316171204 -0.60202676928079212892 -0.76463275594589286133
v 0.49184139638979007536 -0.33860804297084229342 -0.8019210270543098984
v 0.56316643188162540667 -0.31333738770901137238 -0.76463275594589286133
v 0.15193867728128102046 -0.62629975800777970552 -0.76463275594589286133
v 0.1119103900346682251 -0.63467536042994221468 -0.76463275594589286133
v 0.64316873182274947318 0.040874575717734805413 -0.76463275594589286133
v 0.64446625088874021081 0 -0.76463275594589286133
v 0.071431479145461204694 -0.64049534918036687969 -0.76463275594589286133
v -0.1954002301503515171 -0.56457188773915267799 -0.8019210270543098984
v 0.030664938901030877605 -0.64373628921848480289 -0.76463275594589286133
v -0.13199098552498803039 -0.63080514287276623353 -0.76463275594589286133
v 0.64316873182274947318 -0.040874575717734812352 -0.76463275594589286133
v -0.010225078229354799333 -0.64438513042263179109 -0.76463275594589286133
v -0.4220356420599666869 0.48705509479485004087 -0.76463275594589286133
v -0.41908217824893273518 0.42578491547058189282 -0.8019210270543098984
v -0.45207689097269299072 0.45930734065879302852 -0.76463275594589286133
v -0.39123348196946683419 0.45150750708510667408 -0.8019210270543098984
v -0.44524337850903339397 0.39834783827958997193 -0.8019210270543098984
v -0.48029778580319382186 0.42971011797156694056 -0.76463275594589286133
v -0.3342429029292342535 0.20011228641501777048 -0.92099769525617836141
v 0.26758879823236841888 -0.069429700118730161562 -0.96102848646748240125
v -0.50658469096837599466 0.39838260430277783186 -0.76463275594589286133
v -0.28618594497090582562 0.5774377485371893215 -0.76463275594589286133
v -0.29871502572190816727 0.51738960153458879443 -0.8019210270543098984
v -0.32223312544437027194 0.55812414515136454796 -0.76463275594589286133
v -0.53083175837893836757 0.36545094449311932294 -0.76463275594589286133
v -0.55294135365227037315 0.33104774271362052973 -0.76463275594589286133
v -0.60560018030570905712 0.22042043949752340715 -0.76463275594589286133
v -0.56140061077749958685 0.20433311182187571808 -0.8019210270543098984
v -0.5728244492516497699 0.29531152851545211524 -0.76463275594589286133
v -0.59040098296871290628 0.25838619902031556563 -0.76463275594589286133
v -0.53083175837893847859 -0.36545094449311921192 -0.76463275594589286133
v -0.49208914241669160505 -0.33877860363925843545 -0.8019210270543098984
v 0.49368979027104054058 0.41425492093241883529 -0.76463275594589286133
v 0.51896950382325168771 0.38210915016005125855 -0.76463275594589286133
v -0.55294135365227037315 -0.33104774271362058524 -0.76463275594589286133
v 0.46642216217814325141 0.44473263334688467596 -0.76463275594589286133
v -0.62863157775924116688 -0.14198270309624266838 -0.76463275594589286133
v -0.63637103856701993099 -0.10182656729813222007 -0.76463275594589286133
v -0.13199098552498814141 0.63080514287276623353 -0.76463275594589286133
v -0.12235765823822347675 0.58476599579542831719 -0.8019210270543098984
v -0.61836083945942410534 -0.18156712466089519609 -0.76463275594589286133
v -0.091717110267821519431 0.63790651369829176609 -0.76463275594589286133
v 0.43727641665895022882 0.47341956441247423637 -0.76463275594589286133
v -0.16268605877297923068 -0.14555104681725827831 -0.97588326097505895262
v -0.18729182648188205662 -0.11213221072361655162 -0.97588326097505895262
v -0.051073922578588920596 0.64243926013828345223 -0.76463275594589286133
v -0.047346305801871386987 0.59555100007898276182 -0.8019210270543098984
v -0.085023161150827170074 0.59134907494311783616 -0.8019210270543098984
v -0.0094788035900350859492 0.59735485153354395127 -0.8019210270543098984
v 0.40636991334385819119 0.50020020198266001987 -0.76463275594589286133
v 0.37382710181345907285 0.52496670988200611063 -0.76463275594589286133
v -0.082624455691787848655 -0.13316523091201765139 -0.98722210451305225654
v -0.062581073435932679794 -0.077030962541898312379 -0.99500416527802570954
v -0.023288527236101277257 -0.095996616749044139105 -0.99500416527802570954
v -0.6612639000147635393 0.19416459986808179417 0.72458965124774754596
v -0.67638546154706236102 0.13036261250120576016 0.72458965124774754596
v 0.39976394283390703777 -0.561389906673210759 -0.72458965124774743494
v 0.37382710181345896183 -0.52496670988200611063 -0.76463275594589286133
v 0.40636991334385835772 -0.50020020198265990885 -0.76463275594589286133
v 0.33977902048400338009 -0.54761936212438633298 -0.76463275594589286133
v 0.19135516110029093806 0.61540226750871684924 -0.76463275594589286133
v 0.36335354034525940703 -0.58561424335754796999 -0.72458965124774743494
v 0.32548004139300940052 -0.6074805181727825909 -0.72458965124774743494
v 0.30436276896194680575 -0.56806694447433325745 -0.76463275594589286133
v 0.095770401552768030795 -0.021630699077421124826 0.99500416527802593158
v 0.23000112522316185082 0.6020267692807920179 -0.76463275594589286133
v 0.26772095599222300866 0.58622712173457036666 -0.76463275594589286133
v 0.30436276896194669472 0.56806694447433336848 -0.76463275594589286133
v 0.28629594919022222088 -0.6269006833477989149 -0.72458965124774743494
v 0.071431479145461329594 0.64049534918036665765 0.76463275594589308337
v 0.11967494744846977894 0.67871035372821120202 0.72458965124774754596
v 0.64316873182274925114 -0.040874575717734798475 0.76463275594589308337
v -0.18364857079534702144 0.66426127370899312741 0.72458965124774754596
v 0.54215951035061904495 -0.34842476070303274316 -0.76463275594589286133
v 0.57977557660015743846 -0.37259913859618970511 -0.72458965124774743494
v 0.030664938901030735358 0.64373628921848458084 0.76463275594589308337
v -0.098080619217096279283 0.6821656906050453939 0.72458965124774754596
v 0.13637595407662989055 -0.081648716377029001423 0.98722210451305225654
v 0.17343403667133697188 -0.12769677577024243775 0.97588326097505895262
v 0.20739393347765339159 -0.068114736330339042958 0.97588326097505895262
v 0.60223999862119137472 -0.33507733639477177423 -0.72458965124774743494
v -0.21078426410499490062 -0.60902113472383234694 -0.76463275594589286133
v -0.48344285238452294751 0.49117496453197201367 -0.72458965124774743494
v -0.45131728402752607776 0.52084791104763483727 -0.72458965124774743494
v 0.11967494744846947363 -0.67871035372821120202 -0.72458965124774743494
v -0.22540888046154650137 -0.65127618865865177789 -0.72458965124774743494
v -0.17173337966884127948 -0.62116374237563665162 -0.76463275594589286133
v 0.076387532116109088665 -0.68493414445614986263 -0.72458965124774743494
v 0.032792531152420596741 -0.68839994712760188555 -0.72458965124774743494
v -0.51362176700310946398 0.45952422979128215719 -0.72458965124774743494
v 0.046681586998609816974 0.15012897653067924786 -0.98722210451305225654
v -0.0015627702500891770161 0.098485888208978827896 -0.99500416527802570954
v -0.002528246009781403604 0.15933023671900506391 -0.98722210451305225654
v -0.14114877315217344567 -0.67457161305698587483 -0.72458965124774743494
v -0.091717110267821519431 -0.63790651369829176609 -0.76463275594589286133
v -0.010934513760299153368 -0.689093806178442847 -0.72458965124774743494
v -0.43321065264549257767 -0.097844940739282321163 0.89596590225643779615
v -0.098080619217096279283 -0.6821656906050453939 -0.72458965124774743494
v -0.054617529245375287528 -0.68701292768316823967 -0.72458965124774743494
v -0.54173250804557671056 -0.42602315316343625229 -0.72458965124774743494
v -0.50658469096837588364 -0.39838260430277788737 -0.76463275594589286133
v -0.54173250804557682159 0.42602315316343619678 -0.72458965124774743494
v -0.30604207450509107735 0.6175014865871075731 -0.72458965124774743494
v -0.5676618834792575008 0.39080663166001849973 -0.72458965124774743494
v -0.56766188347925761182 -0.39080663166001838871 -0.72458965124774743494
v 0.18363980966044238241 0.11801813952338621738 -0.97588326097505895262
v -0.24898639470458974743 0.59442621391270999975 -0.76463275594589286133
v -0.26626154812278679529 0.63566864426045466274 -0.72458965124774743494
v -0.59130548486089207216 0.35401646978367118379 -0.72458965124774743494
v -0.67224724182875261747 0.1518337352445175148 -0.72458965124774743494
v -0.61836083945942410534 0.18156712466089508506 -0.76463275594589286133
v -0.6612639000147635393 0.19416459986808179417 -0.72458965124774743494
v -0.61256810775257786172 0.31580080853141223596 -0.72458965124774743494
v -0.64761788186438806747 0.23571363217716323479 -0.72458965124774743494
v -0.63136413507644073562 0.27631352888312465943 -0.72458965124774743494
v -0.59130548486089196114 -0.3540164697836712393 -0.72458965124774743494
v -0.22540888046154633484 0.65127618865865177789 -0.72458965124774743494
v 0.49878342600878133872 0.47558903608431740695 -0.72458965124774743494
v -0.18364857079534702144 0.66426127370899312741 -0.72458965124774743494
v -0.17173337966884152928 0.62116374237563654059 -0.76463275594589286133
v -0.21078426410499476185 0.60902113472383245796 -0.76463275594589286133
v -0.68605989202412920314 -0.065510776674588377944 -0.72458965124774743494
v -0.64154805780568213702 -0.06126041185256431848 -0.76463275594589286133
v -0.68883358173826869653 -0.021866274815234777035 -0.72458965124774743494
v -0.67224724182875261747 -0.15183373524451732051 -0.72458965124774743494
v -0.6805236812653722156 -0.10889148975789414431 -0.72458965124774743494
v 0.4676154927876089995 0.50626632142546201809 -0.72458965124774743494
v -0.14114877315217358444 0.67457161305698587483 -0.72458965124774743494
v 0.3390541126359860602 -0.18864464202952968552 0.92099769525617836141
v -0.098080619217096279283 0.6821656906050453939 -0.72458965124774743494
v 0.43456463701895536866 0.53490505097376961352 -0.72458965124774743494
v -0.054617529245375114055 0.68701292768316823967 -0.72458965124774743494
v 0.52934766332533955691 -0.504731977501497453 -0.68193598102712749132
v 0.56029399560936743452 -0.47014248506666506122 -0.68193598102712749132
v 0.4987834260087812277 -0.47558903608431740695 -0.72458965124774743494
v 0.52794293441591821914 -0.44299672155104824478 -0.72458965124774743494
v 0.55497660296033179961 -0.40862061557302498116 -0.72458965124774743494
v 0.26882968505426635408 0.35323808306170279003 0.89596590225643779615
v -0.15131789189960820341 0.049697588236905378134 -0.98722210451305225654
v 0.39976394283390714879 0.56138990667321064798 -0.72458965124774743494
v 0.33977902048400338009 0.54761936212438633298 -0.76463275594589286133
v 0.36335354034525940703 0.58561424335754796999 -0.72458965124774743494
v 0.24595904424641695796 0.64379654073166359129 -0.72458965124774743494
v 0.28629594919022199884 0.62690068334779902592 -0.72458965124774743494
v -0.30604207450509091082 -0.61750148658710768412 -0.72458965124774743494
v -0.32479558977097455763 -0.65534047841247689004 -0.68193598102712749132
v 0.3254800413930092895 0.60748051817278270192 -0.72458965124774743494
v -0.70178454628132225235 0.20606253512292752039 0.68193598102712760234
v -0.26626154812278679529 -0.63566864426045466274 -0.72458965124774743494
v -0.28257740931773311921 -0.67462087539880311038 -0.68193598102712749132
v 0.1231867826725493581 0.096875156655363905966 -0.98722210451305225654
v 0.66041118426306644196 -0.31435709866459721207 -0.68193598102712749132
v 0.68779301151163652062 -0.043710532145255089065 0.72458965124774754596
v 0.73141186603757601947 0 0.68193598102712760234
v 0.19880739385004481123 -0.087007116037898221683 -0.97588326097505895262
v 0.67901932225673322652 -0.27183833023062786705 -0.68193598102712749132
v 0.62227941272463249689 -0.29620629602315001749 -0.72458965124774743494
v 0.63981312726267303148 -0.25614253744160897508 -0.72458965124774743494
v 0.07638753211610924132 0.68493414445614986263 0.72458965124774754596
v 0.12700833766139410508 0.72030007631893133713 0.68193598102712760234
v 0.65477054015528302067 -0.21504738326570366214 -0.72458965124774743494
v 0.69489328909531056233 -0.22822496478446510637 -0.68193598102712749132
v 0.70796916591695746579 -0.183692617955694526 -0.68193598102712749132
v -0.23922138937110504209 -0.69118481222313277179 -0.68193598102712749132
v -0.18364857079534677164 -0.66426127370899323843 -0.72458965124774743494
v -0.1949021093211776301 -0.70496559175801265518 -0.68193598102712749132
v 0.71819430078076251789 -0.1384206057875805862 -0.68193598102712749132
v 0.66709142317986980242 -0.17308630917702128027 -0.72458965124774743494
v 0.6767261644890724126 -0.13042827761101669082 -0.72458965124774743494
v -0.14979802726649946165 -0.71590772366809551919 -0.68193598102712749132
v 0.032792531152420457963 0.68839994712760188555 0.72458965124774754596
v 0.081068374617844399244 0.72690524583152504867 0.68193598102712760234
v 0.081068374617844246588 -0.72690524583152515969 -0.68193598102712749132
v 0.034801977842286287157 -0.73058342447583235479 -0.68193598102712749132
v 0.040642024669876729293 -0.088993620448521576494 0.99500416527802593158
v 0.004750265227285979143 -0.099720339247565847884 0.99500416527802582056
v 0.012554447696996890588 -0.15791757677301751506 0.98722210451305225654
v -0.57492856083043386572 0.45212881761950912685 -0.68193598102712749132
v -0.14114877315217358444 0.67457161305698587483 0.72458965124774754596
v -0.14979802726649960043 0.71590772366809540816 0.68193598102712760234
v -0.011604554214901330669 -0.7313198015246425987 -0.68193598102712749132
v -0.60244682543504546324 0.41475431318288313864 -0.68193598102712749132
v -0.05796435882802129097 -0.72911141184747996213 -0.68193598102712749132
v -0.010934513760299441332 0.689093806178442847 0.72458965124774754596
v 0.034801977842286134501 0.73058342447583224377 0.68193598102712760234
v -0.60244682543504557426 -0.41475431318288297211 -0.68193598102712749132
v -0.5749285608304337547 -0.45212881761950923787 -0.68193598102712749132
v -0.054617529245375114055 0.68701292768316823967 0.72458965124774754596
v -0.011604554214901635981 0.73131980152464248768 0.68193598102712760234
v 0.19364175659237919946 0.33539736088488630861 0.92099769525617836141
v -0.057964358828021096681 0.72911141184747996213 0.68193598102712760234
v -0.62753924930348337075 0.37570973951201980245 -0.68193598102712749132
v -0.62753924930348325972 -0.37570973951201985797 -0.68193598102712749132
v 0.19351258794689088494 0.27175040579568310317 0.9427113000574345314
v 0.26543816309766299355 0.068871687401255529681 -0.96102848646748251227
v -0.70178454628132236337 0.20606253512292754815 -0.68193598102712749132
v -0.71344092061449082554 0.16113773789313640128 -0.68193598102712749132
v -0.65010479410104371478 0.33515231532455325159 -0.68193598102712749132
v 0.015873786724358161099 -0.33323179265948082994 0.9427113000574345314
v -0.72222452016487193038 0.11556409586540980494 -0.68193598102712749132
v -0.68730233327076162286 0.25015759125226671999 -0.68193598102712749132
v -0.67005259634319536133 0.29324535105319576855 -0.68193598102712749132
v -0.23922138937110487555 0.69118481222313288281 -0.68193598102712749132
v -0.32941915118022901954 -0.052710791871485376814 0.9427113000574345314
v -0.73104363116259074573 -0.023206187045337930974 -0.68193598102712749132
v -0.71344092061449082554 -0.16113773789313623475 -0.68193598102712749132
v -0.72222452016487193038 -0.1155640958654099576 -0.68193598102712749132
v -0.70178454628132236337 -0.20606253512292768693 -0.68193598102712749132
v -0.6612639000147635393 -0.19416459986808190519 -0.72458965124774743494
v 0.1469234924383994445 0.15906747572530632873 0.97588326097505895262
v -0.72809997647719326697 -0.069525118011260864104 -0.68193598102712749132
v 0.46119370286726113495 0.56768273376610078884 -0.68193598102712749132
v 0.1547470782766974251 0.024761283630716248577 0.98722210451305225654
v 0.59062641882631694568 -0.49559441020072064754 -0.63682541874692766282
v 0.55800475670615445889 -0.53205646084894553383 -0.63682541874692766282
v -0.10409076142629940243 0.72396714785013716043 -0.68193598102712749132
v -0.051699496222319028804 -0.14937588433206547278 0.98722210451305225654
v -0.05796435882802110362 0.72911141184748007316 -0.68193598102712749132
v 0.42426050663745962233 0.59579051711847119677 -0.68193598102712749132
v -0.46692993328729359703 -0.61353877093312014779 -0.63682541874692766282
v -0.40514370754796519281 -0.60895147098505153505 -0.68193598102712749132
v -0.42707681855277551675 -0.64191804546424768851 -0.63682541874692766282
v -0.442950111359793397 -0.58202965270415196741 -0.68193598102712749132
v -0.5450952618288109619 -0.48768275888363027404 0.68193598102712760234
v -0.60605324994592923993 -0.47660554368133067893 0.63682541874692788486
v -0.57460487696820439218 -0.51408425515877709255 0.63682541874692788486
v -0.50490288598047450286 -0.58268899231613091594 -0.63682541874692766282
v -0.36570593301878778769 -0.63342125661792170188 -0.68193598102712749132
v -0.38550401620404661784 -0.6677125425872650899 -0.63682541874692766282
v 0.38561896308753118578 0.62149926233895602667 -0.68193598102712749132
v -0.54084277295413918374 -0.54949293078353378394 0.63682541874692788486
v 0.69616361369341916987 0.33137532950888187733 -0.63682541874692766282
v 0.67374488883561334251 0.37486158886405962498 -0.63682541874692766282
v 0.26103081729761090646 0.68324682963151062154 -0.68193598102712749132
v 0.34542466807505950444 0.64470544938429374948 -0.68193598102712749132
v -0.091934594275023609478 0.033461455815448605533 -0.99500416527802570954
v 0.30383946983973370015 0.66531563512973201924 -0.68193598102712749132
v 0.64861323110452673291 0.41683841290594370044 -0.63682541874692766282
v 0.6391438035183848454 0.35561006201262279625 -0.68193598102712749132
v 0.6153028162587576011 0.39543110915127915872 -0.68193598102712749132
v 0.7710080324080937908 0 -0.63682541874692766282
v 0.76945574379608050464 0.048900351502016825567 -0.63682541874692766282
v 0.19353848591659433831 0.099776024185530429178 0.97588326097505895262
v 0.69616361369341905885 -0.33137532950888209937 -0.63682541874692766282
v 0.71577913338549126188 -0.28655473865862929328 -0.63682541874692766282
v -0.25217202686108802778 -0.72860322186123416266 -0.63682541874692766282
v -0.60605324994592946197 -0.47660554368133084546 -0.63682541874692766282
v -0.10972588343956168888 -0.76316028233996002772 0.63682541874692788486
v 0.73251246313720475012 -0.24058029301350827844 -0.63682541874692766282
v 0.18177203298975036505 -0.74927452516455761433 -0.63682541874692766282
v 0.1338841397942307776 -0.75929468795017862615 -0.63682541874692766282
v 0.12700833766139379977 -0.72030007631893155917 -0.68193598102712749132
v 0.034801977842286280218 -0.73058342447583224377 0.68193598102712760234
v -0.20545345078143456563 -0.74313004622327094584 -0.63682541874692766282
v -0.10409076142629938855 -0.7239671478501370494 0.68193598102712760234
v -0.60605324994592957299 0.47660554368133073444 -0.63682541874692766282
v -0.63506126038884036511 0.43720770989443646926 -0.63682541874692766282
v -0.73104363116259063471 0.023206187045337781788 0.68193598102712760234
v -0.7706198625415522363 0.024462491578719984531 0.63682541874692788486
v 0.085457142421333356919 -0.76625743901575282813 -0.63682541874692766282
v 0.74629622373557413795 -0.19363711543973718965 -0.63682541874692766282
v -0.72222452016487181936 0.11556409586540979106 0.68193598102712760234
v -0.75206420073876367738 0.16986119040252961598 0.63682541874692788486
v -0.76132331468162128818 0.12182034542714458014 0.63682541874692788486
v 0.036686039297471155496 -0.77013474182019903136 -0.63682541874692766282
v 0.75707491284156236411 -0.1459142295451028859 -0.63682541874692766282
v 0.76480512847841042312 -0.097603798547609213476 -0.63682541874692766282
v -0.15790758616900013589 -0.75466454817228556529 -0.63682541874692766282
v -0.66151210327707998804 -0.39604939496953400768 -0.63682541874692766282
v -0.38550401620404706193 0.66771254258726497888 -0.63682541874692766282
v -0.32479558977097466865 0.65534047841247677901 -0.68193598102712749132
v -0.012232785558532988449 -0.77091098383359357715 -0.63682541874692766282
v -0.061102353304579047621 -0.76858303940331818005 -0.63682541874692766282
v -0.66151210327708009906 0.39604939496953395217 -0.63682541874692766282
v -0.10972588343956171664 -0.76316028233996024976 -0.63682541874692766282
v -0.10409076142629940243 -0.72396714785013716043 -0.68193598102712749132
v 0.20265627882735096077 0.081131335503219409455 -0.97588326097505895262
v 0.19710259886848152666 0.093821247422827575013 -0.97588326097505895262
v -0.68529927040199778432 -0.35329632891425527541 -0.63682541874692766282
v -0.68529927040199778432 0.35329632891425544194 -0.63682541874692766282
v -0.19490210932117790765 0.70496559175801243313 0.68193598102712760234
v -0.20545345078143481543 0.74313004622327061277 0.63682541874692788486
v -0.72451055862054813961 0.26370027774945820065 -0.63682541874692766282
v -0.34237892524330515442 0.69081839696626456959 -0.63682541874692766282
v -0.29787519519111682609 0.71114256948072951392 -0.63682541874692766282
v -0.28257740931773311921 0.67462087539880311038 -0.68193598102712749132
v -0.73977678969590465741 0.21721806431561213602 -0.63682541874692766282
v -0.75206420073876389942 0.16986119040252967149 -0.63682541874692766282
v -0.70632697923711396104 -0.30912066323617687358 -0.63682541874692766282
v -0.67005259634319536133 -0.29324535105319587958 -0.68193598102712749132
v -0.65010479410104371478 -0.33515231532455308505 -0.68193598102712749132
v -0.012232785558533309372 0.77091098383359335511 0.63682541874692788486
v -0.76132331468162151022 0.1218203454271446079 -0.63682541874692766282
v -0.76751684834057620765 0.073288972916456252005 -0.63682541874692766282
v -0.68730233327076173389 -0.25015759125226655346 -0.68193598102712749132
v -0.72451055862054825063 -0.26370027774945803412 -0.63682541874692766282
v -0.10409076142629938855 0.7239671478501370494 0.68193598102712760234
v -0.10972588343956168888 0.76316028233996002772 0.63682541874692788486
v 0.12813263600203977921 0.3059018457121500667 0.9427113000574345314
v 0.10375741327762490196 0.37529304585414036133 0.92099769525617836141
v 0.057930709380619220539 0.32854137890786277998 0.9427113000574345314
v -0.77061986254155245835 0.02446249157871999147 -0.63682541874692766282
v -0.72809997647719326697 0.069525118011260725326 -0.68193598102712749132
v -0.73104363116259074573 0.023206187045337785257 -0.68193598102712749132
v -0.15790758616900024691 0.75466454817228534324 0.63682541874692788486
v -0.73977678969590465741 -0.21721806431561227479 -0.63682541874692766282
v -0.21166587693747448973 -0.17760875927105035377 0.96102848646748251227
v -0.75206420073876389942 -0.16986119040252947721 -0.63682541874692766282
v -0.76132331468162151022 -0.12182034542714476055 -0.63682541874692766282
v 0.48616117117851348484 0.59841515829408620242 -0.63682541874692766282
v 0.54057048154059628153 0.54921628438214498136 -0.63682541874692766282
v 0.49626983483105979733 0.53728909240493794019 -0.68193598102712749132
v 0.61883092182939714032 -0.51926079826814364182 -0.58942048960797821522
v 0.58465145982439037375 -0.55746404095286761216 -0.58942048960797821522
v -0.25217202686108786125 0.72860322186123427368 -0.63682541874692766282
v -0.19490210932117793541 0.70496559175801254415 -0.68193598102712749132
v -0.070667167439715225519 0.14258523445670306939 0.98722210451305225654
v 0.44722853653320909784 0.62804460203727907608 -0.63682541874692766282
v -0.20545345078143487094 0.74313004622327083482 -0.63682541874692766282
v -0.15790758616900030242 0.75466454817228556529 -0.63682541874692766282
v -0.14979802726649960043 0.71590772366809551919 -0.68193598102712749132
v -0.10972588343956171664 0.76316028233996024976 -0.63682541874692766282
v 0.40649507041781063332 0.65514513183249667438 -0.63682541874692766282
v -0.061102353304578853332 0.76858303940331829107 -0.63682541874692766282
v -0.012232785558533312842 0.77091098383359357715 -0.63682541874692766282
v 0.32028831180736705431 0.70133357495373527257 0.63682541874692788486
v 0.36412479212374182502 0.67960762341121661034 -0.63682541874692766282
v -0.011604554214901637715 0.7313198015246425987 -0.68193598102712749132
v 0.70591859311764604268 0.39276255717811808799 -0.58942048960797821522
v 0.32028831180736716533 0.70133357495373549462 -0.63682541874692766282
v 0.2751621435031080809 0.72023550372123079644 -0.63682541874692766282
v 0.22892799436372596178 0.73623729831787387834 -0.63682541874692766282
v 0.2171710857834310282 0.69842683029807417494 -0.68193598102712749132
v 0.27516214350310802539 0.72023550372123057439 0.63682541874692788486
v 0.23986011676582180696 0.77139523644846130779 0.58942048960797821522
v 0.27468983623681841877 0.0087197308716407823104 0.96102848646748251227
v 0.26511767495964261299 0.077845573114373706192 0.96102848646748251227
v 0.80132728166249223012 0.10226472555916861495 -0.58942048960797821522
v 0.8061999803301655998 0.051235516450328907889 -0.58942048960797821522
v 0.67958680973461627062 0.43674392321475713485 -0.58942048960797821522
v 0.049390550533704044578 0.085546942938173525794 -0.99500416527802570954
v 0.28830211024924423668 -0.7546292994948736732 -0.58942048960797821522
v 0.23986011676582175145 -0.77139523644846130779 -0.58942048960797821522
v 0.22892799436372590627 -0.73623729831787387834 -0.63682541874692766282
v 0.27516214350310791437 -0.72023550372123090746 -0.63682541874692766282
v 0.22892799436372590627 0.73623729831787365629 0.63682541874692788486
v 0.19045229124931681297 0.78505503704401302656 0.58942048960797821522
v 0.80782639622030871784 0 -0.58942048960797821522
v 0.1904522912493169795 -0.78505503704401302656 -0.58942048960797821522
v 0.74996012169487091814 -0.30023874216647244983 -0.58942048960797821522
v -0.63499443876388683705 -0.49936514612979104877 -0.58942048960797821522
v -0.66538768442752549426 -0.45808592626544086812 -0.58942048960797821522
v -0.63506126038884047613 -0.43720770989443630272 -0.63682541874692766282
v 0.1402775815748999455 -0.79555369808567200085 -0.58942048960797821522
v 0.089538023589579782135 -0.8028489451708602509 -0.58942048960797821522
v -0.69310164873041135714 -0.41496215605459330078 -0.58942048960797821522
v -0.3423789252433050434 0.69081839696626434755 0.63682541874692788486
v -0.31209979058596232226 0.74510214544483066579 0.58942048960797821522
v -0.35872873134308241871 0.72380742172160250636 0.58942048960797821522
v -0.29787519519111671507 0.71114256948072929188 0.63682541874692788486
v -0.35872873134308241871 0.72380742172160250636 -0.58942048960797821522
v 0.76945574379608050464 -0.048900351502016832506 -0.63682541874692766282
v 0.8061999803301655998 -0.051235516450328914828 -0.58942048960797821522
v 0.76749252719766858366 -0.25206885393881417468 -0.58942048960797821522
v -0.21526458060030265185 -0.77861713747468142 -0.58942048960797821522
v -0.26421413412582905877 -0.76339660580751178554 -0.58942048960797821522
v -0.69310164873041146816 0.41496215605459318976 -0.58942048960797821522
v -0.7706198625415522363 -0.024462491578720140656 0.63682541874692788486
v -0.80741968986806744724 -0.025630662177261769735 0.58942048960797821522
v -0.76751684834057598561 -0.073288972916456390783 0.63682541874692788486
v -0.16544823258499186114 -0.79070245273730721536 -0.58942048960797821522
v -0.37689201821213619281 0.097789967197686233913 0.92099769525617836141
v 0.78193451117514611859 -0.20288397340247565914 -0.58942048960797821522
v 0.80132728166249223012 -0.10226472555916843454 -0.58942048960797821522
v 0.79322792085503501802 -0.1528821507118788281 -0.58942048960797821522
v -0.71802473731976801385 0.37016747969962104925 -0.58942048960797821522
v -0.70632697923711396104 0.30912066323617676256 -0.63682541874692766282
v -0.7400565937142948858 0.32388226955220356107 -0.58942048960797821522
v -0.11496568293098406721 -0.79960388829626360963 -0.58942048960797821522
v -0.31209979058596232226 0.74510214544483066579 -0.58942048960797821522
v -0.26421413412582889224 0.76339660580751189656 0.58942048960797821522
v -0.25217202686108780574 0.72860322186123405164 0.63682541874692788486
v -0.78797792950558209757 0.17797266375032744223 -0.58942048960797821522
v -0.012816944387234380232 -0.80772471323271133326 0.58942048960797821522
v -0.76751684834057598561 0.073288972916456238127 0.63682541874692788486
v -0.80416849575071713829 0.076788780901379305455 0.58942048960797821522
v -0.80741968986806744724 0.025630662177261606671 0.58942048960797821522
v -0.79767919892723815334 0.12763769830692922591 -0.58942048960797821522
v -0.80416849575071713829 0.076788780901379305455 -0.58942048960797821522
v -0.21526458060030295716 0.77861713747468130897 0.58942048960797821522
v -0.26421413412582889224 0.76339660580751189656 -0.58942048960797821522
v -0.80741968986806744724 0.025630662177261606671 -0.58942048960797821522
v -0.061102353304578832516 0.76858303940331806903 0.63682541874692788486
v -0.012816944387234718503 0.80772471323271133326 0.58942048960797821522
v -0.064020207048234425984 0.80528560121226089308 0.58942048960797821522
v -0.78797792950558209757 -0.17797266375032722019 -0.58942048960797821522
v -0.16544823258499202767 0.79070245273730721536 0.58942048960797821522
v -0.79767919892723815334 -0.12763769830692939244 -0.58942048960797821522
v -0.77061986254155245835 -0.024462491578720147595 -0.63682541874692766282
v -0.80741968986806744724 -0.025630662177261769735 -0.58942048960797821522
v -0.16230695126095673331 -0.42769989507767941506 -0.88789167477835717612
v -0.80416849575071713829 -0.07678878090137945811 -0.58942048960797821522
v -0.27631017865708823456 0.0087711668840474172476 0.96102848646748251227
v -0.76751684834057620765 -0.07328897291645640466 -0.63682541874692766282
v 0.50937708867799391665 0.62699160118794439178 -0.58942048960797821522
v 0.46858528286159051301 0.65803595579254969827 -0.58942048960797821522
v -0.11496568293098406721 0.79960388829626360963 0.58942048960797821522
v -0.21526458060030295716 0.77861713747468130897 -0.58942048960797821522
v 0.42590664949535922412 0.68643063185286856687 -0.58942048960797821522
v 0.13580446236973869878 0.16716153749800369277 -0.97588326097505895262
v 0.38151304037270822311 0.71206129403013018742 -0.58942048960797821522
v -0.16544823258499202767 0.79070245273730721536 -0.58942048960797821522
v -0.26476822100766578272 -0.068697861446235436444 0.96102848646748251227
v 0.81475562992870209644 0.21139987708631280405 -0.53989198500012547388
v 0.78193451117514611859 0.20288397340247552036 -0.58942048960797821522
v 0.82652307206903197212 0.15929926512760256285 -0.53989198500012547388
v -0.11496568293098406721 0.79960388829626360963 -0.58942048960797821522
v -0.064020207048234425984 0.80528560121226089308 -0.58942048960797821522
v -0.012816944387234718503 0.80772471323271133326 -0.58942048960797821522
v 0.33558321288912662528 0.73482473669392911475 -0.58942048960797821522
v 0.21494008530180294669 0.013659844387251936226 -0.97588326097505895262
v 0.83496239751430778586 0.10655721125190646681 -0.53989198500012547388
v 0.793227920855034907 0.15288215071187921668 -0.58942048960797821522
v 0.038437927585151729359 0.80691140291437812859 -0.58942048960797821522
v 0.03668603929747100284 0.77013474182019903136 -0.63682541874692766282
v 0.28830211024924440322 0.7546292994948736732 -0.58942048960797821522
v 0.089538023589579976425 0.8028489451708602509 -0.58942048960797821522
v 0.14027758157490030633 0.79555369808567188983 -0.58942048960797821522
v 0.08545714242133353733 0.76625743901575282813 -0.63682541874692766282
v 0.39752676610695736326 -0.7419495365327541947 -0.53989198500012547388
v 0.42590664949535922412 -0.68643063185286856687 -0.58942048960797821522
v 0.19045229124931681297 0.78505503704401302656 -0.58942048960797821522
v 0.18177203298975019852 0.74927452516455761433 -0.63682541874692766282
v 0.13388413979423111067 0.75929468795017851512 -0.63682541874692766282
v 0.23986011676582180696 0.77139523644846130779 -0.58942048960797821522
v 0.70811195994461129111 0.45507592412258596193 -0.53989198500012547388
v 0.73554900032430248213 0.40924847300209160617 -0.53989198500012547388
v 0.34966906832142002903 -0.76566845774907987821 -0.53989198500012547388
v 0.33558321288912690283 -0.73482473669392900373 -0.58942048960797821522
v 0.38151304037270833414 -0.71206129403013007639 -0.58942048960797821522
v 0.84003962407956900282 0.053386089095202676758 -0.53989198500012547388
v 0.67782360262592700195 0.49907094511285043925 -0.53989198500012547388
v 0.1461656285884690154 -0.82894647206678073736 -0.53989198500012547388
v 0.84173430756541245401 0 -0.53989198500012547388
v 0.093296315445474148342 -0.83654793171516650396 -0.53989198500012547388
v 0.018536392926172446521 -0.38912677557589653299 -0.92099769525617836141
v 0.64480588889308498857 0.54105638355112573024 -0.53989198500012547388
v 0.65051857012471503428 0.47896667561865663432 -0.58942048960797821522
v 0.61883092182939725134 0.51926079826814341978 -0.58942048960797821522
v -0.16742040993006168659 -0.21998785088470243498 -0.96102848646748240125
v -0.09654664525440649625 -0.19480229006421265203 -0.97588326097505895262
v -0.22430015105069603387 -0.81129901193780540325 -0.53989198500012547388
v -0.27530432562981982381 -0.79543960978953920371 -0.53989198500012547388
v -0.079786128982688706013 -0.38131013487024623121 -0.92099769525617836141
v 0.79970745442957213989 -0.26264925635226571421 -0.53989198500012547388
v 0.115670683905611138 -0.37199937932423460252 -0.92099769525617836141
v -0.72219407424195247724 -0.43237988350804845705 -0.53989198500012547388
v -0.74816329091314470734 -0.38570498397432911863 -0.53989198500012547388
v -0.71802473731976812488 -0.3701674796996208272 -0.58942048960797821522
v -0.043093131163567784114 0.086949066066253119511 0.99500416527802593158
v -0.0074568285055106320325 0.15653809475924540529 0.98722210451305225654
v 0.84003962407956900282 -0.053386089095202690635 -0.53989198500012547388
v -0.17239279892863243471 -0.82389159930792865705 -0.53989198500012547388
v -0.32519994685657788169 0.77637725307810456776 -0.53989198500012547388
v -0.37378610267463951988 0.75418869918603803626 -0.53989198500012547388
v -0.38780402983647033199 0.037030794960433051355 -0.92099769525617836141
v -0.17299415280264388017 -0.34905052417795207065 -0.92099769525617836141
v -0.82105271624266595865 0.18544293376444603849 -0.53989198500012547388
v -0.11979128185024739972 -0.83316666599504507484 -0.53989198500012547388
v 0.81475562992870209644 -0.21139987708631294283 -0.53989198500012547388
v -0.80416849575071713829 -0.07678878090137945811 0.58942048960797821522
v 0.82652307206903208314 -0.15929926512760217427 -0.53989198500012547388
v 0.83496239751430778586 -0.10655721125190627252 -0.53989198500012547388
v -0.22430015105069633918 0.8112990119378051812 0.5398919850001255849
v -0.013354926082349656211 -0.84162835651013989668 0.5398919850001255849
v -0.82105271624266595865 -0.18544293376444581645 -0.53989198500012547388
v -0.83116118922318515949 -0.13299519563399639366 -0.53989198500012547388
v 0.48825380112644556352 0.68565652495852591475 -0.53989198500012547388
v -0.84131053001693423266 -0.026706490133477603366 -0.53989198500012547388
v -0.83792286944786520397 -0.080011932790554032846 -0.53989198500012547388
v 0.44378376390997698042 0.71524304639927682725 -0.53989198500012547388
v -0.44211182297923012907 -0.042216560444796921714 0.89596590225643779615
v -0.43854416910614063552 -0.070172029590229348384 0.89596590225643779615
v 0.39752676610695719672 0.74194953653275430572 -0.53989198500012547388
v -0.17239279892863260124 0.82389159930792865705 -0.53989198500012547388
v 0.013348202443091674446 0.84120463230352748862 0.5398919850001255849
v -0.0070464370066796420955 0.44406694283555742109 0.89596590225643779615
v 0.34966906832141969597 0.76566845774907998923 -0.53989198500012547388
v -0.11979128185024739972 0.83316666599504507484 -0.53989198500012547388
v 0.46006200565024396587 -0.74147856955080482244 -0.48841834717173260305
v 0.44378376390997698042 -0.71524304639927682725 -0.53989198500012547388
v -0.066707407559437714717 0.83908686457918257862 -0.53989198500012547388
v 0.30040337661127064495 0.78630430232396120172 -0.53989198500012547388
v -0.013354926082350011829 0.84162835651014000771 -0.53989198500012547388
v 0.24992806652900786957 0.80377397699458785763 -0.53989198500012547388
v -0.72219407424195258827 0.43237988350804840154 -0.53989198500012547388
v 0.19844638433338651629 0.81800713754687381929 -0.53989198500012547388
v 0.04005133096853336766 0.84078090809691519159 -0.53989198500012547388
v 0.14616562858846940398 0.82894647206678062634 -0.53989198500012547388
v 0.093296315445474342631 0.83654793171516650396 -0.53989198500012547388
v 0.41210827476762185162 -0.76916466898453361711 -0.48841834717173260305
v 0.78790236754242082284 0.37504316733821557728 -0.48841834717173260305
v 0.76252935745498728881 0.42425994056158200518 -0.48841834717173260305
v 0.36249512931355815093 -0.79375361376813879932 -0.48841834717173260305
v -0.74868456506189962063 0.44823982440665288696 -0.48841834717173260305
v -0.74816329091314459632 0.38570498397432934068 -0.53989198500012547388
v 0.8400396240795688918 -0.053386089095202683696 0.5398919850001255849
v 0.8655892947919825442 -0.11046579057586522477 0.48841834717173288061
v 0.87085275692537544856 -0.055344321312178118566 0.48841834717173288061
v 0.83496239751430767484 -0.10655721125190625864 0.5398919850001255849
v 0.70268655922350486964 0.51737715221360969231 -0.48841834717173260305
v -0.38749679025113298314 0.78185277110917894561 -0.48841834717173260305
v -0.33712846650816025162 0.80485521382164693094 -0.48841834717173260305
v 0.66845773690679133328 0.56090264049608784536 -0.48841834717173260305
v -0.77560634742196365998 -0.39985286291934063474 -0.48841834717173260305
v -0.74868456506189950961 -0.44823982440665294247 -0.48841834717173260305
v -0.17871626518282096585 -0.85411241338897325726 -0.48841834717173260305
v 0.87260960236868401196 0 -0.48841834717173260305
v -0.41127213356723235638 -0.16464852529930446012 0.89596590225643779615
v -0.12418529443681498858 -0.86372769481571809447 -0.48841834717173260305
v 0.63153727121154734636 0.60216957181238028873 -0.48841834717173260305
v -0.83726278218129279729 0.24584253439971262556 -0.48841834717173260305
v -0.85116939847264527774 0.19224508641249629659 -0.48841834717173260305
v 0.84464133143875852472 -0.21915414522977702538 -0.48841834717173260305
v 0.82904118027389761547 -0.27228338097668713935 -0.48841834717173260305
v 0.87085275692537555958 -0.055344321312178125505 -0.48841834717173260305
v -0.066707407559437700839 0.83908686457918246759 0.5398919850001255849
v -0.013844792393087753182 0.87249976496823478112 0.48841834717173288061
v -0.069154273340537600334 0.86986504966274791339 0.48841834717173288061
v -0.17871626518282113238 0.85411241338897314623 0.48841834717173288061
v -0.23252760860572821433 0.84105792272716495273 0.48841834717173288061
v -0.28540264541795062891 0.82461678865668763816 -0.48841834717173260305
v 0.85684041007281053215 -0.16514245308911579269 -0.48841834717173260305
v 0.86558929479198265522 -0.11046579057586523864 -0.48841834717173260305
v 0.040051330968533534194 -0.84078090809691508056 0.5398919850001255849
v 0.041520436646896030641 -0.87162123166354987802 0.48841834717173288061
v -0.2072895194221629489 -0.068080443447516236777 -0.97588326097505895262
v -0.86164865601128370898 -0.13787353531400201034 -0.48841834717173260305
v -0.85116939847264527774 -0.19224508641249607455 -0.48841834717173260305
v -0.87217028041786570647 -0.027686099433729044472 -0.48841834717173260305
v -0.8686583585256887341 -0.082946816150403210322 -0.48841834717173260305
v -0.23252760860572826984 0.84105792272716506375 -0.48841834717173260305
v -0.22430015105069636694 0.81129901193780529223 -0.53989198500012547388
v -0.27530432562981965727 0.79543960978953931473 -0.53989198500012547388
v 0.50616322921213097175 0.71080679761773568615 -0.48841834717173260305
v 0.41210827476762168509 0.76916466898453372814 -0.48841834717173260305
v -0.15418577860919283062 0.034824393811022195944 0.98722210451305225654
v -0.2066495540043320478 0.060677783809569639517 0.97588326097505906365
v -0.21774388747599629501 -0.013838031258901978618 0.97588326097505895262
v -0.17871626518282113238 0.85411241338897325726 -0.48841834717173260305
v -0.58959799590870221042 -0.68043235966161175199 -0.43518502633451550121
v -0.61211372283303022712 -0.62190377749738834368 -0.48841834717173260305
v -0.63156663170231397419 -0.64166781326042898748 -0.43518502633451550121
v 0.36249512931355781786 0.79375361376813891034 -0.48841834717173260305
v 0.31142234391414536088 0.81514639289949175627 -0.48841834717173260305
v -0.12418529443681498858 0.86372769481571809447 -0.48841834717173260305
v 0.25909557065036636914 0.83325686520747843655 -0.48841834717173260305
v -0.069154273340537614212 0.86986504966274802442 -0.48841834717173260305
v -0.013844792393087754917 0.87249976496823489214 -0.48841834717173260305
v 0.85538802061936491938 0.28093651780270922913 -0.43518502633451550121
v 0.81010277288099219462 0.32431622764912709789 -0.48841834717173260305
v 0.83584775265806965372 0.33462296279646058794 -0.43518502633451550121
v 0.20572551096974556195 0.84801210621209288654 -0.48841834717173260305
v 0.47468272715394288497 -0.76504267946038306825 -0.43518502633451550121
v 0.15152706726598674791 0.85935270176557998489 -0.48841834717173260305
v -0.2741207097633297507 0.47479099671692892581 -0.83632012167315072926
v 0.041520436646895857169 0.87162123166354998904 -0.48841834717173260305
v 0.096718477542882000386 0.86723298729223841086 -0.48841834717173260305
v 0.81294182080407628721 0.38696199922212010103 -0.43518502633451550121
v 0.42520503181503577217 -0.79360864018318344471 -0.43518502633451550121
v 0.78676245916045506323 0.43774287625273855529 -0.43518502633451550121
v -0.34784237324083694398 0.83043342673113129671 -0.43518502633451550121
v -0.74158983202760841991 -0.51054726900404689971 -0.43518502633451550121
v -0.77247768074076694766 -0.46248483825050179519 -0.43518502633451550121
v 0.37401518588647597596 -0.81897901901119041224 -0.43518502633451550121
v 0.7574150827767021088 0.48676111721930770404 -0.43518502633451550121
v -0.8782194712339251863 0.19835461476817731197 -0.43518502633451550121
v -0.86387090415907497043 0.25365538393972508757 -0.43518502633451550121
v -0.88903175846020621176 0.14225514157098301249 -0.43518502633451550121
v 0.72501786317954119987 0.53381934296613786639 -0.43518502633451550121
v 0.73408591077506768485 0.47176836874420924328 -0.48841834717173260305
v -0.8002550344747664246 -0.41256014428446347031 -0.43518502633451550121
v 0.68970125253789327235 0.57872806662705422731 -0.43518502633451550121
v 0.65160745837803479841 0.6213064566221284668 -0.43518502633451550121
v -0.18439584904179692759 -0.88125601485061189067 -0.43518502633451550121
v -0.12813188985768500516 -0.89117686889625058466 -0.43518502633451550121
v 0.15152706726598633158 -0.85935270176557998489 0.48841834717173288061
v 0.096718477542881792219 -0.86723298729223829984 0.48841834717173288061
v 0.09979218045042263785 -0.89479355919406189379 0.43518502633451583428
v -0.071351988776468297515 -0.89750926822616694523 -0.43518502633451550121
v -0.29447271106959477249 0.85082302230813544597 -0.43518502633451550121
v -0.014284778419687784237 -0.90022771450324023945 -0.43518502633451550121
v -0.069154273340537822379 -0.86986504966274791339 -0.48841834717173260305
v -0.01384479239308738889 -0.87249976496823489214 -0.48841834717173260305
v 0.042839951698064475394 -0.89932126150377111884 0.43518502633451583428
v -0.89988775896897854611 -0.028565960722800598504 -0.43518502633451550121
v 0.87148394292549768991 -0.22611884060656001205 -0.43518502633451550121
v 0.85538802061936491938 -0.28093651780270922913 -0.43518502633451550121
v -0.8962642285733876113 -0.085582857126748332344 -0.43518502633451550121
v -0.88903175846020621176 -0.14225514157098317902 -0.43518502633451550121
v -0.8782194712339251863 -0.19835461476817706217 -0.43518502633451550121
v 0.90034104252456859108 0 -0.43518502633451550121
v 0.89852836472032582282 -0.05710315794458577926 -0.43518502633451550121
v 0.76252935745498717779 -0.42425994056158206069 0.48841834717173288061
v 0.8840707069782969274 -0.17039066264652319438 -0.43518502633451550121
v -0.23991731122318379898 0.86778665386698872197 -0.43518502633451550121
v 0.89309763032134159566 -0.11397638162633226544 -0.43518502633451550121
v -0.56008522975691077406 0.73594340175106587321 -0.38038381251995684318
v -0.5895979959087020994 0.68043235966161186301 -0.43518502633451550121
v -0.60563401217052947878 0.69893890897202837209 -0.38038381251995684318
v -0.64874412017188831658 0.6591200358926929681 -0.38038381251995684318
v -0.18439584904179709413 0.88125601485061189067 -0.43518502633451550121
v 0.32131931281068015771 0.84105165838318118876 -0.43518502633451550121
v -0.17871626518282096585 -0.85411241338897314623 0.48841834717173288061
v -0.12813188985768500516 0.89117686889625058466 -0.43518502633451550121
v 0.21501406820682139598 0.020531354139700083022 0.97588326097505895262
v 0.26732960026984525781 0.85973767957080482471 -0.43518502633451550121
v -0.39981139694383627248 -0.80669996884098438272 -0.43518502633451550121
v 0.21226344578104028304 0.87496184056185355438 -0.43518502633451550121
v -0.07135198877646807547 0.89750926822616705625 -0.43518502633451550121
v -0.67099217157756796404 -0.60031949704790255051 -0.43518502633451550121
v -0.014284778419688162407 0.90022771450324023945 -0.43518502633451550121
v 0.15634258131313563678 0.88666283903328924065 -0.43518502633451550121
v 0.85858132408647747091 0.34372411190181778595 -0.38038381251995684318
v 0.042839951698064301921 0.89932126150377122986 -0.43518502633451550121
v -0.76175975575279342156 -0.52443324616983111319 -0.38038381251995684318
v -0.70771586280038467631 -0.55655390609979016325 -0.43518502633451550121
v 0.099792180450422859894 0.89479355919406189379 -0.43518502633451550121
v -0.89626422857338750028 -0.085582857126748318466 0.43518502633451583428
v 0.15634258131313522044 -0.88666283903328924065 0.43518502633451583428
v 0.160594821303350066 -0.91077849038244607094 0.3803838125199569542
v -0.79348769898407134349 -0.47506360282992216026 -0.38038381251995684318
v -0.92064102063175556889 0.08791055854049360796 -0.38038381251995684318
v -0.90210547800444562672 0.20374950730530105858 -0.38038381251995684318
v -0.8962642285733876113 0.085582857126748151932 -0.43518502633451550121
v -0.89988775896897854611 0.028565960722800414623 -0.43518502633451550121
v 0.43676985200118267905 -0.81519338291944398733 -0.38038381251995684318
v 0.58315321389102359184 0.7178025385169325423 -0.38038381251995684318
v 0.61088987096407998401 0.66138306480262765152 -0.43518502633451550121
v 0.87865305256317849381 -0.28857749114265757173 -0.38038381251995684318
v 0.21226344578104047733 -0.87496184056185355438 -0.43518502633451550121
v 0.2673296002698452023 -0.85973767957080482471 -0.43518502633451550121
v -0.13161684924301958466 -0.91541529382467845544 -0.38038381251995684318
v 0.38418773335893147136 -0.84125379090338070487 -0.38038381251995684318
v 0.32131931281067993567 -0.84105165838318129978 -0.43518502633451550121
v 0.33005862631110965966 -0.86392676678663304912 -0.38038381251995684318
v -0.84604383385102888138 -0.30793477240623490232 -0.43518502633451550121
v -0.82481004362996390711 -0.36097421622792408291 -0.43518502633451550121
v 0.160594821303350066 -0.91077849038244607094 -0.38038381251995684318
v 0.92482871666746069295 0 -0.38038381251995684318
v -0.88736665543934134526 -0.26055435898710199716 -0.38038381251995684318
v -0.86387090415907497043 -0.25365538393972519859 -0.43518502633451550121
v -0.073292635895815597125 -0.92191992314746384896 -0.38038381251995684318
v -0.014673298972037463958 -0.92471230632562662066 -0.38038381251995684318
v 0.89518675531232727582 -0.23226887067829352085 -0.38038381251995684318
v -0.073666515036228424895 0.26645354709674434757 0.96102848646748251227
v 0.92296673725271716204 -0.058656262222000696283 -0.38038381251995684318
v -0.24644263514043912577 0.89138890657098635018 -0.38038381251995684318
v 0.91738829654241560441 -0.11707633637839542917 -0.38038381251995684318
v 0.43676985200118251251 0.81519338291944409836 -0.38038381251995684318
v 0.3740151858864756429 0.81897901901119052326 -0.43518502633451550121
v 0.38418773335893113829 0.84125379090338070487 -0.38038381251995684318
v 0.065175406645519545767 -0.2686566853190350268 0.96102848646748251227
v 0.46773271793482651404 -0.41846847381739360472 -0.77706217964869850334
v 0.16426846718466445174 0.93161277148085541722 0.32421214459449249068
v 0.10485120804532292726 0.94015568363376722516 0.32421214459449249068
v 0.3300586263111098817 0.8639267667866329381 -0.38038381251995684318
v -0.61948803857273404549 0.71492730774726098719 -0.32421214459449237966
v -0.57289731660244325173 0.75277828736432084167 -0.32421214459449237966
v -0.52399973933873211784 0.7875980945065705896 -0.32421214459449237966
v -0.46647317808154409313 0.16978235190523954801 0.86770610608315523749
v -0.5899256660595626478 0.094394782124553155978 0.80192102705431000942
v -0.58275106775877905108 0.13162013293627755628 0.80192102705431000942
v -0.62349620860933241406 0.16177491387856890448 0.76463275594589308337
v -0.57289731660244302969 -0.75277828736432095269 -0.32421214459449237966
v 0.14575114267096195286 -0.23490605059923150288 0.96102848646748251227
v 0.27460048966726924302 0.88312101449760449512 -0.38038381251995684318
v -0.41068555545106433247 -0.8286407724198906477 -0.38038381251995684318
v -0.13161684924301958466 0.91541529382467845544 -0.38038381251995684318
v -0.10594646218108540181 -0.25293492227343705725 -0.96102848646748251227
v -0.03934284584425356418 -0.27363550332311648017 -0.96102848646748240125
v 0.16059482130335045458 0.91077849038244595992 -0.38038381251995684318
v 0.59682864145432834579 0.018945677791594887907 0.80192102705431000942
v -0.42008008814554098631 -0.84759613309705139628 -0.32421214459449237966
v -0.35730306678550499688 -0.85301973812946163545 -0.38038381251995684318
v -0.3654764619736227127 -0.87253277361981251836 -0.32421214459449237966
v -0.07329263589581537508 0.92191992314746395998 -0.38038381251995684318
v 0.10250635017218355516 0.91913035166246137564 -0.38038381251995684318
v 0.64381749135574461995 0.020437287858867395768 0.76463275594589308337
v -0.014673298972037852536 0.92471230632562662066 -0.38038381251995684318
v 0.044005122147850621317 0.92378119941766245748 -0.38038381251995684318
v 0.83505239164860856071 -0.39748667697763295781 -0.38038381251995684318
v 0.85415441968640382076 -0.40657928209344690318 -0.32421214459449237966
v -0.72696447484345794177 -0.57169118192286094704 -0.38038381251995684318
v -0.92436310460580528581 0.029342904019528447818 -0.38038381251995684318
v -0.94550813708265823987 0.030014130137670302217 -0.32421214459449237966
v -0.8116389244942637804 -0.48593079913011771875 -0.32421214459449237966
v -0.82202054730807949667 -0.423781046032155162 -0.38038381251995684318
v -0.93410178477381278217 0.14946685579023044621 -0.32421214459449237966
v -0.91321184020213330701 0.14612422826970047907 -0.38038381251995684318
v -0.30248184477789141766 -0.87396389442158639582 -0.38038381251995684318
v 0.87822158221812396395 -0.35158688517027331111 -0.32421214459449237966
v 0.85858132408647758194 -0.34372411190181745289 -0.38038381251995684318
v 0.83505239164860867174 0.39748667697763268025 -0.38038381251995684318
v 0.85415441968640393178 0.40657928209344662562 -0.32421214459449237966
v 0.32291703644304253773 -0.083785394424472220409 0.9427113000574345314
v 0.38552986345089002018 -0.036813638400286369246 0.92099769525617847243
v 0.62750498833717649472 0.67937150719230365858 -0.38038381251995684318
v -0.8408244687139238005 -0.43347514128192826677 -0.32421214459449237966
v -0.8472434090151079733 -0.37079207253289653279 -0.38038381251995684318
v -0.037491720168296639726 -0.089507144754462170111 0.99500416527802593158
v -0.86905472054331445175 -0.31631005022629909984 -0.38038381251995684318
v 0.9440798274842733262 0.059998038590480827492 -0.32421214459449237966
v 0.91738829654241560441 0.11707633637839562346 -0.38038381251995684318
v 0.92296673725271716204 0.058656262222000689344 -0.38038381251995684318
v -0.24644263514043876495 -0.8913889065709864612 -0.38038381251995684318
v -0.86662430956182978647 -0.37927403203214682392 -0.32421214459449237966
v 0.66933002166927113574 0.63820488658815155425 -0.38038381251995684318
v -0.90210547800444562672 -0.20374950730530083653 -0.38038381251995684318
v -0.57289731660244314071 0.75277828736432073065 0.32421214459449249068
v -0.58364535798436023573 0.766901048895101356 0.26687239892297098809
v 0.21803663377007043156 -0.89875924557525332936 -0.38038381251995684318
v -0.18941108799166878063 -0.90522461020378508501 -0.38038381251995684318
v -0.19374391303315274815 -0.92593184493246705191 -0.32421214459449237966
v 0.68464110989359505677 0.65280397972217230063 -0.32421214459449237966
v 0.70845989923996399718 0.59446844015614674905 -0.38038381251995684318
v 0.89875245640108647471 -0.29517877195092007137 -0.32421214459449237966
v 0.39297612188136948896 0.8604976774684048868 -0.32421214459449237966
v 0.44676106936961468286 -0.83384113126731662646 -0.32421214459449237966
v 0.48759325260462277329 -0.78585047889991566095 -0.38038381251995684318
v 0.22302427518418543873 -0.91931858350411299607 -0.32421214459449237966
v 0.27460048966726918751 -0.88312101449760449512 -0.38038381251995684318
v 0.28088204314256753902 -0.90332262405936492033 -0.32421214459449237966
v -0.23213796822057772284 -0.23585074791130911098 0.9427113000574345314
v 0.10250635017218334699 -0.91913035166246137564 -0.38038381251995684318
v 0.39297612188136943345 0.86049767746840477578 0.32421214459449249068
v 0.3439426267191203479 0.90026806686600324703 0.26687239892297098809
v 0.33760879824878159416 0.88368930322962102597 0.32421214459449249068
v 0.33760879824878142763 -0.88368930322962124801 -0.32421214459449237966
v 0.1048512080453227191 -0.94015568363376733618 -0.32421214459449237966
v 0.045011750097763404688 -0.94491292067077614636 -0.32421214459449237966
v 0.044005122147850808667 -0.92378119941766245748 -0.38038381251995684318
v -0.015008954280822878538 -0.94586532687737112646 -0.32421214459449237966
v 0.39297612188136982203 -0.86049767746840477578 -0.32421214459449237966
v 0.9440798274842733262 -0.05999803859048084137 -0.32421214459449237966
v 0.33760879824878164968 0.88368930322962113699 -0.32421214459449237966
v 0.36898612631875948864 0.29017389703084728314 -0.8818360041697964613
v 0.91566437165120084796 -0.2375820779984287312 -0.32421214459449237966
v 0.9081158569484206744 -0.17502498544955774618 -0.38038381251995684318
v 0.92888922965471043547 -0.17902872487095089493 -0.32421214459449237966
v 0.10681830597082633827 0.95779380463783625466 0.26687239892297098809
v 0.045856208849276255957 0.96264029149161955967 0.26687239892297098809
v -0.19374391303315291468 0.92593184493246705191 -0.32421214459449237966
v -0.18941108799166894716 0.90522461020378508501 -0.38038381251995684318
v 0.16735028347508718038 0.94909062018013146123 0.26687239892297098809
v -0.65127940163994102463 0.62099365515416571348 -0.43518502633451550121
v -0.16658094156561695232 0.28852665436431079726 0.94271130005743464242
v -0.23307724602494750421 0.2368050483833740727 0.94271130005743464242
v -0.34636895939641093589 0.4864071442051913774 -0.8019210270543098984
v -0.37363889571167929748 0.52470241139334161673 -0.76463275594589286133
v -0.4818659364110253196 -0.83461628430065049056 -0.26687239892297087707
v -0.52399973933873233989 -0.78759809450657047858 -0.32421214459449237966
v -0.47299220006714659537 -0.8192465221000820863 -0.32421214459449237966
v -0.53383042054339679972 0.80237410526235131147 -0.26687239892297087707
v -0.13462761691416277876 0.93635564293779605105 -0.32421214459449237966
v -0.42796114822430691982 -0.86349775813468765406 -0.26687239892297087707
v -0.45437088689331472935 -0.11789295601338918573 -0.88183600416979635028
v 0.94407982748427321518 -0.059998038590480834431 0.32421214459449249068
v -0.074969222897837778374 0.94300906724990418706 -0.32421214459449237966
v 0.1774001368252607902 0.46434395109701470661 0.86770610608315523749
v -0.70771586280038478733 0.55655390609979005223 -0.43518502633451550121
v -0.74359396530396104641 -0.58476875776752257341 -0.32421214459449237966
v 0.72466609300011552985 -0.60806705136307781512 -0.32421214459449237966
v 0.40034868847870486164 0.87664134646186953059 -0.26687239892297087707
v 0.45514268737036056578 0.84948470076063464784 -0.26687239892297087707
v 0.44676106936961457183 0.83384113126731673749 -0.32421214459449237966
v -0.96324667467011182431 0.030577220770866244542 -0.26687239892297087707
v -0.95936802028312695434 0.091608538636593753179 -0.26687239892297087707
v -0.94170090952583174193 0.089921534104246497732 -0.32421214459449237966
v -0.75754442113403586134 -0.59573951749216458307 -0.26687239892297087707
v -0.79380337442103765522 -0.54649366460268544721 -0.26687239892297087707
v -0.77918519678856634769 -0.53642978515645745041 -0.32421214459449237966
v -0.95162632948142655831 0.15227098124989502104 -0.26687239892297087707
v 0.50810398729975125853 0.81890747998976831656 -0.26687239892297087707
v 0.73826144583197794713 -0.61947490691001860785 -0.26687239892297087707
v 0.69748555996806516077 -0.66505113813084570928 -0.26687239892297087707
v 0.68464110989359494575 -0.65280397972217230063 -0.32421214459449237966
v 0.94598440013429385687 0 0.32421214459449249068
v 0.96373187282205141635 0 0.26687239892297098809
v -0.96324667467011182431 -0.030577220770866438831 -0.26687239892297087707
v 0.87822158221812385293 0.35158688517027358866 -0.32421214459449237966
v 0.89469776675351642137 0.35818295445117015463 -0.26687239892297087707
v 0.59649298652503124352 0.7342224474393908018 -0.32421214459449237966
v -0.37233311153990977793 -0.88890223126286938005 -0.26687239892297087707
v -0.30940119108197661202 -0.89395603261821221519 -0.32421214459449237966
v -0.85659905156283766559 0.44160750396109177407 -0.26687239892297087707
v -0.86662430956182978647 0.37927403203214665739 -0.32421214459449237966
v 0.8701790837636970144 -0.41420705555708658974 -0.26687239892297087707
v 0.82664787877508694169 -0.45993452774725362975 -0.32421214459449237966
v 0.65390114592734316368 -0.70794944314407526331 -0.26687239892297087707
v 0.64185931867734657974 -0.69491229685802258231 -0.32421214459449237966
v 0.81074284271356134024 -0.52103278753052784111 -0.26687239892297087707
v 0.3439426267191203479 0.90026806686600324703 -0.26687239892297087707
v 0.65390114592734305266 0.70794944314407537433 -0.26687239892297087707
v 0.64185931867734646872 0.69491229685802269334 -0.32421214459449237966
v -0.88288291938912899504 -0.38638953575896367587 -0.26687239892297087707
v -0.88893456018478012037 -0.32354572011777793517 -0.32421214459449237966
v -0.90561172930706523854 0.32961571327011329746 -0.26687239892297087707
v -0.88893456018478000935 0.3235457201177781017 -0.32421214459449237966
v -0.94005277532148778796 0.21232028236479694172 -0.26687239892297087707
v -0.90766538507778027345 -0.26651460378194086198 -0.32421214459449237966
v 0.93837377857606574239 0.11975448625549166282 -0.32421214459449237966
v -0.29033119902675935675 0.2597518820037534315 -0.92099769525617836141
v -0.31520582082799281087 0.91072740883825931135 0.26687239892297098809
v -0.92274136181991395222 -0.20841032720134228251 -0.32421214459449237966
v -0.94005277532148778796 -0.21232028236479669192 -0.26687239892297087707
v 0.89469776675351653239 -0.35818295445116982156 -0.26687239892297087707
v -0.31520582082799297741 -0.91072740883825920033 -0.26687239892297087707
v -0.25208007079506505876 -0.91177964618946993891 -0.32421214459449237966
v -0.25680930752553149388 -0.92888540857382173588 -0.26687239892297087707
v -0.25680930752553188245 0.92888540857382162486 -0.26687239892297087707
v -0.25208007079506539183 0.91177964618946982789 -0.32421214459449237966
v 0.16426846718466406316 -0.93161277148085563926 -0.32421214459449237966
v 0.1673502834750867363 -0.94909062018013157225 -0.26687239892297087707
v 0.84215649672784687052 0.4685632910420733932 -0.26687239892297087707
v 0.22720840045303378196 -0.93656578277058177839 -0.26687239892297087707
v 0.96179156876770388607 0.061123652872336231567 -0.26687239892297087707
v 0.96373187282205141635 0 -0.26687239892297087707
v 0.94598440013429396789 0 -0.32421214459449237966
v -0.074969222897838014297 -0.94300906724990407604 -0.32421214459449237966
v 0.91561381761462101725 -0.30071657700612081099 -0.26687239892297087707
v -0.076375709342659831025 -0.9607007201597718149 -0.26687239892297087707
v -0.13462761691416277876 -0.93635564293779605105 -0.32421214459449237966
v 0.49874706771304372355 -0.80382700112964644568 -0.32421214459449237966
v 0.73826144583197816917 0.61947490691001827479 -0.26687239892297087707
v 0.72466609300011564088 0.60806705136307748205 -0.32421214459449237966
v 0.28615162939414479082 -0.92026972550887198299 -0.26687239892297087707
v 0.45514268737036073231 -0.84948470076063453682 -0.26687239892297087707
v 0.28615162939414484633 0.92026972550887198299 -0.26687239892297087707
v 0.045856208849276450246 -0.96264029149161955967 -0.26687239892297087707
v -0.19737871378091051411 0.94330311461337401635 -0.26687239892297087707
v 0.046535455970168893014 0.97689944336787093437 0.20857116024319485859
v 0.40034868847870525022 -0.87664134646186941957 -0.26687239892297087707
v 0.10840055685047919609 0.97198116771330178576 0.20857116024319485859
v 0.34394262671912012586 -0.90026806686600335805 -0.26687239892297087707
v 0.93837377857606574239 -0.11975448625549144077 -0.32421214459449237966
v -0.13715334561948053227 0.95392247194333457116 -0.26687239892297087707
v 0.1642684671846644795 0.93161277148085552824 -0.32421214459449237966
v 0.96179156876770388607 -0.061123652872336245445 0.26687239892297098809
v 0.97603814890108508973 -0.062029049682797404719 0.20857116024319485859
v 0.16735028347508718038 0.94909062018013146123 -0.26687239892297087707
v 0.10485120804532294114 0.94015568363376733618 -0.32421214459449237966
v -0.43907482946259251966 -0.88592184703551768443 0.14951847737845705422
v -0.38200219372945642959 -0.91198604644386449536 0.14951847737845705422
v 0.10681830597082633827 0.95779380463783625466 -0.26687239892297087707
v 0.045011750097763217338 0.94491292067077614636 -0.32421214459449237966
v -0.75754442113403597236 0.59573951749216447205 -0.26687239892297087707
v -0.7938033744210375442 0.54649366460268566925 -0.26687239892297087707
v -0.48900359689750966252 0.84697907491041690697 -0.20857116024319474756
v -0.48186593641102593022 0.83461628430065026851 -0.26687239892297087707
v -0.015290535040646478435 0.9636105656494585725 -0.26687239892297087707
v -0.01500895428082327579 0.94586532687737112646 -0.32421214459449237966
v -0.42796114822430708635 0.86349775813468754304 -0.26687239892297087707
v -0.72887399306257394382 0.6521048791044478099 -0.20857116024319474756
v -0.68604748644333535257 0.6970200265843078391 -0.20857116024319474756
v -0.71823510383371058641 0.64258653760725303883 -0.26687239892297087707
v -0.37784831221552062086 -0.90206913486200712704 -0.20857116024319474756
v 0.51563030007501409191 0.83103758324119048062 -0.20857116024319474756
v 0.5590193318044220927 0.78503280782527562476 -0.26687239892297087707
v -0.64045850873237486489 -0.73912852042598797819 -0.20857116024319474756
v -0.68604748644333524155 -0.69702002658430795012 -0.20857116024319474756
v -0.67603370726685119152 -0.68684608853231166048 -0.26687239892297087707
v 0.60768370276230632143 0.74799708561610822599 -0.26687239892297087707
v -0.72887399306257405485 -0.6521048791044478099 -0.20857116024319474756
v -0.71823510383371069743 -0.64258653760725303883 -0.26687239892297087707
v -0.76876558136328365656 -0.60456393543278785785 -0.20857116024319474756
v -0.31987482098432373778 0.9242175988451282187 -0.20857116024319474756
v -0.31520582082799281087 0.91072740883825931135 -0.26687239892297087707
v -0.31987482098432395983 -0.92421759884512810768 -0.20857116024319474756
v -0.8692874628845381757 0.44814883463707699818 -0.20857116024319474756
v -0.88288291938912899504 0.38638953575896350934 -0.26687239892297087707
v 0.92917638776751898533 0.30517095459776771849 -0.20857116024319474756
v 0.93284301479238307397 0.24203932004151004764 -0.26687239892297087707
v 0.91561381761462101725 0.30071657700612081099 -0.26687239892297087707
v -0.96572233655847239397 0.15452650189159153338 -0.20857116024319474756
v -0.97751480862400297323 -0.031030147205360323476 -0.20857116024319474756
v -0.95936802028312695434 -0.091608538636593947468 -0.26687239892297087707
v -0.13199098552498811365 0.63080514287276601149 0.76463275594589308337
v -0.12235765823822343512 0.58476599579542809515 0.80192102705431000942
v -0.80556162199886516273 -0.55458862617021376096 -0.20857116024319474756
v 0.29039026305536991268 0.93390126150329222376 0.20857116024319485859
v 0.29358267309541957735 0.94416812008274020318 0.14951847737845705422
v 0.94631598239070546796 0.18238745616136184391 -0.26687239892297087707
v -0.049144063603083175396 0.61816430513580844508 0.78327689150010160191
v -0.26061330674684785036 0.94264456475454250217 -0.20857116024319474756
v -0.31987482098432373778 0.9242175988451282187 0.20857116024319485859
v -0.32339136998746553786 0.93437799992297432272 0.14951847737845705422
v -0.38200219372945642959 0.91198604644386449536 0.14951847737845705422
v -0.92469396042109874845 0.27151464463973606911 -0.26687239892297087707
v -0.95162632948142655831 -0.15227098124989521533 -0.26687239892297087707
v -0.90561172930706523854 -0.32961571327011313093 -0.26687239892297087707
v -0.95397734861587024646 0.21546528593405028795 -0.20857116024319474756
v 0.9079505169783311791 0.36348855529932261321 -0.20857116024319474756
v 0.87017908376369712542 0.41420705555708631218 -0.26687239892297087707
v 0.88306864991274902632 0.42034251587970761221 -0.20857116024319474756
v -0.26347836333750407345 0.95300754297928713665 0.14951847737845705422
v 0.96033332971669838063 0.18508907841914018499 -0.20857116024319474756
v 0.95597846952426990264 0.12200118236776796854 -0.26687239892297087707
v -0.22464647778582735871 -0.31547183646587334538 0.92099769525617836141
v -0.91902614308471308746 -0.3344981605953073478 -0.20857116024319474756
v -0.93839103059075268387 -0.27553646731718245411 -0.20857116024319474756
v -0.92469396042109874845 -0.27151464463973623564 -0.26687239892297087707
v 0.84215649672784687052 -0.46856329104207350422 -0.26687239892297087707
v 0.29039026305536991268 0.93390126150329222376 -0.20857116024319474756
v 0.22720840045303358767 0.93656578277058177839 -0.26687239892297087707
v 0.23057393492967581672 0.95043870483364323309 -0.20857116024319474756
v 0.6974855599680652718 0.66505113813084570928 -0.26687239892297087707
v 0.77606461341830301759 -0.57140426887887241225 -0.26687239892297087707
v 0.7875601048145430827 -0.57986821987354475461 -0.20857116024319474756
v 0.98080418098204980026 0.12516941915083842907 0.14951847737845705422
v -0.20030239470494509701 0.95727583370221569492 -0.20857116024319474756
v 0.81074284271356134024 0.52103278753052784111 -0.26687239892297087707
v 0.90795051697833129012 -0.36348855529932228015 -0.20857116024319474756
v -0.19737871378091031982 -0.94330311461337401635 -0.26687239892297087707
v 0.10681830597082611622 -0.95779380463783625466 -0.26687239892297087707
v 0.6076837027623066545 -0.74799708561610800395 -0.26687239892297087707
v 0.55901933180442187066 -0.78503280782527573578 -0.26687239892297087707
v -0.015290535040646074244 -0.9636105656494585725 -0.26687239892297087707
v -0.01568761345094066284 0.98863447426571249288 0.14951847737845705422
v -0.078359102675218325618 0.98564906328285140091 0.14951847737845705422
v -0.13715334561948053227 -0.95392247194333457116 -0.26687239892297087707
v 0.046535455970169094242 -0.97689944336787093437 -0.20857116024319474756
v 0.97800719379501888096 0 -0.20857116024319474756
v 0.96179156876770388607 -0.061123652872336245445 -0.26687239892297087707
v 0.50810398729975125853 -0.81890747998976831656 -0.26687239892297087707
v 0.29039026305536985717 -0.93390126150329222376 -0.20857116024319474756
v 0.46188450854898910336 -0.86206773044655049532 -0.20857116024319474756
v 0.047047044255858525008 0.98763900315308272848 0.14951847737845705422
v -0.13918493561504763356 -0.96805249073211030453 -0.20857116024319474756
v 0.8227520069143693382 0.52875060873079404722 -0.20857116024319474756
v 0.77606461341830279554 0.5714042688788726343 -0.26687239892297087707
v 0.78756010481454286065 0.57986821987354497665 -0.20857116024319474756
v 0.40627887112629662569 -0.88962663516283602139 -0.20857116024319474756
v 0.16982916694765348709 0.96314906695104762768 -0.20857116024319474756
v 0.10959226012040046427 -0.98266665835578759225 0.14951847737845705422
v 0.17169618663334265674 -0.97373746175136766112 0.14951847737845705422
v 0.10959226012040068632 0.98266665835578759225 0.14951847737845705422
v -0.44226741003773656358 -0.89236352096021775981 0.089927106469603806937
v -0.38477979039755916268 -0.91861723716878662671 0.089927106469603806937
v 0.98676824003168617239 -0.062710967040833426323 0.14951847737845705422
v 0.98080418098204980026 -0.12516941915083820702 0.14951847737845705422
v -0.27537223639553926047 -0.55561891486339820556 -0.78327689150010149088
v 0.97603814890108508973 -0.062029049682797404719 -0.20857116024319474756
v 0.95597846952426990264 -0.12200118236776776037 -0.26687239892297087707
v 0.92917638776751898533 -0.30517095459776771849 -0.20857116024319474756
v 0.93284301479238307397 -0.24203932004151021418 -0.26687239892297087707
v 0.74919697613705960038 0.62865090635574016886 -0.20857116024319474756
v 0.94631598239070557899 -0.18238745616136137206 -0.26687239892297087707
v 0.96033332971669849165 -0.18508907841913971315 -0.20857116024319474756
v 0.97013894286810931078 -0.12380833027528850843 -0.20857116024319474756
v -0.13918493561504763356 0.96805249073211030453 -0.20857116024319474756
v -0.077507027913884071757 0.97493114204992148419 -0.20857116024319474756
v -0.076375709342659595102 0.96070072015977192592 -0.26687239892297087707
v 0.56729983037113851374 0.79666114099765472645 -0.20857116024319474756
v 0.045856208849276255957 0.96264029149161955967 -0.26687239892297087707
v 0.046535455970168893014 0.97689944336787093437 -0.20857116024319474756
v -0.38200219372945648511 -0.91198604644386460638 -0.14951847737845691544
v -0.4343003416526327598 -0.87628835685247707943 -0.20857116024319474756
v 0.57353645020522026066 0.80541924809903997495 -0.14951847737845691544
v 0.6166850444752985938 0.75907682551590693887 -0.20857116024319474756
v -0.87884398862683832387 0.45307556607799720494 -0.14951847737845691544
v -0.89596066166502186245 0.39211294783975664258 -0.20857116024319474756
v 0.3528744391826468263 0.92364704032111766274 -0.14951847737845691544
v 0.34903729208317391119 0.91360332740749838898 -0.20857116024319474756
v -0.59229063065258868992 -0.77826080458671842432 -0.20857116024319474756
v -0.59880198725259337067 -0.78681662729302614956 -0.14951847737845691544
v -0.54173780724845210788 0.81425930716967953593 -0.20857116024319474756
v -0.43430034165263292634 0.87628835685247696841 -0.20857116024319474756
v -0.14071506744937992139 -0.97869479140084536528 0.14951847737845705422
v -0.14173822833409480126 -0.98581103166414019157 0.089927106469603806937
v -0.73688688105992528055 -0.65927380460943785234 0.14951847737845705422
v -0.74224489883887623254 -0.66406748577962371183 0.089927106469603806937
v -0.69863275685579639962 -0.70980658391569895205 0.089927106469603806937
v -0.90581041964827635482 0.39642364785547462569 -0.14951847737845691544
v -0.91902614308471297644 0.33449816059530756984 -0.20857116024319474756
v -0.4390748294625927417 0.88592184703551757341 -0.14951847737845691544
v -0.37784831221552062086 0.90206913486200712704 -0.20857116024319474756
v -0.97357870149743475086 -0.092965494165181447594 -0.20857116024319474756
v -0.73688688105992539157 -0.65927380460943796336 -0.14951847737845691544
v -0.078022888954652827587 -0.54266111237472725026 0.83632012167315072926
v -0.78286828258504359557 -0.61565442225679545274 0.089927106469603806937
v -0.85759693129733061134 0.51344600361117065379 0.03001174445311997202
v -0.85759693129733061134 0.51344600361117065379 -0.03001174445311985059
v -0.92912947180993399332 0.33817547151829469021 -0.14951847737845691544
v -0.93839103059075268387 0.27553646731718228757 -0.20857116024319474756
v 0.94666079319018303639 0.24562453817023466307 -0.20857116024319474756
v 0.98793575894122354075 0.12607954523725550811 0.089927106469603806937
v 0.91793208562933403805 0.36748457259401912101 -0.14951847737845691544
v -0.44386658108740595363 -0.8955901704399495955 0.03001174445311997202
v -0.38617109504116636787 -0.92193881605537530977 0.03001174445311997202
v -0.32339136998746581542 -0.93437799992297432272 -0.14951847737845691544
v -0.26061330674684746178 -0.94264456475454261319 -0.20857116024319474756
v -0.26347836333750412896 0.95300754297928724768 -0.14951847737845691544
v -0.89596066166502186245 -0.39211294783975680911 -0.20857116024319474756
v 0.97013894286810931078 0.12380833027528873047 -0.20857116024319474756
v 0.85463097706754564964 0.47550390550591675742 -0.20857116024319474756
v 0.86402637649665015029 0.48073136535959132276 -0.14951847737845691544
v -0.98428175465334011296 -0.093987511824549452299 -0.14951847737845691544
v -0.96572233655847239397 -0.15452650189159169991 -0.20857116024319474756
v 0.52129889009450602888 0.84017360831477205796 -0.14951847737845691544
v 0.97603814890108508973 0.062029049682797390841 -0.20857116024319474756
v -0.32574279834707997594 0.94117200598350669871 0.089927106469603806937
v -0.20250442231142906646 0.96779966101809644652 -0.14951847737845691544
v -0.74224489883887623254 0.66406748577962393387 -0.089927106469603695915
v -0.69863275685579662166 0.70980658391569895205 -0.089927106469603695915
v -0.69358956054950116066 0.70468272748746862977 -0.14951847737845691544
v -0.26347836333750374038 -0.9530075429792873587 -0.14951847737845691544
v -0.20030239470494490273 -0.95727583370221569492 -0.20857116024319474756
v -0.20250442231142887217 -0.96779966101809644652 -0.14951847737845691544
v 0.98875893165241646177 0 -0.14951847737845691544
v -0.95397734861587024646 -0.21546528593405003815 -0.20857116024319474756
v -0.26539415501654800567 0.95993700731092601597 0.089927106469603806937
v -0.20397686309297771712 0.97483668111368948495 0.089927106469603806937
v -0.3847797903975592182 -0.91861723716878673773 -0.089927106469603695915
v -0.43907482946259257517 -0.88592184703551768443 -0.14951847737845691544
v 0.047047044255858719297 -0.98763900315308272848 0.14951847737845705422
v -0.01580168049968257854 -0.99582298749094477763 0.089927106469603806937
v 0.047389130546236689356 -0.99482027815484153077 0.089927106469603806937
v 0.10840055685047919609 0.97198116771330178576 -0.20857116024319474756
v 0.1095922601204007002 0.98266665835578770327 -0.14951847737845691544
v 0.99394318358094435606 -0.06316694812148000715 0.089927106469603806937
v 0.98793575894122354075 -0.12607954523725528606 0.089927106469603806937
v 0.57979562069906132038 0.81420902317099808077 -0.03001174445311985059
v 0.52508933445315186805 0.84628263976377926525 -0.089927106469603695915
v 0.52698797686516229977 0.84934266785228906826 -0.03001174445311985059
v 0.91793208562933414907 -0.36748457259401878794 -0.14951847737845691544
v 0.8830686499127489153 -0.42034251587970788977 -0.20857116024319474756
v 0.34903729208317368915 -0.9136033274074985 -0.20857116024319474756
v 0.85463097706754564964 -0.47550390550591686845 -0.20857116024319474756
v 0.46696224334257641075 -0.87154488594386025913 -0.14951847737845691544
v 0.51563030007501409191 -0.83103758324119048062 -0.20857116024319474756
v -0.015801680499682994874 0.99582298749094477763 0.089927106469603806937
v -0.07892886375533493537 0.99281586912594033123 0.089927106469603806937
v 0.52129889009450602888 -0.84017360831477205796 -0.14951847737845691544
v 0.5672998303711382917 -0.79666114099765483747 -0.20857116024319474756
v 0.98676824003168628341 -0.062710967040833426323 -0.14951847737845691544
v -0.14173822833409480126 0.98581103166414019157 0.089927106469603806937
v -0.98699409302053864312 0.15793022363513839479 -0.03001174445311985059
v -0.9950235084061276325 0.095013224942854579425 -0.03001174445311985059
v 0.29571735783804192765 0.95103331161179205377 0.089927106469603806937
v 0.3567254608168820007 0.9337270697585370316 0.03001174445311997202
v 0.29678662640001662876 0.95447210204645460685 0.03001174445311997202
v 0.57353645020522003861 -0.80541924809904008598 -0.14951847737845691544
v 0.61668504447529892687 -0.75907682551590671682 -0.20857116024319474756
v 0.35544024347021724308 0.93036301992493086743 -0.089927106469603695915
v 0.29358267309541963286 0.9441681200827403142 -0.14951847737845691544
v 0.57770672189285809939 0.81127557525283144901 -0.089927106469603695915
v 0.62799788826148938981 0.77300179033499949455 -0.089927106469603695915
v 0.623464581457074285 0.76742174883891789428 -0.14951847737845691544
v 0.23057393492967598325 -0.95043870483364323309 -0.20857116024319474756
v 0.62346458145707461806 -0.76742174883891767223 -0.14951847737845691544
v 0.66358708556050050031 -0.71843597556924210235 -0.20857116024319474756
v 0.17294461599774699212 -0.98081765650879082497 0.089927106469603806937
v 0.11038912228914460334 -0.989811778674226872 0.089927106469603806937
v -0.077507027913884321557 -0.97493114204992137317 -0.20857116024319474756
v -0.98826113343708221759 -0.0313712776290884926 -0.14951847737845691544
v -0.99544693204376355489 -0.031599383010803644423 -0.089927106469603695915
v 0.169829166947653043 -0.9631490669510477387 -0.20857116024319474756
v 0.93939130337135434701 -0.30852585640865837213 -0.14951847737845691544
v 0.94666079319018303639 -0.2456245381702348296 -0.20857116024319474756
v 0.95706792388700512308 -0.24832481549181883995 -0.14951847737845691544
v -0.015517026766933445306 -0.97788408975456897476 -0.20857116024319474756
v 0.79621815952787577952 0.58624301050031302207 -0.14951847737845691544
v 0.8227520069143693382 -0.52875060873079404722 -0.20857116024319474756
v -0.44386658108740595363 -0.8955901704399495955 -0.03001174445311985059
v -0.38617109504116636787 -0.92193881605537530977 -0.03001174445311985059
v 0.70781709566107686715 -0.67490223751646105654 -0.20857116024319474756
v 0.74919697613705937833 -0.62865090635574050193 -0.20857116024319474756
v 0.75743328517659080923 -0.63556199023307335949 -0.14951847737845691544
v 0.047047044255858531947 0.9876390031530828395 -0.14951847737845691544
v -0.015517026766933856435 0.97788408975456897476 -0.20857116024319474756
v -0.078359102675218339495 0.98564906328285151194 -0.14951847737845691544
v 0.10840055685047897405 -0.97198116771330178576 -0.20857116024319474756
v -0.93588531501580607408 0.34063439735260170327 -0.089927106469603695915
v -0.94870724751907065109 0.27856558191423569371 -0.14951847737845691544
v -0.60315596854366437807 -0.79253769193153122963 -0.089927106469603695915
v -0.64749939967685754549 -0.74725414173528481587 -0.14951847737845691544
v 0.4152278877070667007 -0.90922224811385277121 -0.03001174445311985059
v 0.47205833844555006307 -0.88105630938034107391 -0.03001174445311985059
v 0.8317969443709798405 -0.5345634370750858011 -0.14951847737845691544
v -0.5476934105690934862 0.82321087999468423035 -0.14951847737845691544
v -0.44226741003773661909 -0.89236352096021787084 -0.089927106469603695915
v 0.23310875320181226322 0.96088736806304442251 -0.14951847737845691544
v -0.95560544374142053492 0.28059107507860497899 -0.089927106469603695915
v -0.96446491398275935314 0.21783400702979474617 -0.14951847737845691544
v -0.97147768662007516483 0.21941791157813866908 -0.089927106469603695915
v -0.70115890563763672017 -0.71237313554057646314 0.03001174445311997202
v -0.654565749401948338 -0.75540914404364112311 0.03001174445311997202
v -0.99544693204376355489 0.031599383010803443195 -0.089927106469603695915
v -0.99904631531071208528 0.031713641528052040341 -0.03001174445311985059
v -0.70115890563763683119 0.71237313554057635212 -0.03001174445311985059
v -0.65456574940194822698 0.75540914404364123413 -0.03001174445311985059
v -0.65220746733893664171 0.75268754146015637296 -0.089927106469603695915
v 0.3567254608168820007 0.9337270697585370316 -0.03001174445311985059
v -0.65220746733893675273 -0.75268754146015626194 -0.089927106469603695915
v -0.69863275685579651064 -0.70980658391569906307 -0.089927106469603695915
v -0.69358956054950104964 -0.70468272748746874079 -0.14951847737845691544
v -0.74492874242998918799 -0.66646865184834880314 0.03001174445311997202
v -0.49437946582620845293 0.85629035302975409216 -0.14951847737845691544
v -0.93926933262057654694 0.34186607903297094868 -0.03001174445311985059
v 0.29571735783804198316 0.9510333116117921648 -0.089927106469603695915
v -0.78569901409453368757 -0.61788053412108590035 0.03001174445311997202
v -0.20471441211164209673 -0.97836154087773985477 0.03001174445311997202
v -0.14225073200549118169 -0.98937557299479683692 0.03001174445311997202
v 0.67576032878203318166 0.73161540003365377327 -0.089927106469603695915
v -0.8545071645898300039 -0.51159615048068307619 -0.089927106469603695915
v -0.81441757668167613637 -0.56068550517591786431 -0.14951847737845691544
v -0.74224489883887634356 -0.66406748577962382285 -0.089927106469603695915
v 0.23565273698762884136 0.97137381205441197807 0.03001174445311997202
v -0.16680149502411101281 0.13996307295455046038 0.97588326097505906365
v 0.4152278877070667007 -0.90922224811385277121 0.03001174445311997202
v 0.35672546081688177866 -0.93372706975853714262 0.03001174445311997202
v 0.35672546081688177866 -0.93372706975853714262 -0.03001174445311985059
v -0.91239670644151316115 -0.39930610513324715782 0.089927106469603806937
v -0.88843506929892901436 -0.45802011182336510586 0.03001174445311997202
v -0.88523419835511252263 -0.45636994816112264051 0.089927106469603806937
v -0.91569579284408220143 -0.4007499347005916146 0.03001174445311997202
v -0.82033933206572351438 -0.5647623356669309036 -0.089927106469603695915
v -0.77721701817995414441 -0.61121021880682646632 -0.14951847737845691544
v -0.78286828258504370659 -0.61565442225679556376 -0.089927106469603695915
v 0.93939130337135434701 0.30852585640865837213 -0.14951847737845691544
v 0.17169618663334312858 0.97373746175136766112 -0.14951847737845691544
v 0.9462217619318539219 0.31076919533406560658 -0.089927106469603695915
v 0.95706792388700512308 0.24832481549181867342 -0.14951847737845691544
v -0.90581041964827635482 -0.39642364785547479222 -0.14951847737845691544
v -0.99143861858521498132 -0.094670909469831102112 0.089927106469603806937
v -0.9950235084061276325 -0.095013224942854773714 0.03001174445311997202
v -0.98699409302053864312 -0.15793022363513858908 0.03001174445311997202
v 0.89277667935689430934 0.42496355810693359212 -0.14951847737845691544
v 0.89926819582105832485 0.42805353345900942763 -0.089927106469603695915
v -0.079214258408063634165 -0.99640573887334726866 0.03001174445311997202
v 0.97089076966432297233 0.18712385818768961787 -0.14951847737845691544
v -0.60315596854366460011 0.79253769193153111861 -0.089927106469603695915
v 0.086620953642741249645 0.044656205326295883573 0.99500416527802593158
v 0.086807915370865781912 0.1304766846267167435 0.98722210451305225654
v 0.031874222536260723992 0.092094517870669981296 0.99500416527802593158
v 0.47035759759061174234 -0.87788202277458260436 -0.089927106469603695915
v 0.41074530444812029639 -0.89940675992358931623 -0.14951847737845691544
v -0.38200219372945648511 0.91198604644386460638 -0.14951847737845691544
v 0.94964315454163139574 -0.31189288902939094061 -0.03001174445311985059
v 0.98080418098204991129 0.12516941915083845682 -0.14951847737845691544
v -0.93588531501580607408 -0.34063439735260142571 0.089927106469603806937
v -0.93926933262057665797 -0.34186607903297072664 0.03001174445311997202
v 0.87030884508951300571 0.48422683701026192349 -0.089927106469603695915
v 0.8317969443709798405 0.5345634370750858011 -0.14951847737845691544
v 0.83784506780887602062 0.53845032999371877924 -0.089927106469603695915
v -0.92912947180993410434 -0.33817547151829452368 -0.14951847737845691544
v -0.97633902063972100027 -0.15622529148220004602 -0.14951847737845691544
v 0.35287443918264660425 -0.92364704032111777376 -0.14951847737845691544
v -0.99904631531071208528 -0.031713641528052241569 -0.03001174445311985059
v -0.9950235084061276325 -0.095013224942854773714 -0.03001174445311985059
v 0.41373189669235743704 -0.90594648472266237071 -0.089927106469603695915
v 0.29678662640001662876 0.95447210204645460685 -0.03001174445311985059
v 0.23480372277745167886 0.9678741278140738924 -0.089927106469603695915
v -0.078928863755335185171 -0.99281586912594022021 0.089927106469603806937
v -0.015858816950204811941 -0.99942373051665156503 0.03001174445311997202
v 0.9246065109191384801 0.37015660940734490536 -0.089927106469603695915
v 0.92794974610002478599 0.37149503887371110311 -0.03001174445311985059
v 0.98676824003168628341 0.062710967040833412445 -0.14951847737845691544
v 0.99753712952433459815 -0.063395350107335615708 0.03001174445311997202
v 0.99150798295948694427 -0.12653542951478252698 0.03001174445311997202
v 0.84087458693268812837 0.54039728371417805608 -0.03001174445311985059
v 0.80490752043770830149 0.5926408513912121423 -0.03001174445311985059
v -0.32339136998746559337 0.93437799992297443374 -0.14951847737845691544
v 0.94964315454163139574 0.31189288902939094061 -0.03001174445311985059
v 0.9640269118723444608 0.25013042339522723045 -0.089927106469603695915
v 0.46761549278760911053 -0.50626632142546190707 -0.72458965124774743494
v -0.38477979039755916268 0.91861723716878662671 0.089927106469603806937
v -0.38617109504116636787 0.92193881605537530977 0.03001174445311997202
v 0.92460651091913859112 -0.37015660940734457229 -0.089927106469603695915
v 0.89277667935689419831 -0.42496355810693386967 -0.14951847737845691544
v -0.60533688791832074294 0.7954033865405923942 -0.03001174445311985059
v -0.55167577354320762595 0.82919657283873782205 -0.089927106469603695915
v -0.99143861858521509234 -0.09467090946983111599 -0.089927106469603695915
v 0.9462217619318539219 -0.31076919533406560658 -0.089927106469603695915
v -0.88523419835511263365 -0.45636994816112264051 -0.089927106469603695915
v 0.17356995717555653846 -0.98436414256156046232 0.03001174445311997202
v 0.23565273698762903565 -0.97137381205441197807 0.03001174445311997202
v -0.96446491398275935314 -0.21783400702979452412 -0.14951847737845691544
v 0.29358267309541957735 -0.9441681200827403142 -0.14951847737845691544
v -0.94870724751907065109 -0.27856558191423586024 -0.14951847737845691544
v -0.9590607663038659414 -0.28160564932458681531 0.03001174445311997202
v -0.654565749401948338 -0.75540914404364112311 -0.03001174445311985059
v -0.70115890563763672017 -0.71237313554057646314 -0.03001174445311985059
v -0.14071506744937992139 -0.9786947914008454763 -0.14951847737845691544
v -0.26539415501654806118 0.95993700731092612699 -0.089927106469603695915
v 0.35544024347021702104 -0.93036301992493097845 -0.089927106469603695915
v -0.74492874242998918799 -0.66646865184834880314 -0.03001174445311985059
v -0.07892886375533493537 0.99281586912594044225 -0.089927106469603695915
v -0.14071506744937992139 0.9786947914008454763 -0.14951847737845691544
v -0.88843506929892901436 -0.45802011182336510586 -0.03001174445311985059
v -0.91569579284408220143 -0.4007499347005916146 -0.03001174445311985059
v 0.68848678322482470548 0.021855266072627537594 0.72458965124774754596
v 0.97089076966432308335 -0.18712385818768914603 -0.14951847737845691544
v -0.079214258408063384365 0.99640573887334737968 0.03001174445311997202
v -0.015858816950205231744 0.99942373051665156503 0.03001174445311997202
v 0.047389130546236495067 0.99482027815484164179 -0.089927106469603695915
v -0.01568761345094066284 0.9886344742657126039 -0.14951847737845691544
v 0.96751268517053257145 0.25103485660160129722 -0.03001174445311985059
v 0.97795026568601661765 0.18848446452335052004 -0.089927106469603695915
v -0.32692063429187745438 0.94457513945110649356 0.03001174445311997202
v 0.047560482366240768026 0.99841739553754327297 0.03001174445311997202
v 0.89926819582105821382 -0.42805353345900970519 -0.089927106469603695915
v 0.87030884508951300571 -0.48422683701026203451 -0.089927106469603695915
v 0.86402637649665015029 -0.48073136535959143378 -0.14951847737845691544
v -0.78569901409453368757 -0.61788053412108590035 -0.03001174445311985059
v 0.047560482366240969254 -0.99841739553754327297 0.03001174445311997202
v 0.63026863220365714202 -0.77579684612339849803 -0.03001174445311985059
v 0.67820377437575463109 -0.73426080898912293726 -0.03001174445311985059
v -0.015801680499682998343 0.99582298749094488866 -0.089927106469603695915
v -0.91239670644151316115 -0.39930610513324721333 -0.089927106469603695915
v -0.14225073200549118169 0.98937557299479683692 0.03001174445311997202
v 0.98080418098204991129 -0.12516941915083823478 -0.14951847737845691544
v 0.23565273698762884136 0.97137381205441197807 -0.03001174445311985059
v 0.17294461599774743621 0.98081765650879082497 -0.089927106469603695915
v -0.9749904007757710378 -0.22021129305733155856 0.03001174445311997202
v -0.20471441211164229101 0.97836154087773985477 0.03001174445311997202
v 0.75743328517659103127 0.63556199023307302642 -0.14951847737845691544
v 0.76294069901805872114 0.64018325915618923272 -0.089927106469603695915
v 0.23310875320181245751 -0.96088736806304442251 -0.14951847737845691544
v 0.80490752043770830149 0.5926408513912121423 0.03001174445311997202
v 0.76569937544501964766 0.64249806352858951364 -0.03001174445311985059
v 0.76569937544501964766 0.64249806352858951364 0.03001174445311997202
v -0.26635377953289596231 0.96340799214217764934 0.03001174445311997202
v 0.6708822408873398313 -0.72633411305294570681 -0.14951847737845691544
v 0.72340802931623726657 0.68976816272982544032 -0.03001174445311985059
v 0.72080172096396899484 0.68728305273546896892 -0.089927106469603695915
v -0.49797417491321915861 0.86251657180688612314 -0.089927106469603695915
v -0.14173822833409480126 -0.98581103166414030259 -0.089927106469603695915
v -0.078359102675218575418 -0.98564906328285140091 -0.14951847737845691544
v 0.9640269118723444608 -0.25013042339522739699 -0.089927106469603695915
v 0.17356995717555698255 0.9843641425615603513 0.03001174445311997202
v 0.98148638369382579238 -0.18916599540746481534 -0.03001174445311985059
v 0.99150798295948694427 -0.12653542951478252698 -0.03001174445311985059
v 0.99150798295948694427 0.12653542951478274903 -0.03001174445311985059
v 0.98148638369382568136 0.18916599540746528718 -0.03001174445311985059
v -0.20471441211164209673 -0.97836154087773985477 -0.03001174445311985059
v -0.14225073200549118169 -0.98937557299479683692 -0.03001174445311985059
v 0.80200758415236850229 0.5905056735409798252 -0.089927106469603695915
v 0.98793575894122365177 0.12607954523725553586 -0.089927106469603695915
v 0.29571735783804192765 -0.9510333116117921648 -0.089927106469603695915
v 0.96751268517053257145 -0.25103485660160146375 -0.03001174445311985059
v 0.97795026568601672867 -0.18848446452335004819 -0.089927106469603695915
v 0.11078827240637378893 -0.9933907860918037569 0.03001174445311997202
v -0.98343813173170657738 -0.15736122958993159493 -0.089927106469603695915
v -0.93926933262057665797 -0.34186607903297072664 -0.03001174445311985059
v 0.17169618663334268449 -0.97373746175136777214 -0.14951847737845691544
v 0.23565273698762903565 -0.97137381205441197807 -0.03001174445311985059
v 0.29678662640001657325 -0.95447210204645460685 -0.03001174445311985059
v -0.9358853150158061851 -0.34063439735260148122 -0.089927106469603695915
v 0.67820377437575463109 -0.73426080898912293726 0.03001174445311997202
v 0.72340802931623715555 -0.68976816272982544032 -0.03001174445311985059
v 0.72340802931623715555 -0.68976816272982544032 0.03001174445311997202
v -0.49977477307155110386 0.86563529930113203292 -0.03001174445311985059
v -0.44226741003773678562 0.89236352096021775981 -0.089927106469603695915
v -0.078928863755335185171 -0.99281586912594033123 -0.089927106469603695915
v -0.015687613450940246507 -0.9886344742657126039 -0.14951847737845691544
v 0.17356995717555698255 0.9843641425615603513 -0.03001174445311985059
v 0.11038912228914485314 0.98981177867422698302 -0.089927106469603695915
v 0.11078827240637402485 0.9933907860918037569 -0.03001174445311985059
v -0.44386658108740612017 0.89559017043994948448 0.03001174445311997202
v 0.98793575894122365177 -0.12607954523725531382 -0.089927106469603695915
v 0.67576032878203329268 -0.73161540003365366225 -0.089927106469603695915
v 0.71559849431725841562 -0.68232178614880878431 -0.14951847737845691544
v 0.72080172096396888382 -0.68728305273546896892 -0.089927106469603695915
v 0.99753712952433459815 -0.063395350107335615708 -0.03001174445311985059
v -0.20397686309297752283 -0.97483668111368959597 -0.089927106469603695915
v 0.76569937544501942561 -0.6424980635285898467 0.03001174445311997202
v 0.76569937544501942561 -0.6424980635285898467 -0.03001174445311985059
v -0.079214258408063634165 -0.99640573887334726866 -0.03001174445311985059
v 0.11078827240637402485 0.9933907860918037569 0.03001174445311997202
v -0.01580168049968257854 -0.99582298749094488866 -0.089927106469603695915
v 0.047047044255858726236 -0.9876390031530828395 -0.14951847737845691544
v 0.10959226012040047815 -0.98266665835578770327 -0.14951847737845691544
v -0.44386658108740612017 0.89559017043994948448 -0.03001174445311985059
v -0.3847797903975592182 0.91861723716878673773 -0.089927106469603695915
v 0.83784506780887602062 -0.53845032999371877924 -0.089927106469603695915
v 0.79621815952787600157 -0.58624301050031280003 -0.14951847737845691544
v -0.048937106181666335802 -0.43879798215958781826 0.89596590225643790717
v 0.99394318358094446708 0.063166948121479993272 -0.089927106469603695915
v 0.23480372277745187315 -0.9678741278140738924 -0.089927106469603695915
v 0.99394318358094446708 -0.06316694812148000715 -0.089927106469603695915
v 0.62799788826148972287 -0.7730017903349992725 -0.089927106469603695915
v -0.015858816950205231744 0.99942373051665156503 -0.03001174445311985059
v 0.80200758415236872434 -0.59050567354097960315 -0.089927106469603695915
v -0.95560544374142053492 -0.28059107507860514552 -0.089927106469603695915
v 0.047560482366240768026 0.99841739553754327297 -0.03001174445311985059
v -0.98699409302053864312 -0.15793022363513858908 -0.03001174445311985059
v -0.97147768662007516483 -0.21941791157813841928 -0.089927106469603695915
v -0.9749904007757710378 -0.22021129305733155856 -0.03001174445311985059
v -0.015858816950204811941 -0.99942373051665156503 -0.03001174445311985059
v 0.99954954614310176364 0 -0.03001174445311985059
v 0.99594834982643787313 0 -0.089927106469603695915
v -0.38617109504116636787 0.92193881605537530977 -0.03001174445311985059
v -0.32574279834708003145 0.94117200598350680973 -0.089927106469603695915
v -0.079214258408063384365 0.99640573887334737968 -0.03001174445311985059
v -0.14173822833409480126 0.98581103166414030259 -0.089927106469603695915
v 0.17356995717555653846 -0.98436414256156046232 -0.03001174445311985059
v -0.9590607663038659414 -0.28160564932458681531 -0.03001174445311985059
v 0.99753712952433459815 0.06339535010733560183 -0.03001174445311985059
v -0.32692063429187745438 0.94457513945110649356 -0.03001174445311985059
v -0.14225073200549118169 0.98937557299479683692 -0.03001174445311985059
v -0.20397686309297771712 0.97483668111368959597 -0.089927106469603695915
v -0.20471441211164229101 0.97836154087773985477 -0.03001174445311985059
v -0.26635377953289596231 0.96340799214217764934 -0.03001174445311985059
v 0.047560482366240969254 -0.99841739553754327297 -0.03001174445311985059
v 0.17294461599774701988 -0.98081765650879093599 -0.089927106469603695915
v 0.76294069901805849909 -0.64018325915618956579 -0.089927106469603695915
v 0.11078827240637378893 -0.9933907860918037569 -0.03001174445311985059
v 0.047389130546236696295 -0.99482027815484164179 -0.089927106469603695915
v 0.11038912228914461722 -0.98981177867422698302 -0.089927106469603695915
v -0.51274813266438523662 -0.072941682253461814778 0.85425496990743898795
v 0.19075525631010281646 0.10613337429268866752 -0.97588326097505895262
v 0.45889205507439068121 -0.058563424891892056079 -0.88536847869145685053
v 0.25952623024088161685 0.50537716140904231921 0.82157765255079051592
v 0.34705691536140120812 -0.27292857492133504316 0.89596590225643790717
v -0.11716988841215698891 0.10482889586531279891 0.98722210451305225654
v 0.46754494220592818232 -0.57550046607285554323 -0.66869626436713036632
v -0.58275106775877905108 -0.1316201329362774175 0.80192102705431000942
v -0.64328549417146874134 -0.15724095134618379377 0.74747142536097355148
v 0.090425915169776369118 0.43215930323720908035 0.89596590225643790717
v 0.043642339957593458133 -0.46378627834872715452 -0.88385456103931658856
v 0.31801122350956073648 0.44658427626435598379 0.83632012167315072926
v -0.61948803857273393447 0.71492730774726087617 0.32421214459449249068
v -0.65357193441478200757 0.70759302060460460559 0.26687239892297098809
v -0.8982999726312801414 0.29503016194985942633 0.32421214459449249068
v -0.85814906477921115702 0.34355106137959784407 0.3803838125199569542
v 0.94407982748427321518 0.059998038590480820553 0.32421214459449249068
v -0.41672405263638157003 -0.38613599082604938006 -0.82157765255079051592
v -0.67867746480697843658 0.27170147115273118876 0.68193598102712760234
v -0.144214821434020396 -0.23242997289851394238 0.96102848646748251227
v -0.18440241212113411828 0.40378495922382978689 0.89596590225643779615
v -0.311867894399823542 0.22962346575938064053 0.92099769525617847243
v -0.56325588731903242223 0.11614049622372554782 -0.8166634961766704448
v 0.49707757288577036903 0 -0.86770610608315512646
v -0.068325482745086110747 -0.32653795055348860954 0.9427113000574345314
v -0.12836989533033160704 -0.30646827491162237367 0.9427113000574345314
v -0.15050770720303580097 -0.35931973979353382109 0.92099769525617836141
v 0.54383071469265686915 -0.069403226448634891543 -0.83632012167315072926
v -0.27478646366192566175 0.1891766479568628978 0.9427113000574345314
v -0.49482676714856038691 -0.047250227293767786685 -0.86770610608315512646
v -0.53383042054339702176 -0.80237410526235120045 -0.26687239892297087707
v 0.39678097641048493127 -0.37832989684050688517 -0.83632012167315072926
v 0.35975195907608586987 -0.34302280012693991962 -0.86770610608315512646
v 0.42941934316345492517 -0.29563360154249196388 -0.85201311387815281684
v 0.15919299649793705598 -0.54535999974595905648 -0.82157765255079051592
v 0.15353102943631521948 -0.44359877697534033647 -0.88183600416979635028
v -0.66291300680773712628 0.063300517124726701779 -0.74461120359682020364
v -0.27228816162493868491 -0.38237522013423358436 -0.8818360041697964613
v -0.51211407720083490513 0.099527388062046667772 0.85201311387815303888
v -0.35270260236953610011 0.359027661337351367 -0.86232919738551983002
v -0.63150031157261821146 -0.52989167852892127275 0.56465623730405190006
v 0.97013894286810931078 0.12380833027528873047 0.20857116024319485859
v 0.32463206895739654678 0.65501054225701282885 0.68193598102712760234
v 0.15782808639199061296 0.75428460655736784268 0.63682541874692788486
v 0.67977465795629055112 -0.60817696249837038813 0.407784419427236422
v -0.21821790368279042616 0.42005503400258292768 -0.87981744730027622303
v -0.010277317785008894049 -0.21574745136108411381 0.97588326097505906365
v -0.21555738363485987819 0.1695162001540019836 -0.96102848646748240125
v 0.087268329280595635655 0.044989950663786616725 -0.99500416527802570954
v 0.38458607008128709026 0.91815475232379661907 0.089927106469603806937
v 0.44148250909142605636 0.32505668467352782924 -0.83632012167315072926
v -0.024806575177870181237 0.52075409981282205774 -0.85201311387815281684
v -0.26859224456375785373 0.051766912048652836964 -0.96102848646748240125
v 0.34654342932546178258 0.48665215293832736476 0.80192102705431000942
v -0.55082807800046373892 0.20665222206440389541 0.80717268007585418754
v -0.24345571005938460019 -0.49122089870453117255 -0.83632012167315072926
v -0.15919946422126726726 -0.57582827037218498045 -0.8019210270543098984
v -0.21181040013720647819 -0.50567282750640552003 -0.83632012167315072926
v 0.522063878296948225 -0.29046854106031855247 -0.8019210270543098984
v 0.53833398286126965537 -0.10375537085533770298 -0.83632012167315072926
v -0.43063855458611793869 0.66492761883657369726 0.60838246126355799426
v 0.12317609146763031092 -0.69856632815194030783 0.70326281613743768517
v -0.3109709835150024082 0.11318418171994680532 0.9427113000574345314
v 0.48809473358223265382 0.094072549212284542475 -0.86770610608315512646
v 0.43690094120154832069 0.12828569112648219308 -0.88890095321311712873
v 0.46147087888860877092 0.1847450713924008725 -0.86770610608315512646
v 0.70791470314397542118 -0.044989303278708703271 -0.7032628161374373521
v 0.68779301151163652062 0.043710532145255075187 -0.72458965124774743494
v 0.72993929731893980595 0.046389007427425146823 -0.68193598102712749132
v -0.49682731539555285982 0.015771244175900592938 0.86770610608315523749
v -0.27405114859153950624 0.65426541425677109398 0.70326281613743757415
v 0.07807934289368731462 0.78834124540137251458 0.6083824612635582163
v -0.39291923110991211487 0.59057746499584784505 -0.70326281613743746313
v 0.57294133960872828393 0.16823075620872063318 0.80192102705431000942
v -0.57460487696820450321 -0.51408425515877720358 -0.63682541874692766282
v -0.35688656154272013765 0.15618971644452717129 -0.92099769525617836141
v -0.36607419745845720671 0.13324011140776675921 -0.92099769525617836141
v -0.51820357013531570534 -0.83518490377613363584 0.1790448188108259564
v -0.41711625014334940964 0.26806433690991499086 0.86770610608315523749
v -0.39475212873674975222 0.20350886676410895326 0.89596590225643779615
v 0.37904027240378368457 0.085610020817052795428 0.92099769525617836141
v 0.34539075503943039713 0.17806130995115951321 0.92099769525617836141
v 0.30383039336639738881 0.13296993527016365277 0.94271130005743464242
v 0.29802586738954317536 0.25007339540785461507 0.92099769525617847243
v 0.38653500297382409334 0.21506229994079417711 0.89596590225643779615
v -0.5899256660595626478 -0.094394782124553267 0.80192102705431000942
v -0.79137132227594930711 0.29785163832252908866 -0.53098885649197002934
v 0.34604211338431201117 -0.45469402966350314088 -0.81912057436373042485
v 0.56691536406844023066 0.62736842298233885806 -0.53098885649197002934
v -0.24551948563358599875 0.30220961806461599242 0.92099769525617836141
v 0.42025061979533062662 -0.13802361370953442066 0.89596590225643779615
v 0.2453896546725820027 -0.36883305452718040396 0.89596590225643779615
v -0.2039228648093270313 0.53376705598516727136 -0.81912057436373031383
v 0.42591821000698770749 0.12506087028293855212 0.89596590225643779615
v -0.11387653441813194721 -0.1835339776133384504 0.97588326097505895262
v -0.61006262286991308486 -0.26699102277083186507 -0.74461120359682009262
v -0.45207689097269293521 -0.45930734065879308403 -0.76463275594589286133
v 0.1913551611002909103 -0.61540226750871684924 -0.76463275594589286133
v 0.10374263971667889439 -0.58835374654435246278 -0.8019210270543098984
v -0.02100829198844063328 0.44101832294870718654 -0.89596590225643768512
v -0.05107392257858908019 -0.64243926013828334121 -0.76463275594589286133
v 0.028426866418373740453 -0.59675336583365212739 -0.8019210270543098984
v -0.12235765823822335185 -0.58476599579542831719 -0.8019210270543098984
v -0.62863157775924116688 0.14198270309624283492 -0.76463275594589286133
v -0.043284698539025036335 -0.47337509844354530575 -0.87901002455246823875
v -0.48029778580319387737 -0.42971011797156688505 -0.76463275594589286133
v 0.63110979970973568598 -0.40558964058196844693 -0.65938069988702763258
v 0.57569460674471795159 -0.23047335398372070792 -0.78327689150010149088
v 0.60890842425534374982 -0.1173574795329865722 -0.78327689150010137986
v -0.6187910906929282584 -0.77151136140134335406 0.13749246558786332173
v -0.66325299758785505322 -0.71807427350514796416 0.20857116024319485859
v -0.69358956054950093861 -0.70468272748746862977 0.14951847737845705422
v 0.8368412558563280701 0.24571876310323201298 -0.48841834717173260305
v -0.64414178944595013032 -0.020447582349947063252 -0.76463275594589286133
v 0.50522854353519608406 0.13108869467177980406 0.85201311387815303888
v 0.63797269674215717483 -0.17757190657089716446 0.7474714253609736625
v 0.69489328909531045131 -0.22822496478446507862 0.68193598102712760234
v 0.82063935099886697877 -0.18534957110695754467 0.5398919850001255849
v 0.84088696582249067291 0.026693044547601334909 0.5398919850001255849
v -0.48029778580319371084 -0.42971011797156671852 0.76463275594589308337
v -0.085023161150827128441 -0.59134907494311761411 0.80192102705431000942
v -0.08808158852795894278 -0.6669259490157833925 0.73793735281379624347
v 0.44898600997916882083 0.89168782755259412554 0.017985421293920816205
v -0.1497980272664994339 -0.71590772366809540816 0.68193598102712760234
v -0.21706174934614130834 -0.69807520199057260246 0.68193598102712760234
v -0.21900235570753087688 -0.75368231190779666484 0.6178634470913479948
v 0.6505185701247151453 -0.47896667561865646778 -0.58942048960797821522
v 0.70591859311764604268 -0.39276255717811819901 -0.58942048960797821522
v 0.70630730710467171107 -0.46488079773501733705 -0.53098885649197002934
v 0.44004460249235527458 0.29029464446428071556 0.84887451543715253255
v 0.44822211281862117671 0.21335465888604779328 0.86770610608315523749
v 0.524025141802880845 0.24173507649800246577 0.81568066490184643058
v 0.21061834222176126219 0.67735306765134195572 0.70326281613743757415
v -0.49758618887490124738 -0.50554450741539824765 -0.70326281613743746313
v 0.56757738195405793569 0.45898326863583738255 -0.68123401186724752421
v 0.3103700158231076367 0.78654600720502221289 0.53098885649197014036
v -0.24567835846409219469 0.36926699091874648495 0.89596590225643779615
v -0.33945589149272525908 0.38458742571583581782 0.8572441112798203644
v 0.21061834222176123443 -0.67735306765134206675 -0.70326281613743746313
v -0.34626186940453862473 0.17851040061935283254 -0.92099769525617836141
v 0.48809473358223243178 -0.094072549212284264919 0.86770610608315523749
v -0.57143776465485984772 0.65947433556757151241 -0.48841834717173260305
v -0.63121931896205341062 0.60186640495483723079 -0.48841834717173260305
v -0.48040865132925281156 -0.17984804145684424315 0.85724411127982058645
v -0.4270768185527752947 0.64191804546424779954 -0.63682541874692766282
v 0.031686148220894549965 0.66517411109727964114 -0.74461120359682009262
v -0.77510375107370721448 0.2275909960911454144 -0.58942048960797821522
v 0.18430301354708794603 0.880812339797571342 0.43518502633451583428
v 0.58465145982439048478 0.55746404095286761216 -0.58942048960797821522
v -0.71792974095526063127 0.60241458084675947315 -0.34293603390298055267
v -0.013068371087261864902 -0.82356964109093133697 -0.56465623730405178904
v 0.35429854589187415037 -0.66126777950840509579 -0.65938069988702763258
v -0.80343548978860934717 0.1814639076997330569 0.56465623730405190006
v 0.25417020883465374359 -0.81741679686408097449 -0.51415516608592903847
v 0.1313385592209883046 -0.42238759953572652117 0.89596590225643779615
v -0.3307197128897135241 0.78955505594019925741 0.51415516608592926051
v 0.68363596838016038593 -0.087245057404921014244 0.72458965124774754596
v -0.34485455571497686256 -0.72871923812171301993 -0.58881375375972011543
v -0.82330555313689091079 0.56680442956000165466 -0.03001174445311985059
v 0.78835764614681580476 -5.2041704279304212832e-18 0.61312295417745299453
v -0.76428666197059558218 0.64131265617324118011 0.010003914817706703599
v -0.56788044744678889408 0.5921841394959521665 -0.56960908776483709648
v 0.5061632292121307497 -0.71080679761773579717 -0.48841834717173260305
v 0.55022631209713868117 -0.67727285758548971817 -0.48841834717173260305
v -0.2753043256298197683 -0.79543960978953909269 0.5398919850001255849
v -0.22131097586407055822 0.16294781925627827013 0.96102848646748251227
v 0.88679590876961544854 0.45717506583759043304 0.010003914817706703599
v 0.79900257021170639771 -0.34967969749367122656 0.48841834717173288061
v 0.29170240971491923077 -0.35905611972500250939 -0.8853684786914567395
v -0.88256443373077320125 -0.17010035227344327824 0.43466239534206857487
v 0.56771244564952627609 0.69879651681219823178 -0.43518502633451550121
v 0.5210821315075769844 0.01654118700209110393 0.85201311387815303888
v 0.38936481094352326515 0.57785212787403839041 0.71553680409912867599
v -0.45603833479751687552 -0.54649496662317331719 0.70021612540739341934
v -0.11722093515042138201 -0.8152895120213313751 0.56465623730405201108
v 0.90952513133813805979 -0.057802023028552348971 0.407784419427236422
v -0.12418529443681497471 -0.86372769481571798345 0.48841834717173288061
v -0.072225240194118967008 -0.90849356248723767138 0.407784419427236422
v -0.041499532866812606502 -0.87118240731549123623 0.48841834717173288061
v -0.6728783062631221723 -0.52915734882457943211 -0.51415516608592903847
v -0.79348769898407134349 -0.47506360282992216026 0.3803838125199569542
v -0.85372438913787673798 -0.40637458665703751759 0.32421214459449249068
v 0.15372764023830934321 -0.81282205529170126201 0.55970338684326659262
v 0.36695717803644645194 0.83176397505351362671 0.41326454080869229335
v -0.85214531394047043911 0.08137001157602687107 -0.51415516608592903847
v 0.90421028708848738553 0.23461015368180151985 -0.35229797855722461142
v -0.85822923152454466678 -0.29988575635745706727 0.41326454080869229335
v -0.83463197816159373499 -0.39728655928252587515 0.3803838125199569542
v 0.53305261172983298135 0.74803215111776055757 0.39106996446068764683
v -0.43717078374859225098 0.18151305990276375701 -0.87981744730027611201
v -0.28954851934424241655 -0.83659550468529264577 -0.46180168675312405213
v 0.21501333615343742878 0.16908835648565287424 0.96102848646748251227
v 0.8781631939683556265 0.11207046119910028803 -0.46180168675312405213
v 0.76467189642470201338 0.30612844831503255305 -0.56465623730405190006
v -0.29369691994174529359 0.87915520670630864508 0.37079345884722858528
v -0.23991731122318377123 0.86778665386698861095 0.43518502633451583428
v -0.18941108799166894716 0.90522461020378508501 0.3803838125199569542
v 0.043364254512799224606 0.91032773210113737683 0.407784419427236422
v 0.098123449152897751491 -0.8798307634087485507 -0.46180168675312405213
v 0.76668481451266023985 -0.49271841207482669489 -0.40778441942723614444
v 0.36571014924523204126 0.37155926227581498322 0.85201311387815281684
v 0.41887118813422175023 0.42557055081176325961 0.80192102705431000942
v -0.40974429334776807377 0.40638382167596509564 0.81568066490184631956
v -0.50590474505016924667 0.39784788892248790226 0.76463275594589319439
v -0.46105534149137811228 0.3394678558492391085 0.81912057436373042485
v -0.50784817847721130946 0.81849519478150078999 0.26687239892297098809
v 0.82904118027389750445 -0.27228338097668713935 0.48841834717173288061
v -0.7840406467671414692 -0.30157029992676831487 -0.53933623265139973846
v 0.29633993038275802112 0.36476443793110180369 -0.8818360041697964613
v 0.094295884279586225651 -0.77578695700598754303 0.62102377570061140233
v 0.25165057860187850514 0.91022616265263167623 0.323822785345806885
v 0.19704242136238320215 -0.94169592162006221514 0.26655190125355276987
v 0.28615162939414479082 -0.92026972550887198299 0.26687239892297098809
v -0.48419051457316714115 -0.76206397118600499585 -0.42579017520253215068
v -0.6552834966184551968 -0.66576400214094966223 -0.35229797855722466693
v -0.26902767386063008992 0.45335895655036601015 0.84887451543715264357
v -0.92992113280366617278 -0.0887967018103118233 -0.35229797855722466693
v 0.59468753819475539402 -0.40056338084193265914 0.69615387110066762055
v 0.56168822512684291048 -0.3311873901224061667 0.7566241350062640203
v 0.59830180123619736143 0.23952390939551396198 -0.76463275594589286133
v 0.56760103674725692624 0.18641815751583831751 -0.8019210270543098984
v 0.50787578804617983241 0.26182816648249956915 -0.81912057436373031383
v 0.024835760402967664573 0.52136677308652212837 0.85201311387815303888
v 0.78585786347783603834 0.50504018245808302012 -0.35229797855722466693
v -0.19642663132600857168 -0.39633026617420308302 0.89596590225643790717
v -0.13982305394249672226 -0.48399534042392211575 0.86247510868148791197
v -0.28812351379932271689 -0.86739644305943175429 0.40230429804578055064
v -0.18941108799166878063 -0.90522461020378508501 0.3803838125199569542
v -0.18439584904179689984 -0.88125601485061177964 0.43518502633451583428
v 0.41390622534260745891 0.88180508336049645557 0.21816279265899726769
v -0.51537070207298085744 0.83061919104004822145 0.20857116024319485859
v -0.66325299758785505322 0.71807427350514796416 0.20857116024319485859
v -0.61286400586068001672 0.77077719120500964856 0.16920270500003631309
v -0.20397686309297752283 -0.97483668111368948495 0.089927106469603806937
v -0.23973223207929778011 -0.46950898786879030622 0.84887451543715253255
v 0.29039026305536985717 -0.93390126150329222376 0.20857116024319485859
v 0.50616322921213086072 0.71080679761773557512 0.48841834717173288061
v 0.41210827476762162958 0.76916466898453361711 0.48841834717173288061
v 0.43284100444361517379 0.71380326722072673373 0.54782254689801102021
v 0.96447352714936740448 0.25024630404851683219 0.059969425461361886009
v 0.10840055685047897405 -0.97198116771330178576 0.20857116024319485859
v -0.80343548978860923615 -0.1814639076997330569 0.56465623730405190006
v -0.61563434097691460689 0.75778351593550274945 -0.20832067884820751336
v -0.96049618508687850671 0.27101517314590217733 0.01998980848712066799
v -0.85317486301795608661 -0.47469374540638731297 -0.20832067884820751336
v -0.98190233957279937638 0.083375105296034937585 -0.15927080984856067936
v -0.025970974979575598557 -0.9779347963950639766 0.19860380573491162592
v -0.19011647343476001382 0.95962840937019744381 0.19860380573491162592
v 0.92017751689756632771 0.087866299300198152933 0.3803838125199569542
v 0.88407070697829670536 0.17039066264652358296 0.43518502633451583428
v -0.97428730736434587811 -0.16655874223270095147 0.1394968008862955966
v 0.97089076966432286131 0.18712385818768959012 0.14951847737845705422
v -0.98428175465334000194 0.093987511824549244133 0.14951847737845705422
v -0.11882908454193334691 0.89516751062681487738 0.42579017520253248374
v 0.20215939674794730641 0.96615073098699455478 0.14933891469708523991
v -0.52041070483294815663 -0.83874212662502656279 -0.14933891469708510114
v 0.43832673695815832504 0.88441241982901375174 -0.14933891469708510114
v -0.8303797347804027229 0.53365265177475318392 -0.14933891469708515665
v -0.52482497422821317024 -0.8458565723228119726 0.089927106469603806937
v -0.29556847668181390754 -0.95055450664721630183 0.089927106469603806937
v 0.70567700814227762862 -0.48582309754831365378 0.51415516608592926051
v -0.47817867803156810513 -0.67150799426849228091 0.56465623730405190006
v -0.54784185865202472687 -0.59312380958391930363 0.58942048960797821522
v -0.54188655601560420383 -0.34824934360336978756 0.76463275594589308337
v -0.31482175898660003099 0.50739592630980512311 0.80192102705431000942
v 0.96982248999567455261 -0.21904406893452527116 0.08981910943372695133
v 0.87345574824753569043 -0.48597772690548102226 0.03001174445311997202
v 0.91413563700502575848 -0.4000671398734113593 0.029975702156534653198
v 0.94964315454163139574 -0.31189288902939094061 0.03001174445311997202
v 0.94622176193185381088 -0.31076919533406555107 0.089927106469603806937
v 0.82190281111700635996 -0.56583871229091309285 0.029975702156534653198
v 0.44129612774745335946 0.014008466863468295796 0.89596590225643779615
v 0.99375089679315353752 0.031545544211608163299 0.08981910943372695133
v 0.48437422453059691962 0.76211996039026930205 -0.42579017520253209517
v -0.63506126038884025409 -0.4372077098944361917 0.63682541874692788486
v -0.83944191092066611226 -0.53947655874832645129 0.029975702156534646259
v 0.87345574824753569043 -0.48597772690548102226 -0.03001174445311985059
v 0.55272720857907620129 -0.83077693284386411321 -0.029975702156534521359
v -0.29628096350219568222 -0.95284587941350018525 -0.029975702156534521359
v 0.99150798295948694427 0.12653542951478274903 0.03001174445311997202
v -0.86662430956182967545 0.37927403203214665739 0.32421214459449249068
v -0.43705626651632967228 -0.47318121772682136816 0.76463275594589308337
v 0.54617570880094801211 0.83225670287093411748 0.077879235844780930753
v -0.3742977137605763005 0.60325288760385042952 0.70326281613743757415
v -0.88903175846020610074 0.14225514157098298473 0.43518502633451583428
v -0.89988775896897843509 0.028565960722800411153 0.43518502633451583428
v -0.32378371665824590142 -0.48666329222626064643 0.81052080070902032816
v -0.35917042626865602895 -0.55563355815009529692 0.74861551406663495722
v -0.55689738866038429599 -0.41366231707193973355 0.71812333185587695628
v -0.29042491588295094029 0.39118320031526532254 -0.87137400936646169924
v -0.38013054354292624692 -0.76698988567017301055 0.51415516608592926051
v -0.3847238337548292697 0.27577682429749095228 -0.87981744730027633405
v 0.64795055763712650077 0.13675166781220937651 -0.74747142536097344045
v -0.94049992000250237645 -0.18758674650806295148 0.27814804945562437988
v -0.98699409302053864312 0.15793022363513839479 0.03001174445311997202
v -0.97745790917589081559 0.18838957058403502098 0.089927106469603806937
v 0.28490656279715986798 -0.95146634159050591517 0.099805003103140929599
v 0.71308173334885993633 -0.1610566118716375561 0.68193598102712760234
v 0.76470983137510017968 -0.13081554041635790053 0.62854220274731131823
v 0.72993929731893969493 -0.046389007427425153762 0.68193598102712760234
v -0.21156732863070321082 -0.63627819674551355789 0.74060689312700578313
v -0.77425590692484891342 0.43078441746523976619 0.46180168675312432969
v -0.83542693874049622771 0.33445449431707952037 0.43518502633451583428
v -0.80969492046958224662 0.32415294817406042904 0.48841834717173288061
v 0.11814901581767067729 -0.51376165957437303078 0.84887451543715253255
v 0.19530185441615466324 -0.56428764972203071526 0.80192102705431000942
v -0.57505685309170284647 0.0074448085879531729347 0.81666349617667033378
v 0.74778662240571303066 -0.38551079786230402213 0.5398919850001255849
v 0.23305257235420806516 -0.49513558337134527809 0.83571749963138353134
v 0.89927449857524288657 0.24572643944397154492 0.3579151453497712021
v 0.9336315041153879779 0.1493916055632214801 0.32421214459449249068
v 0.9422169228077356129 0.20644672279918016566 0.25521215118701573443
v 0.86343598177243119363 0.25352767920463448181 0.43518502633451583428
v 0.83560582229930790987 0.36569893772450778879 0.407784419427236422
v -0.56337416836468057202 -0.58506893804388249158 -0.5808118095951855242
v 0.28065030442956045986 0.18036299888729087626 -0.94271130005743442037
v 0.58930115830680307454 0.68008979080741283063 0.43518502633451583428
v -0.6708423893430404128 0.056739455166954465282 0.73750225856005036107
v 0.48299123646461999959 -0.19510587414942343054 0.85201311387815281684
v -0.8629958204988374959 0.073467955158152201123 0.4967040063083276169
v -0.19374391303315288693 0.92593184493246694089 0.32421214459449249068
v -0.45139253564328596369 0.80086919187304506096 -0.38928893913723233711
v 0.43047384621241713276 -0.7839111600182566697 0.44379593097782843447
v 0.25672232169149111769 -0.85669019407216906448 0.44379593097782843447
v -0.94247131113321502838 0.059895814368233143976 0.32382278534580677398
v 0.35287443918264677079 0.92364704032111755172 0.14951847737845705422
v -0.91321184020213330701 0.14612422826970047907 0.3803838125199569542
v -0.95936802028312695434 -0.091608538636593947468 0.26687239892297098809
v -0.94797054824209148194 0.16166007377717295235 0.26655190125355276987
v -0.97633902063972088925 0.15622529148219982398 0.14951847737845705422
v -0.67603370726685130254 0.68684608853231154946 -0.26687239892297087707
v 0.72282769006238511977 -0.31634212132020095298 0.61312295417745310555
v 0.25909557065036636914 0.83325686520747832553 0.48841834717173288061
v 0.87672316727935184488 -0.19801665961663786342 0.43466239534206863038
v 0.3081798847081881898 -0.49669126611485514555 0.81052080070902032816
v 0.40363139875254488986 -0.53036546737791145922 0.74461120359682031467
v 0.93837377857606563136 -0.11975448625549142689 0.32421214459449249068
v 0.94517013654482506801 -0.19269505000516082283 0.25699527697496588052
v 0.97013894286810931078 -0.12380833027528850843 0.20857116024319485859
v -0.78286828258504381761 0.61565442225679545274 -0.089927106469603695915
v -0.76876558136328376758 0.60456393543278785785 -0.20857116024319474756
v 0.054536947505262306501 -0.93941429562560974098 0.33337940962439371884
v -0.354512627384074408 0.87166180052483244189 -0.33337940962439366333
v -0.25680930752553188245 0.92888540857382162486 0.26687239892297098809
v -0.98343813173170657738 0.15736122958993140064 -0.089927106469603695915
v -0.83490459813704354097 0.36539205028499566197 -0.40778441942723614444
v 0.72940789147575968432 -0.34719967494682013598 -0.58942048960797821522
v -0.83726278218129279729 -0.24584253439971276434 -0.48841834717173260305
v -0.77510375107370721448 -0.22759099609114555318 -0.58942048960797821522
v 0.30472774720428086326 0.58725892597077433699 0.74861551406663495722
v 0.31644197349803149244 -0.64833357196645824416 0.69046671507125167988
v 0.3201392654352883671 -0.57900163797272408139 0.74861551406663495722
v 0.55589165361821268885 0.1172365510176482245 -0.82157765255079051592
v 0.33092840854163890763 3.2959746043559334794e-17 0.9427113000574345314
v 0.17716202757901999831 -0.4637207013624268237 0.86770610608315523749
v 0.58661362457415000549 0.33807688292928594898 0.73460042742228393031
v 0.54619623614395007571 0.44620175061067696154 0.7075281831594995019
v -0.56008522975691055201 -0.73594340175106598423 -0.38038381251995684318
v 0.58192110185595891103 0.32377220584521992919 -0.74461120359682020364
v 0.42541137724479893834 -0.25469514123218972568 0.86770610608315523749
v 0.0082716346709424369565 -0.52127898356234181332 0.85201311387815292786
v 0.76668481451266023985 -0.49271841207482669489 0.407784419427236422
v -0.48335596667424263195 -0.72650844979700068826 0.48841834717173288061
v 0.10768178843610443085 -0.61069376906159988927 0.78327689150010160191
v -0.0098387174800742688285 -0.62003664953759618506 0.78327689150010171293
v 0.032792531152420596741 -0.68839994712760188555 0.72458965124774754596
v -0.81033466805411902278 -0.52077046960503536877 0.26687239892297098809
v -0.75810025343496190153 -0.61590463770905667928 0.20838329919695444681
v -0.25410316950743816466 -0.91909724262760061908 0.29554227175873176714
v 0.55913096061163003458 -0.73468950673000144036 -0.37992699448298827836
v 0.15001163691841745695 0.67123339339023835315 -0.72384377538418331888
v -0.63383883361958681668 -0.30773800488565461464 0.7075281831594995019
v -0.50032013375509332143 0.27837064649832699015 0.81912057436373042485
v 0.1841246909011299282 0.59214892158309639925 0.78327689150010171293
v 0.21803663377007043156 -0.89875924557525332936 0.3803838125199569542
v 0.28088204314256748351 -0.90332262405936480931 0.32421214459449249068
v 0.39612999867799192355 -0.86740370434230829044 0.29554227175873176714
v 0.35712317983502056551 -0.85259027884500682148 0.3803838125199569542
v 0.015001397908469969039 0.94538912377407346987 0.32421214459449249068
v -0.015517026766933856435 0.97788408975456897476 0.20857116024319485859
v -0.32180061908903978551 0.5573750221693358764 0.76463275594589319439
v -0.88156408396277363693 -0.41962633935506005178 0.20832067884820762438
v -0.38749679025113287212 -0.78185277110917905663 -0.48841834717173260305
v -0.90098210484710783419 0.42886935772371387321 -0.029975702156534521359
v 0.5538604549290323531 -0.15486899602066581116 0.8166634961766704448
v -0.49841876419988029312 0.7285307624562995521 -0.46712501883684576232
v -0.57322993658648901949 -0.16831549592717320873 0.80192102705431000942
v 0.46696224334257618871 0.87154488594386025913 0.14951847737845705422
v -0.33229905786655372646 -0.46530527870504340138 -0.8191205743637302028
v 0.21782363307888877313 -0.64355049289784505007 0.73207615908288181661
v -0.66013622200581989485 0.62943861631553799096 0.407784419427236422
v -0.40843053949947039083 -0.66931499233613123145 0.6178634470913479948
v -0.31209979058596232226 -0.74510214544483066579 0.58942048960797821522
v -0.38550484470270846016 -0.54258705454158251413 -0.74461120359682009262
v 0.80132728166249223012 0.10226472555916861495 0.58942048960797821522
v 0.82849357958777503086 0.20352899937701482425 0.51930252986876845878
v -0.21174523719735807714 0.57876386130972179433 0.785940339436417168
v 0.72282769006238511977 0.31634212132020095298 0.61312295417745310555
v 0.71783812152165993314 0.41112080004801376809 0.55970338684326659262
v -0.33822272723906771086 0.28380256568207551382 0.89596590225643790717
v -0.48071796285840939778 -0.28046180305888768203 0.8294403027493826297
v -0.42132572457910055785 -0.3914466033452577709 0.81666349617667033378
v -0.39927476921601179338 -0.29397978420990478199 0.86770610608315523749
v -0.66142982524619753359 0.50929070843431512028 -0.54782254689801090919
v -0.59986034220384731874 0.2952271299463942178 0.74175098183266718888
v 0.79296963644155538109 -0.35997406572190399077 -0.48791558059778283862
v -0.86999911491512071926 0.22573358096875234535 0.43466239534206857487
v -0.16102450354007463718 -0.55687442717343138554 0.81338739192725695304
v -0.27662828834853370186 -0.58116476392630456171 0.7639440475484610138
v 0.60321434721795641476 0.24149059613489015641 0.75795890516286901217
v 0.64846928157423544548 0.33430915001478167525 0.68193598102712760234
v -0.035133038543132259768 -0.56703228220237278379 -0.82157765255079051592
v -0.13908813203289488447 -0.5030851007543820641 -0.85201311387815281684
v 0.66940146526215738021 -0.39536330883510029111 0.62688555954738789389
v 0.73664454207179885792 0.14197659832839604199 -0.65938069988702763258
v -0.26169411301208572729 -0.94655386687037401661 0.17904481881082592865
v 0.65038076162677627146 -0.28463606558999599017 0.70326281613743757415
v -0.47647460699846544419 0.80127901240156296225 0.3579151453497712021
v -0.32360372434546247344 -0.39832340674043598128 0.8572441112798203644
v -0.55258980806192159463 -0.26303389911212771146 0.78949160335150447843
v -0.48591640963388393892 0.59811388162462542084 0.63682541874692788486
v 0.87260667444033601647 0.073907810451811370434 0.47925284653072602881
v -0.085987242954778539406 0.95542160166503109497 0.27626877436684882383
v 0.42187757526451113987 -0.43445490456964741544 0.79446337283262669082
v -0.80775412314607542008 0.44942232443103868889 0.3803838125199569542
v 0.16059482130335045458 0.91077849038244595992 0.3803838125199569542
v -0.99590810361671566753 0.031614022402114187738 0.059969425461361899887
v -0.5529274031422666269 -0.83107783539144619578 6.3317406873153458946e-17
v -0.40655424103642595623 0.48365403068655798968 0.77395482372299739815
v -0.82685797800671567703 -0.53138935612522630869 0.1790448188108259564
v 0.72986285474622691893 0.10136065356788183378 0.67400807197049772412
v 0.14864656402432407933 0.8430165560997886498 0.51415516608592926051
v -0.57143776465485984772 -0.65947433556757140138 -0.48841834717173260305
v -0.48922749107652985234 -0.64283741988566212022 -0.58942048960797821522
v -0.47602852829841896254 -0.69884262063660673725 -0.53098885649197002934
v 0.33558321288912662528 0.73482473669392911475 0.58942048960797821522
v 0.77261721904056179788 -0.25420468329407402974 0.57909007359262709702
v 0.68029011656729876378 0.18609591055878027532 0.7075281831594995019
v -0.45864630840097619924 0.08152257117935969577 -0.88385456103931658856
v -0.74346818125279534595 0.54740402435341817267 0.37992699448298844489
v -0.68429642211203445257 0.65247532058629398311 0.32421214459449249068
v -0.75754442113403597236 0.59573951749216447205 0.26687239892297098809
v 0.43149328905364292552 0.48720283237183503733 0.75749976623124748443
v -0.090530540841431514365 0.51342421039416874518 0.85201311387815303888
v -0.77560634742196354896 0.39985286291934085678 -0.48841834717173260305
v 0.2673296002698452023 0.85973767957080471369 0.43518502633451583428
v 0.54221763219734198103 -0.78251317594964786561 0.30127624632588390075
v 0.6292132988519186787 -0.58520071070997925489 -0.50900780230308972918
v -0.11246216607783776631 -0.95240807860458343015 0.27814804945562437988
v 0.30382437217324420597 -0.40496504641095809607 0.86142890920115444686
v 0.10681830597082611622 -0.95779380463783625466 0.26687239892297098809
v 0.5193694079552272358 -0.63929113409287696701 -0.56465623730405190006
v -0.73395588493443164602 0.27804283493419584827 0.6178634470913479948
v -0.78104571777647757713 0.31268353755898548041 0.5398919850001255849
v -0.68662115477563556709 -0.043636058458155546624 0.72371946274025611423
v -0.69130805198816280832 -0.55773223434612329008 0.45647835466940267501
v -0.76175975575279342156 -0.52443324616983111319 0.3803838125199569542
v -0.6276817179413005654 0.77261261669584357925 0.089927106469603806937
v -0.19329596107440619179 0.47947203513078295867 0.85515171231915343419
v -0.86987068147247126326 0.48398304932090291386 0.089927106469603806937
v -0.65190333549448897799 0.37948309772295973907 0.65486964365900779406
v -0.92414101072865961761 0.36997025124292431952 0.089927106469603806937
v 0.82545715346909520616 0.49420381665756896172 0.26655190125355276987
v 0.75716302962514048236 0.59543958789444539903 0.26687239892297098809
v 0.71057426087096609013 -0.64405986272851512009 0.27814804945562432437
v 0.64185931867734646872 -0.69491229685802247129 0.32421214459449249068
v 0.6393673001783106713 -0.73786919862286592942 0.20832067884820765213
v 0.80212136499013175772 0.32112095393183409664 0.5012867566288310428
v -0.89424732434809706128 0.3580026245145384034 0.26687239892297098809
v -0.85420070659257507639 0.47526450944286458 0.20857116024319485859
v 0.49080001158693836727 0.37152015835132612409 0.7870057186109432612
v -0.39966657729192239801 0.87514773130481748886 0.26655190125355276987
v -0.94604690022591020337 0.25178319736699977804 0.19661033483325499049
v 0.53976660543059429287 -0.66439801814614007913 0.51415516608592926051
v 0.51075787245635839717 -0.42765122285084422593 0.74461120359682042569
v -0.48073020810832178817 0.52046503550650924375 0.70326281613743757415
v -0.51926673086893226916 -0.80214721101295105576 0.28980829719157957802
v 0.64774265225197336093 0.41627892584985970448 0.63682541874692788486
v 0.48857387995960654958 -0.58433741795842719657 0.64538865783121779351
v 0.59768513710516024684 -0.50151737810508201232 0.62295338658454946223
v 0.49800410423819740924 -0.50596910685405360741 0.70326281613743757415
v 0.37916263219231022275 -0.37025333898850076864 0.84678211647648571336
v 0.49131244323461675805 -0.30765256622186082369 0.81338739192725695304
v -0.82594635617585265841 0.48051087671664172163 0.28980829719157963353
v -0.32266661050838341129 -0.67306871537523893512 0.66389175611504769314
v -0.72037093780131911114 0.40080362580914796755 0.56465623730405190006
v 0.74187120999101374696 0.66373315594582904531 0.089927106469603806937
v 0.65345050503372426043 0.75412208343228281926 0.029975702156534653198
v -0.45624917733652226026 0.68576557527282355764 -0.56465623730405190006
v -0.62995131866013442945 0.77540626529211675866 0.03001174445311997202
v 0.63532608865950290777 0.51916376870072866723 0.56960908776483709648
v 0.58081860714707134186 0.628826256168046549 0.51415516608592926051
v 0.5287474507088771869 0.61020708694303926745 0.58942048960797821522
v 0.87030884508951289469 -0.484226837010261979 0.089927106469603806937
v 0.86402637649665003927 -0.48073136535959137827 0.14951847737845705422
v 0.5264297638218615738 0.53395513043959108579 0.6593806998870277436
v -0.67666873169635477492 0.49822063166246000065 0.53924360725994557875
v -0.51777367128919427053 0.54593212690186609937 -0.65615851686701343048
v 0.89248132951428726933 -0.31832871884383789896 0.31274419546018822347
v 0.8824384252586068289 -0.38619500500412817789 0.26687239892297098809
v 0.91171593716936372154 -0.36499600214773481044 0.1790448188108259564
v -0.47444374451938686743 0.76465751289622019282 0.43518502633451583428
v -0.57514312372916176486 0.70794292887237619816 0.407784419427236422
v -0.45169536076155508697 0.72799410917847628966 0.51415516608592926051
v -0.11246216607783776631 -0.95240807860458343015 0.27814804945562437988
v -0.56263513236781381721 0.55769168078172848269 0.60838246126355799426
v -0.54021994750890611758 0.66495603632537181316 0.51415516608592926051
v 0.65958224852106983604 -0.62891040366473560663 -0.40778441942723619995
v 0.57466047480025717054 -0.70734883692856520554 0.407784419427236422
v 0.68245700850796620074 0.25896362086559165938 -0.68123401186724763523
v 0.73532285104958461375 0.48313534924792245207 0.47067390689266053183
v -0.56806172423694423212 -0.0081127624058948237529 -0.8215776525507904049
v -0.67666873169635477492 0.49822063166246000065 0.53924360725994557875
v -0.73176904869616232752 -0.16527732817112672503 0.65938069988702785462
v -0.57073730821778612121 -0.64236140316483403279 0.50900780230308995122
v -0.61058231380550798129 -0.66105008646102025871 0.43518502633451583428
v -0.55581392020239939189 -0.73033096650644568903 0.39408411597359671585
v 0.48759325260462277329 -0.78585047889991566095 0.3803838125199569542
v 0.4345189706229730664 0.64384969427352556348 0.62734443291913799534
v -0.74729460868458141842 -0.33870492392919965274 0.5696090877648372075
v -0.76315434438025597785 -0.44359191043709822466 0.46712501883684609538
v -0.69350006108189399257 -0.44568542692118717774 0.56465623730405190006
v -0.57856460554724864487 0.43206369186143545047 0.68997533665933552527
v -0.68916730685844940218 -0.31092826786248101145 0.65186227284032782769
v 0.64717341117220694713 0.74687793094593168952 0.14951847737845705422
v 0.54471797995110926571 0.80741165203058584687 0.22008111914215777727
v -0.97806287671495284464 -0.020590452489341378589 0.19860380573491162592
v 0.73532285104958461375 0.48313534924792245207 0.47067390689266053183
v 0.76354088933106201154 0.51853762611570697327 0.38010972169777584861
v 0.67977465795629066214 0.60817696249837027711 0.407784419427236422
v 0.33695873661385161713 -0.80445000333381522228 0.48841834717173288061
v 0.88137866988547020064 0.38573120807516786401 0.26655190125355276987
v 0.94307410205401531744 0.27691154116711980127 0.1790448188108259564
v -0.62488230600118521707 -0.72072290908019776001 0.29554227175873176714
v 0.8460773937299626013 -0.33871829330723296492 0.407784419427236422
v -0.3927782750595818495 -0.8600644533584318463 0.32421214459449249068
v -0.37382688509233663599 0.81856669778605772869 0.43518502633451583428
v 0.90864586793160617706 0.39766456839182667826 0.11972279192403043058
v -0.7292702239737989256 0.65264237684827908215 0.19661033483325496274
v -0.76102131758635993553 0.63857270690476231056 0.089927106469603806937
v -0.82487579370660868427 0.53749260502741535994 0.16132901395140461509
v -0.91248167405198632451 0.3653025569522083682 0.1790448188108259564
v -0.4955108440586762919 0.85824995761096622982 0.11972279192403043058
v 0.65785993905909834201 0.71223545091544004926 0.23772177958308293722
v 0.65503289928665298092 0.67387545651499336508 0.33544647817958539449
v 0.75244721511136292147 0.63160072565279168355 0.1790448188108259564
v -0.4282735288347068181 -0.79933572609463809933 0.4169179550629962816
v 0.3990920520135973204 -0.89904966299737565372 0.16911292365935040594
v 0.5237496885174783845 -0.84438315905411476248 0.089862308248077699124
v 0.5177978159708086503 -0.83485430462436938104 0.17904481881082592865
v -0.81190603515050285832 -0.295509629815872088 0.5012867566288310428
v 0.76429272922012569946 0.2084104773012828149 0.60838246126355799426
v 0.83370049624104380914 0.5357867755799916587 0.11972279192403043058
v 0.75036488919013522025 -0.64337400085493234858 0.1394968008862955966
v 0.46746781042211588142 0.80967799855408062459 0.35229797855722472244
v 0.48857387995960654958 -0.58433741795842719657 0.64538865783121779351
v 0.45022939864932332021 -0.66164849485040255761 0.59696738188631948141
v 0.53976660543059429287 -0.66439801814614007913 0.51415516608592926051
v 0.80742660766983265219 -0.50437000746206461788 0.30127624632588384523
v 0.28466770653280243364 -0.76469047257468103496 0.57496612036731986617
v 0.31644197349803149244 -0.64833357196645824416 0.69046671507125167988
v 0.34772301078277656483 -0.71103750652981323466 0.60795774616977749094
v 0.45022939864932332021 -0.66164849485040255761 0.59696738188631948141
v 0.81456092931714818572 -0.53801808801284278783 0.20842087140620255137
v -0.62005219307576298071 0.59121857192920734825 0.51415516608592926051
v -0.69933892470694236643 -0.62568061048914924704 0.34009432432375996669
v 0.88137866988547020064 0.38573120807516786401 0.26655190125355276987
v 0.83560582229930790987 0.36569893772450778879 0.407784419427236422
f 1 2 3
f 4 5 6
f 7 8 9
f 10 11 459
f 1 12 2
f 4 13 5
f 12 102 139
f 13 648 14
f 7 4 8
f 546 15 16
f 17 18 19
f 25 12 1
f 20 21 22
f 673 23 24
f 649 25 26
f 1132 27 28
f 29 30 31
f 32 58 33
f 34 85 485
f 158 35 151
f 896 36 161
f 37 96 38
f 211 281 39
f 1258 40 173
f 210 29 41
f 60 42 43
f 42 615 44
f 242 186 45
f 407 87 46
f 12 505 102
f 104 47 113
f 67 48 104
f 1132 640 27
f 673 24 49
f 1993 443 50
f 51 52 53
f 4 648 13
f 54 55 404
f 20 22 156
f 56 57 157
f 29 168 30
f 167 58 32
f 58 212 59
f 213 60 61
f 203 121 62
f 461 218 63
f 307 136 64
f 243 65 66
f 428 110 67
f 68 69 406
f 182 70 71
f 72 96 37
f 445 34 485
f 97 181 508
f 546 734 15
f 73 74 75
f 477 1941 76
f 77 78 79
f 1258 129 40
f 80 81 82
f 83 26 25
f 575 17 19
f 1016 84 85
f 1016 86 84
f 87 88 89
f 90 16 15
f 2016 91 336
f 92 93 94
f 202 95 70
f 464 96 97
f 21 20 56
f 23 675 24
f 98 99 205
f 100 101 102
f 100 103 101
f 104 160 20
f 83 25 1
f 105 499 106
f 488 107 108
f 109 6 5
f 109 5 13
f 428 75 74
f 110 73 75
f 11 10 838
f 434 29 31
f 434 31 30
f 111 453 112
f 113 156 1251
f 47 156 113
f 114 115 384
f 24 675 116
f 24 116 49
f 117 52 118
f 87 1144 88
f 87 407 1144
f 119 89 88
f 120 121 122
f 282 123 458
f 54 724 55
f 124 125 126
f 127 128 330
f 118 52 461
f 526 7 9
f 129 130 131
f 132 133 216
f 134 135 136
f 137 354 348
f 100 102 138
f 100 139 103
f 140 141 188
f 36 142 161
f 1271 143 165
f 1271 174 143
f 144 522 145
f 146 147 117
f 148 149 243
f 150 151 1352
f 150 152 151
f 153 151 152
f 154 127 155
f 153 158 151
f 153 1251 158
f 156 157 158
f 156 158 1251
f 22 157 156
f 159 896 161
f 159 161 160
f 81 80 206
f 20 161 56
f 20 160 161
f 341 309 488
f 115 427 384
f 116 675 162
f 163 137 164
f 165 166 482
f 167 168 169
f 170 171 199
f 109 13 14
f 172 173 174
f 687 18 17
f 90 546 16
f 1016 85 34
f 1016 485 86
f 162 175 1301
f 130 2071 131
f 1301 175 176
f 794 177 178
f 651 179 857
f 1045 180 399
f 229 181 182
f 229 183 181
f 183 184 181
f 183 185 184
f 229 182 71
f 248 72 37
f 248 186 72
f 185 187 184
f 188 189 190
f 191 639 506
f 191 192 639
f 246 1132 28
f 193 27 640
f 193 640 509
f 188 194 189
f 195 196 197
f 198 199 200
f 171 200 199
f 201 202 203
f 826 2179 204
f 158 157 205
f 157 98 205
f 157 57 98
f 462 522 144
f 206 194 188
f 207 208 209
f 272 1276 210
f 211 167 32
f 211 32 33
f 281 33 58
f 281 211 33
f 283 212 213
f 290 60 43
f 214 215 216
f 214 217 215
f 218 44 615
f 218 219 222
f 218 615 219
f 214 220 217
f 214 221 220
f 222 220 221
f 222 219 220
f 109 4 6
f 297 223 1045
f 2000 224 225
f 223 226 1045
f 223 227 226
f 202 507 95
f 312 228 229
f 227 235 226
f 227 230 235
f 228 183 229
f 228 231 183
f 232 2000 225
f 231 185 183
f 231 233 185
f 234 191 235
f 234 235 230
f 464 97 508
f 236 237 191
f 236 191 234
f 238 185 233
f 342 246 239
f 236 240 237
f 236 241 240
f 351 242 244
f 243 45 186
f 244 45 243
f 244 242 45
f 245 246 247
f 245 239 246
f 260 65 248
f 241 193 240
f 241 249 193
f 93 1996 94
f 245 247 251
f 245 251 250
f 249 251 193
f 249 250 251
f 252 2081 253
f 177 254 178
f 1002 255 992
f 528 178 254
f 190 189 256
f 257 258 259
f 194 256 189
f 104 159 160
f 104 48 159
f 260 261 357
f 339 262 1100
f 1020 1024 263
f 264 334 265
f 205 99 266
f 1276 267 210
f 100 138 268
f 100 12 139
f 213 212 269
f 270 271 272
f 98 273 99
f 274 272 271
f 1739 10 459
f 275 211 39
f 275 276 211
f 277 2029 1155
f 278 211 276
f 1081 279 1123
f 275 39 281
f 275 281 280
f 123 281 458
f 123 280 281
f 282 283 284
f 282 458 283
f 2373 2097 285
f 120 62 121
f 120 286 62
f 287 284 283
f 288 203 62
f 288 62 286
f 289 105 998
f 488 527 107
f 52 51 290
f 52 290 461
f 380 291 387
f 83 1 3
f 288 201 203
f 288 292 201
f 118 461 63
f 118 63 293
f 293 63 218
f 293 218 294
f 295 296 297
f 298 218 222
f 298 294 218
f 299 221 214
f 299 214 300
f 299 222 221
f 299 298 222
f 301 307 64
f 301 302 307
f 387 291 303
f 387 303 304
f 133 214 216
f 133 300 214
f 292 305 201
f 292 306 305
f 135 64 136
f 135 301 64
f 132 216 307
f 132 307 302
f 526 9 8
f 296 223 297
f 296 308 223
f 304 303 309
f 304 309 310
f 134 136 315
f 134 315 311
f 306 312 305
f 306 313 312
f 314 315 316
f 314 311 315
f 314 316 317
f 314 317 318
f 318 317 2232
f 318 2232 319
f 397 228 312
f 397 312 313
f 320 227 223
f 320 223 308
f 319 2232 321
f 319 321 322
f 322 321 323
f 322 323 324
f 397 231 228
f 397 325 231
f 310 309 341
f 310 341 326
f 327 328 329
f 320 230 227
f 320 330 230
f 325 233 231
f 325 331 233
f 324 323 332
f 324 332 333
f 334 335 1224
f 331 238 233
f 331 336 238
f 337 338 339
f 340 341 342
f 340 326 341
f 330 234 230
f 330 128 234
f 128 236 234
f 128 343 236
f 333 332 344
f 333 344 345
f 91 238 336
f 340 342 239
f 340 239 346
f 345 344 350
f 345 350 347
f 348 241 236
f 348 236 343
f 349 350 351
f 349 347 350
f 346 239 245
f 346 245 352
f 353 245 250
f 353 352 245
f 353 250 249
f 353 249 354
f 348 249 241
f 348 354 249
f 355 356 357
f 349 351 244
f 349 244 358
f 359 260 357
f 359 357 356
f 359 360 65
f 359 65 260
f 149 244 243
f 149 358 244
f 361 66 65
f 361 65 360
f 148 243 66
f 148 66 361
f 385 362 1229
f 363 371 364
f 1979 93 92
f 469 141 140
f 459 11 838
f 91 261 238
f 91 365 261
f 366 367 368
f 144 145 483
f 355 357 261
f 355 261 365
f 96 688 97
f 248 37 38
f 432 275 280
f 432 276 275
f 369 1272 370
f 173 143 174
f 371 372 373
f 22 56 157
f 22 21 56
f 1391 374 375
f 376 46 377
f 1397 1513 378
f 1379 1464 379
f 373 372 411
f 125 1061 380
f 1384 381 382
f 383 384 51
f 383 114 384
f 46 119 88
f 1405 1494 385
f 386 150 1352
f 125 387 126
f 125 380 387
f 388 51 53
f 388 383 51
f 388 53 52
f 388 52 117
f 126 387 304
f 126 304 389
f 395 313 306
f 390 132 302
f 390 133 132
f 391 429 392
f 1465 393 1570
f 394 118 293
f 394 117 118
f 400 1459 2257
f 449 314 318
f 394 293 294
f 395 396 397
f 395 397 313
f 449 318 319
f 389 304 310
f 396 325 397
f 391 392 398
f 649 12 25
f 1510 1434 369
f 399 647 1046
f 1609 400 2256
f 799 82 81
f 401 402 1856
f 403 343 128
f 403 128 127
f 162 404 175
f 2403 1828 405
f 403 348 343
f 403 137 348
f 406 1142 407
f 406 69 1142
f 482 166 408
f 409 352 353
f 409 410 352
f 165 408 166
f 410 346 352
f 409 353 354
f 409 354 137
f 1533 1542 425
f 411 412 1747
f 35 413 151
f 426 414 415
f 2406 1777 1697
f 416 356 355
f 417 349 358
f 416 359 356
f 416 418 359
f 419 149 148
f 419 420 149
f 420 358 149
f 420 417 358
f 418 360 359
f 418 421 360
f 419 148 361
f 419 361 422
f 422 361 360
f 422 360 421
f 423 1859 424
f 425 1876 1807
f 1832 426 1710
f 1352 151 413
f 427 213 61
f 427 283 213
f 427 61 60
f 427 60 290
f 1740 805 428
f 404 55 724
f 429 430 1928
f 431 480 432
f 433 434 435
f 2057 500 436
f 437 435 434
f 438 439 440
f 67 159 48
f 441 440 439
f 47 20 156
f 47 104 20
f 442 443 444
f 445 1965 746
f 446 447 390
f 1940 390 447
f 147 388 117
f 448 449 450
f 1365 451 452
f 56 161 142
f 452 451 453
f 452 453 111
f 1946 124 126
f 1946 126 389
f 146 117 394
f 146 394 454
f 455 454 394
f 456 396 395
f 456 457 396
f 458 58 59
f 458 281 58
f 458 59 212
f 458 212 283
f 459 805 1740
f 460 396 457
f 461 43 42
f 461 290 43
f 461 44 218
f 461 42 44
f 202 70 462
f 154 403 127
f 154 463 403
f 164 137 403
f 164 403 463
f 464 248 38
f 464 38 96
f 163 409 137
f 163 465 409
f 466 410 409
f 466 409 465
f 467 468 416
f 88 469 46
f 470 417 420
f 470 420 471
f 472 418 416
f 472 416 468
f 471 420 419
f 471 419 473
f 475 421 418
f 475 418 472
f 474 473 419
f 474 419 422
f 475 474 422
f 475 422 421
f 476 477 478
f 65 243 186
f 65 186 248
f 476 478 794
f 478 177 794
f 100 268 505
f 479 480 481
f 100 2 12
f 481 480 431
f 404 176 175
f 1008 799 81
f 170 199 198
f 170 482 171
f 172 174 1271
f 90 483 546
f 484 150 386
f 303 488 309
f 485 486 487
f 342 488 246
f 342 341 488
f 488 1132 246
f 488 108 1132
f 489 447 446
f 932 1999 490
f 489 1940 447
f 491 147 146
f 491 146 492
f 492 146 454
f 492 454 493
f 1976 494 455
f 493 454 455
f 493 455 494
f 67 110 75
f 495 496 497
f 56 98 57
f 1056 104 113
f 498 460 457
f 499 77 79
f 500 576 501
f 502 164 463
f 105 77 499
f 502 163 164
f 502 503 163
f 109 8 4
f 453 580 112
f 503 465 163
f 503 555 465
f 83 3 2
f 504 289 998
f 486 505 487
f 555 466 465
f 555 559 466
f 377 46 469
f 561 466 559
f 1045 506 180
f 1045 191 506
f 112 580 583
f 173 40 129
f 229 71 507
f 229 507 202
f 185 508 187
f 185 464 508
f 246 28 27
f 246 27 193
f 191 509 192
f 191 193 509
f 510 511 673
f 510 770 511
f 266 512 1937
f 305 202 201
f 579 470 586
f 574 468 467
f 574 513 468
f 591 470 471
f 591 586 470
f 514 472 468
f 514 468 513
f 2125 417 470
f 514 475 472
f 514 515 475
f 516 471 473
f 516 591 471
f 517 473 474
f 517 516 473
f 517 474 475
f 517 475 515
f 518 479 481
f 518 519 479
f 2015 520 521
f 2018 521 520
f 575 19 18
f 575 18 522
f 69 68 1922
f 523 131 2071
f 1967 549 524
f 525 526 527
f 129 528 130
f 531 489 529
f 531 530 489
f 531 532 533
f 531 533 530
f 612 536 534
f 532 1944 533
f 535 536 537
f 535 534 536
f 535 537 540
f 535 540 538
f 539 540 542
f 539 538 540
f 144 483 90
f 541 542 543
f 541 539 542
f 541 543 544
f 541 544 623
f 545 122 121
f 194 1114 256
f 141 206 188
f 546 522 18
f 1979 92 967
f 434 41 29
f 434 30 168
f 547 1967 524
f 547 524 548
f 627 503 502
f 627 554 503
f 548 549 563
f 548 524 549
f 550 551 552
f 550 552 553
f 554 558 555
f 554 555 503
f 643 498 635
f 556 553 552
f 556 552 557
f 558 562 559
f 558 559 555
f 560 556 557
f 560 557 561
f 562 560 561
f 562 561 559
f 563 571 564
f 563 549 571
f 321 565 323
f 225 224 733
f 566 567 568
f 566 568 569
f 97 182 181
f 570 571 578
f 570 564 571
f 572 573 574
f 70 182 575
f 576 577 667
f 576 667 501
f 585 578 579
f 585 570 578
f 580 581 665
f 580 665 583
f 582 574 573
f 582 513 574
f 583 671 584
f 583 665 671
f 287 283 427
f 287 427 115
f 585 586 590
f 585 579 586
f 587 513 582
f 587 514 513
f 51 427 290
f 51 384 427
f 587 515 514
f 587 588 515
f 588 517 515
f 588 589 517
f 590 591 592
f 590 586 591
f 655 659 518
f 593 517 589
f 593 516 517
f 593 591 516
f 593 592 591
f 1739 808 10
f 594 519 518
f 594 518 659
f 2016 336 331
f 595 519 594
f 2016 365 91
f 669 596 1975
f 669 1975 597
f 598 599 2015
f 600 531 529
f 600 601 531
f 602 2015 599
f 602 520 2015
f 677 603 1973
f 677 1973 682
f 604 520 602
f 604 2018 520
f 690 605 2019
f 682 1973 2019
f 682 2019 605
f 601 532 531
f 601 606 532
f 872 1016 34
f 872 34 445
f 607 2018 604
f 70 575 522
f 70 522 462
f 608 609 610
f 608 611 609
f 610 609 612
f 610 612 613
f 614 197 196
f 215 217 615
f 613 612 534
f 613 534 616
f 1408 196 195
f 617 618 619
f 616 534 535
f 616 535 620
f 620 535 538
f 620 538 621
f 706 622 623
f 624 538 539
f 624 621 538
f 624 539 541
f 624 541 625
f 622 541 623
f 622 625 541
f 696 626 627
f 628 547 548
f 628 629 547
f 626 554 627
f 626 630 554
f 628 548 563
f 628 563 631
f 632 550 553
f 632 633 550
f 718 550 633
f 630 558 554
f 715 634 635
f 632 553 556
f 632 556 636
f 636 556 560
f 634 643 635
f 634 637 643
f 631 563 564
f 631 564 638
f 90 15 734
f 639 640 109
f 641 642 643
f 641 643 637
f 641 644 642
f 638 564 570
f 638 570 645
f 83 649 26
f 645 570 585
f 645 585 646
f 647 648 649
f 1269 650 651
f 652 653 654
f 652 655 653
f 652 657 655
f 656 588 587
f 831 4 7
f 736 585 590
f 736 646 585
f 657 658 659
f 657 659 655
f 660 673 49
f 660 510 673
f 661 589 588
f 661 588 656
f 661 593 589
f 661 662 593
f 663 590 592
f 663 736 590
f 662 592 593
f 662 663 592
f 658 594 659
f 658 664 594
f 665 666 754
f 665 581 666
f 667 2073 748
f 667 577 2073
f 1483 774 668
f 272 210 41
f 732 669 670
f 671 754 766
f 671 665 754
f 114 287 115
f 664 595 594
f 1483 672 774
f 673 674 675
f 673 675 23
f 1984 601 600
f 211 168 167
f 671 766 779
f 670 669 597
f 670 597 676
f 744 677 681
f 752 676 597
f 678 608 610
f 678 679 608
f 307 216 215
f 680 599 598
f 681 682 760
f 681 677 682
f 680 602 599
f 680 683 602
f 684 602 683
f 684 604 602
f 678 610 613
f 678 613 685
f 686 936 687
f 686 687 688
f 689 690 693
f 689 605 690
f 684 607 604
f 684 691 607
f 689 682 605
f 689 760 682
f 127 330 320
f 82 1078 692
f 478 477 76
f 693 2017 694
f 693 690 2017
f 695 696 2022
f 691 2017 607
f 691 694 2017
f 305 229 202
f 305 312 229
f 697 613 616
f 697 685 613
f 350 242 351
f 698 617 619
f 697 616 620
f 697 620 699
f 700 626 696
f 700 696 695
f 565 701 1005
f 724 176 404
f 698 702 617
f 698 703 702
f 704 620 621
f 704 699 620
f 705 706 2020
f 705 707 706
f 704 621 624
f 704 624 708
f 707 622 706
f 707 709 622
f 96 686 688
f 96 72 686
f 710 624 625
f 710 708 624
f 711 630 626
f 711 626 700
f 710 625 622
f 710 622 709
f 129 143 173
f 703 716 702
f 703 712 716
f 1144 1008 88
f 198 54 404
f 713 628 631
f 714 715 716
f 714 716 712
f 717 2030 718
f 717 719 2030
f 720 633 632
f 720 721 633
f 717 718 633
f 717 633 721
f 720 632 636
f 720 636 804
f 713 631 638
f 713 638 722
f 723 634 715
f 723 715 714
f 142 98 56
f 198 200 724
f 198 724 54
f 725 637 634
f 725 634 723
f 726 638 645
f 726 722 638
f 725 641 637
f 725 727 641
f 728 1772 730
f 735 645 646
f 735 726 645
f 729 730 731
f 729 728 730
f 729 731 732
f 733 429 391
f 733 430 429
f 525 734 526
f 735 736 737
f 735 646 736
f 688 687 17
f 688 17 575
f 738 661 656
f 896 142 36
f 647 14 648
f 738 662 661
f 738 739 662
f 823 740 741
f 742 736 663
f 742 737 736
f 742 662 739
f 742 663 662
f 650 179 651
f 650 743 179
f 741 740 744
f 741 744 745
f 1005 701 746
f 747 676 752
f 759 745 744
f 759 744 681
f 748 749 1798
f 748 2216 749
f 60 750 42
f 751 752 753
f 751 747 752
f 2073 2216 748
f 615 42 750
f 754 755 767
f 754 666 755
f 751 753 756
f 751 756 757
f 757 756 763
f 757 763 758
f 759 760 761
f 759 681 760
f 762 763 764
f 762 758 763
f 761 760 689
f 761 689 765
f 766 767 780
f 766 754 767
f 768 683 680
f 768 680 847
f 768 684 683
f 768 769 684
f 770 771 772
f 773 685 697
f 774 775 876
f 774 876 668
f 776 691 684
f 776 684 769
f 871 765 689
f 777 697 699
f 777 773 697
f 778 693 694
f 779 780 784
f 779 766 780
f 781 700 695
f 781 695 782
f 778 694 691
f 778 691 776
f 774 892 775
f 774 672 892
f 783 784 786
f 783 779 784
f 894 789 785
f 672 786 892
f 672 783 786
f 777 699 704
f 777 704 787
f 788 711 700
f 788 700 781
f 789 232 225
f 307 215 790
f 307 790 136
f 866 703 698
f 866 881 703
f 791 707 705
f 791 705 792
f 315 136 790
f 787 704 708
f 787 708 793
f 794 528 129
f 794 178 528
f 795 792 705
f 791 709 707
f 791 796 709
f 886 711 788
f 188 190 495
f 796 710 709
f 796 797 710
f 793 708 710
f 793 710 797
f 798 712 703
f 798 703 881
f 799 105 106
f 482 200 171
f 907 713 722
f 899 719 800
f 801 721 720
f 801 802 721
f 890 803 804
f 803 720 804
f 803 801 720
f 838 2108 805
f 838 805 459
f 806 719 717
f 806 800 719
f 806 717 721
f 806 721 802
f 911 714 712
f 911 712 798
f 907 722 726
f 907 726 807
f 911 723 714
f 911 916 723
f 35 158 205
f 660 49 808
f 660 808 1739
f 809 728 729
f 809 810 728
f 916 725 723
f 916 811 725
f 771 812 772
f 771 1306 812
f 813 727 725
f 813 725 811
f 814 726 735
f 814 807 726
f 815 816 817
f 815 818 816
f 923 727 813
f 819 820 821
f 822 818 815
f 1132 109 640
f 817 816 823
f 817 823 824
f 825 735 737
f 825 814 735
f 819 821 826
f 824 823 741
f 827 834 828
f 928 829 738
f 825 737 742
f 825 742 830
f 546 18 831
f 546 831 734
f 832 739 738
f 832 738 829
f 830 742 739
f 830 739 832
f 1981 135 134
f 833 834 835
f 833 828 834
f 836 1985 837
f 838 932 490
f 839 747 751
f 839 751 840
f 406 407 46
f 406 46 376
f 841 745 759
f 1991 842 782
f 2040 843 850
f 743 858 179
f 840 751 757
f 840 757 844
f 845 846 847
f 848 207 209
f 841 759 761
f 841 761 849
f 850 208 207
f 850 843 208
f 948 781 782
f 948 782 842
f 851 773 777
f 851 777 852
f 853 854 963
f 846 768 847
f 846 855 768
f 856 757 758
f 856 844 757
f 857 858 859
f 857 179 858
f 853 980 854
f 855 769 768
f 855 860 769
f 861 758 762
f 861 856 758
f 862 861 762
f 857 859 980
f 863 761 765
f 863 849 761
f 1964 144 90
f 948 788 781
f 948 864 788
f 865 879 866
f 860 776 769
f 860 867 776
f 867 778 776
f 867 868 778
f 869 777 787
f 869 852 777
f 1926 452 111
f 863 765 871
f 863 871 870
f 868 871 778
f 868 870 871
f 790 872 873
f 864 886 788
f 864 874 886
f 875 787 793
f 875 869 787
f 876 877 977
f 972 797 796
f 972 796 878
f 879 880 881
f 879 881 866
f 129 131 523
f 129 523 143
f 972 793 797
f 972 875 793
f 882 796 791
f 882 878 796
f 883 791 792
f 883 882 791
f 884 885 886
f 884 886 874
f 780 887 784
f 883 792 795
f 883 795 888
f 876 900 877
f 876 775 900
f 888 795 898
f 888 898 889
f 784 887 988
f 784 988 786
f 884 890 885
f 884 891 890
f 892 988 893
f 892 786 988
f 894 895 896
f 456 395 1962
f 897 898 899
f 897 889 898
f 892 893 900
f 892 900 775
f 910 798 881
f 910 881 880
f 891 803 890
f 891 901 803
f 902 140 188
f 901 801 803
f 901 903 801
f 904 802 801
f 904 801 903
f 897 899 800
f 999 800 806
f 904 806 802
f 904 999 806
f 905 906 907
f 905 907 807
f 526 8 109
f 109 14 647
f 908 810 809
f 908 909 810
f 910 914 911
f 910 911 798
f 2082 1353 1945
f 2043 908 809
f 912 1056 113
f 912 113 484
f 1041 270 272
f 1055 912 1922
f 1055 1922 68
f 913 807 814
f 913 905 807
f 1329 495 497
f 2350 815 817
f 2350 822 815
f 1049 272 274
f 914 915 916
f 914 916 911
f 917 811 916
f 917 916 915
f 913 814 825
f 913 825 918
f 1051 211 278
f 919 813 811
f 919 811 917
f 920 923 813
f 920 813 919
f 929 921 2352
f 918 825 830
f 918 830 922
f 1020 263 923
f 1020 923 920
f 924 827 828
f 922 830 832
f 922 832 925
f 925 832 829
f 925 829 926
f 172 1258 173
f 1061 291 380
f 1062 295 297
f 1028 927 928
f 929 930 941
f 1211 931 932
f 927 829 928
f 927 926 829
f 2044 839 2263
f 933 934 837
f 935 828 833
f 935 924 828
f 469 140 902
f 746 1965 936
f 946 842 1991
f 1034 937 940
f 938 939 940
f 938 940 937
f 941 942 1960
f 941 930 942
f 943 836 837
f 943 837 934
f 938 845 939
f 938 944 845
f 945 839 840
f 945 2263 839
f 946 947 948
f 946 948 842
f 949 846 845
f 949 845 944
f 1043 935 833
f 949 855 846
f 949 950 855
f 951 864 948
f 951 948 947
f 952 953 954
f 952 955 953
f 956 879 865
f 943 957 836
f 943 958 957
f 945 840 844
f 945 844 959
f 960 841 849
f 960 961 841
f 962 852 869
f 950 860 855
f 1054 874 864
f 1054 864 951
f 963 964 1066
f 963 1066 965
f 966 849 863
f 966 960 849
f 971 869 875
f 971 962 869
f 967 79 78
f 968 844 856
f 968 959 844
f 958 862 957
f 958 969 862
f 970 856 861
f 970 968 856
f 971 972 973
f 971 875 972
f 970 861 862
f 970 862 969
f 966 863 870
f 966 870 974
f 956 880 879
f 956 975 880
f 955 976 953
f 955 977 976
f 974 870 868
f 1054 884 874
f 963 982 964
f 963 854 982
f 2063 882 883
f 2063 883 978
f 2063 878 882
f 973 972 878
f 208 979 209
f 490 2108 838
f 980 981 982
f 980 982 854
f 983 883 888
f 983 978 883
f 859 981 980
f 983 888 889
f 983 889 984
f 977 985 976
f 977 877 985
f 975 910 880
f 975 986 910
f 2265 901 891
f 987 889 897
f 987 984 889
f 988 989 990
f 988 887 989
f 991 903 901
f 991 901 2265
f 877 900 992
f 877 992 985
f 991 904 903
f 991 993 904
f 987 897 994
f 987 994 995
f 996 441 439
f 993 999 904
f 993 997 999
f 1306 771 770
f 998 1008 1144
f 995 994 999
f 995 999 997
f 1000 905 913
f 1000 913 1001
f 988 990 1002
f 988 1002 893
f 900 893 1002
f 900 1002 992
f 528 2071 130
f 986 914 910
f 986 1003 914
f 1001 913 918
f 1001 918 1004
f 242 72 186
f 242 1005 72
f 1004 918 922
f 1004 922 1006
f 1007 915 914
f 1007 914 1003
f 1008 206 141
f 1008 81 206
f 1009 1018 1010
f 1009 1011 1018
f 1007 917 915
f 1007 1012 917
f 1012 919 917
f 1012 1013 919
f 1014 919 1013
f 1006 922 925
f 1006 925 1015
f 790 215 1016
f 790 1016 872
f 1017 933 1018
f 1017 1018 1011
f 75 159 67
f 1014 1019 1020
f 1021 925 926
f 1021 1015 925
f 476 1941 477
f 1019 1024 1020
f 1019 1022 1024
f 1023 1029 1024
f 1023 1024 1022
f 1086 1025 1035
f 1086 1035 1026
f 1027 1028 1029
f 1027 1029 1023
f 1030 927 1028
f 1030 1028 1027
f 1021 926 927
f 1021 927 1030
f 1031 924 935
f 1031 1032 924
f 1033 1034 1035
f 1033 1035 1025
f 1036 934 933
f 1036 933 1017
f 182 97 688
f 182 688 575
f 1033 937 1034
f 1031 935 1043
f 1031 1043 1037
f 812 1963 772
f 1038 949 944
f 1036 943 934
f 1036 1039 943
f 1040 950 949
f 1040 949 1038
f 1052 951 947
f 1041 434 433
f 1091 962 971
f 1091 971 1101
f 1042 1043 1044
f 1042 1037 1043
f 1993 444 443
f 1045 1046 1275
f 1045 399 1046
f 1047 961 960
f 1047 1048 961
f 1049 438 440
f 1050 945 959
f 1051 437 434
f 1052 1053 1054
f 1052 1054 951
f 1055 1741 1056
f 1055 1056 912
f 1101 971 973
f 1057 958 943
f 1057 943 1039
f 1047 960 966
f 1047 966 1058
f 1059 975 956
f 1059 956 1060
f 1061 442 444
f 1062 440 441
f 1042 1044 2065
f 1063 2063 978
f 1064 966 974
f 1064 1058 966
f 1050 959 968
f 1050 968 1065
f 772 511 770
f 1066 264 265
f 1066 964 264
f 1067 968 970
f 1067 1065 968
f 1063 978 983
f 1068 969 958
f 1068 958 1057
f 1068 970 969
f 1068 1067 970
f 967 92 94
f 1059 986 975
f 982 264 964
f 976 985 1069
f 979 1070 1130
f 1922 1142 69
f 989 1122 990
f 1071 991 2265
f 495 190 256
f 1071 993 991
f 1071 1072 993
f 29 210 267
f 1073 1000 1001
f 992 1069 985
f 1074 987 995
f 1075 997 993
f 1075 993 1072
f 58 269 212
f 1075 1074 995
f 1075 995 997
f 1002 990 1122
f 1138 1003 986
f 1073 1001 1004
f 1073 1004 1076
f 499 1077 106
f 106 1077 1078
f 291 488 303
f 1079 1004 1006
f 1079 1076 1004
f 1138 1007 1003
f 1138 1080 1007
f 1081 1122 989
f 255 1069 992
f 1122 255 1002
f 98 142 1082
f 98 1082 273
f 1079 1006 1015
f 1079 1015 1083
f 1080 1012 1007
f 1080 1084 1012
f 2079 1085 1086
f 1084 1013 1012
f 1084 1087 1013
f 1083 1015 1021
f 1083 1021 1088
f 1089 1014 1013
f 1089 1013 1087
f 1088 1021 1030
f 1088 1030 1090
f 262 1091 1100
f 1090 1030 1027
f 1090 1027 1092
f 1089 1019 1014
f 1089 1093 1019
f 1092 1027 1023
f 1092 1023 1094
f 1094 1023 1022
f 1094 1022 1095
f 1095 1022 1019
f 1095 1019 1093
f 1085 1025 1086
f 1085 1096 1025
f 1097 1032 1098
f 1099 1033 1025
f 1099 1025 1096
f 1100 1101 2361
f 1100 1091 1101
f 1176 1098 1032
f 1102 1103 1104
f 1102 1105 1103
f 1106 1031 1037
f 1107 1059 1060
f 1107 1108 1059
f 1109 1037 1042
f 1109 1106 1037
f 1110 1053 1052
f 1110 1052 1111
f 1112 1047 1058
f 1113 1039 1036
f 82 692 1114
f 1115 1058 1064
f 1115 1112 1058
f 1116 1109 1042
f 1117 1063 1118
f 1188 1115 1064
f 238 464 185
f 238 261 464
f 1119 1050 1065
f 1119 1120 1050
f 1113 1057 1039
f 1113 1121 1057
f 260 464 261
f 260 248 464
f 1122 1123 1124
f 1122 1081 1123
f 1069 255 1125
f 1069 1125 1126
f 1108 1139 1059
f 1108 1127 1139
f 1119 1065 1067
f 1119 1067 1128
f 1121 1068 1057
f 1121 1129 1068
f 1130 1131 1183
f 1129 1067 1068
f 1129 1128 1067
f 1132 527 526
f 1132 526 109
f 1133 1072 1071
f 1133 1071 1134
f 526 734 831
f 526 831 7
f 2264 1134 1071
f 1135 1074 1075
f 1135 1075 1136
f 1133 1075 1072
f 1133 1136 1075
f 1070 1131 1130
f 1137 1138 1139
f 1137 1139 1127
f 785 733 391
f 565 1005 242
f 1140 1073 1076
f 1141 1076 1079
f 1142 1143 1144
f 1142 1144 407
f 1145 1080 1138
f 1145 1138 1137
f 1146 1147 2349
f 1146 1148 1147
f 1141 1079 1083
f 1141 1083 1149
f 1149 1083 1088
f 1149 1088 1150
f 1145 1084 1080
f 1145 1151 1084
f 1216 1147 1148
f 143 408 165
f 1150 1088 1090
f 1150 1090 1152
f 565 1918 701
f 1153 1087 1084
f 1153 1084 1151
f 1153 1089 1087
f 1153 1154 1089
f 1155 1156 1157
f 1158 1090 1092
f 1158 1152 1090
f 432 278 276
f 432 280 123
f 1159 1085 2079
f 1158 1092 1094
f 1158 1094 1160
f 1354 618 1161
f 2232 565 321
f 1162 1093 1089
f 1162 1089 1154
f 1163 1094 1095
f 1163 1160 1094
f 1157 1156 1097
f 1157 1097 1164
f 1162 1095 1093
f 1162 1163 1095
f 350 565 242
f 350 323 565
f 206 80 82
f 1159 1096 1085
f 1159 1165 1096
f 1166 1097 1098
f 1166 1164 1097
f 1167 1108 1107
f 125 442 1061
f 2093 1209 2145
f 1125 2112 1126
f 1168 1169 1111
f 1165 1099 1096
f 1165 1170 1099
f 1240 1099 1170
f 1171 1098 1176
f 1171 1166 1098
f 1172 1117 1118
f 1172 1173 1117
f 1174 1172 1118
f 1175 1176 1106
f 1175 1171 1176
f 1177 1110 1111
f 1177 1111 1169
f 1178 1106 1109
f 1178 1175 1106
f 1179 1109 1116
f 1179 1178 1109
f 395 306 292
f 1180 1112 1115
f 1180 1115 1181
f 390 300 133
f 390 302 301
f 1182 1183 1184
f 1182 1184 1225
f 449 311 314
f 1234 1179 1116
f 394 294 298
f 1185 1115 1188
f 1185 1181 1115
f 1186 1108 1167
f 1186 1127 1108
f 1243 1110 1177
f 449 319 322
f 1187 1188 1189
f 1187 1185 1188
f 1353 1938 1945
f 1183 1190 1184
f 1183 1131 1190
f 1231 1135 1191
f 396 331 325
f 1192 1120 1119
f 1192 1193 1120
f 389 310 326
f 1194 1135 1136
f 1194 1191 1135
f 1194 1136 1133
f 1194 1133 1195
f 1195 1133 1134
f 1195 1134 1196
f 1197 1121 1113
f 1197 1198 1121
f 1242 1247 2264
f 1196 1134 2264
f 1196 2264 1247
f 1199 2084 2224
f 1200 1119 1128
f 1200 1192 1119
f 1201 1137 1127
f 1201 1127 1186
f 1202 1129 1121
f 1202 1121 1198
f 410 340 346
f 1202 1128 1129
f 1202 1200 1128
f 1203 1204 1205
f 2029 1156 1155
f 1206 1205 1204
f 1211 932 838
f 416 355 365
f 1201 1145 1137
f 1201 1207 1145
f 1256 1141 1149
f 417 347 349
f 1256 1149 1150
f 1256 1150 1208
f 202 462 144
f 253 1209 252
f 1207 1151 1145
f 1207 1210 1151
f 1056 67 104
f 49 116 1211
f 49 1211 808
f 1208 1150 1152
f 1208 1152 1212
f 1280 1273 1213
f 1212 1152 1158
f 1212 1158 1214
f 1215 1153 1151
f 1215 1151 1210
f 1289 1222 1216
f 1217 1154 1153
f 1217 1153 1215
f 1218 1158 1160
f 1218 1214 1158
f 1219 1155 1157
f 1220 1162 1154
f 1220 1154 1217
f 1221 1168 1222
f 1221 1222 1289
f 1218 1160 1163
f 1218 1163 1223
f 1224 327 329
f 1224 335 327
f 1220 1163 1162
f 1220 1223 1163
f 1225 1226 2291
f 2202 327 335
f 1299 1157 1164
f 1299 1219 1157
f 1227 1169 1168
f 1227 1168 1221
f 2095 1131 1070
f 701 445 746
f 701 872 445
f 1228 1174 1230
f 1228 1295 1174
f 1229 1173 1172
f 1229 362 1173
f 1229 1172 1174
f 1229 1174 1295
f 1184 1226 1225
f 1293 1177 1169
f 1293 1169 1227
f 1290 1230 1231
f 1290 1228 1230
f 1299 1164 1166
f 1303 1179 1234
f 1303 1313 1179
f 1325 1165 1159
f 1325 1232 1165
f 1290 1231 1191
f 1233 1234 2087
f 1233 1303 1234
f 1311 1180 1318
f 1313 1178 1179
f 1313 1321 1178
f 1305 1243 1177
f 1305 1177 1293
f 1321 1175 1178
f 1298 1193 1235
f 1327 1236 1237
f 1327 1317 1236
f 1238 1180 1181
f 1238 1318 1180
f 1232 1170 1165
f 1232 1239 1170
f 1327 1237 1240
f 1327 1240 1241
f 1307 1242 1243
f 1307 1243 1305
f 1244 1236 1317
f 1241 1240 1170
f 1241 1170 1239
f 1310 1245 1197
f 1314 1195 1196
f 1307 1246 1247
f 1307 1247 1242
f 1238 1181 1185
f 1238 1185 1248
f 1314 1196 1247
f 1314 1247 1246
f 1248 1185 1187
f 1248 1187 1249
f 1337 1249 1187
f 1250 1193 1192
f 1250 1235 1193
f 484 1251 150
f 484 113 1251
f 1252 1198 1197
f 1252 1197 1245
f 1253 1201 1186
f 1344 1192 1200
f 1344 1250 1192
f 1252 1202 1198
f 1252 1254 1202
f 1255 1256 1257
f 1254 1200 1202
f 1254 1344 1200
f 1258 476 794
f 1258 794 129
f 998 799 1008
f 998 105 799
f 730 1259 731
f 1349 1207 1201
f 1349 1201 1253
f 105 78 77
f 2342 1260 1261
f 1257 1256 1208
f 1257 1208 1262
f 1263 1203 1205
f 1263 1264 1203
f 1265 1203 1264
f 1996 1266 94
f 1267 1268 1269
f 1263 1205 1206
f 1357 1270 2274
f 1271 482 170
f 1271 165 482
f 1272 1208 1212
f 1272 1262 1208
f 1358 1273 1279
f 1274 1210 1207
f 1274 1207 1349
f 440 1275 1276
f 1272 1212 1214
f 1272 1214 370
f 1952 432 480
f 1277 1214 1218
f 1277 370 1214
f 566 1284 567
f 566 1278 1284
f 1279 1280 1281
f 1279 1273 1280
f 1990 569 568
f 1274 1215 1210
f 1274 1282 1215
f 1277 1218 1223
f 1277 1223 1283
f 501 667 1284
f 501 1284 1278
f 1285 1217 1215
f 1285 1215 1282
f 1283 1223 1220
f 1283 1220 1286
f 1286 1220 1217
f 1286 1217 1285
f 1394 1287 1288
f 1377 1289 1367
f 1377 1221 1289
f 1292 1221 1377
f 1292 1227 1221
f 1374 1290 1291
f 1374 1228 1290
f 1292 1304 1293
f 1292 1293 1227
f 1374 1294 1295
f 1374 1295 1228
f 1390 1281 1280
f 1390 1280 1296
f 1294 1229 1295
f 1297 1288 1287
f 1297 1287 1298
f 1386 1299 1300
f 1386 1219 1299
f 2270 1301 1302
f 1388 1400 1303
f 1388 1303 1233
f 1304 1312 1305
f 1304 1305 1293
f 1306 376 377
f 1406 1307 1402
f 1406 1246 1307
f 1308 1309 1407
f 1308 1310 1309
f 1390 1311 1414
f 1390 1296 1311
f 1312 1402 1307
f 1312 1307 1305
f 1400 1320 1313
f 1400 1313 1303
f 1406 1410 1314
f 1406 1314 1246
f 1929 1315 1316
f 1418 1317 1326
f 1418 1244 1317
f 254 2071 528
f 1414 1318 1319
f 1414 1311 1318
f 1320 1431 1321
f 1320 1321 1313
f 1322 1297 1298
f 1322 1298 1235
f 1323 1255 1257
f 1323 1371 1255
f 1424 1310 1308
f 1424 1245 1310
f 377 812 1306
f 377 2011 812
f 1324 1325 1429
f 1324 1232 1325
f 1428 1319 1318
f 1428 1318 1238
f 1326 1327 1328
f 1326 1317 1327
f 1425 1428 1238
f 1425 1238 1248
f 188 1329 902
f 188 495 1329
f 1418 1335 1330
f 1418 1330 1244
f 1338 1248 1249
f 1338 1425 1248
f 1331 1332 1333
f 1339 1232 1324
f 1339 1239 1232
f 1334 1328 1327
f 1334 1327 1241
f 1335 1336 1337
f 1335 1337 1330
f 1338 1337 1336
f 1338 1249 1337
f 1339 1334 1241
f 1339 1241 1239
f 1340 1245 1424
f 1340 1252 1245
f 1343 1322 1235
f 1343 1235 1250
f 1323 1257 1262
f 1323 1262 1341
f 1441 1252 1340
f 1441 1254 1252
f 450 449 1342
f 1343 1344 1345
f 1343 1250 1344
f 1261 1346 1347
f 1441 1345 1344
f 1441 1344 1254
f 1417 1348 1349
f 1417 1349 1253
f 1261 1260 1350
f 1261 1350 1346
f 1204 1351 1206
f 1341 1262 1272
f 1352 2006 1353
f 1352 1353 386
f 29 169 168
f 1355 611 608
f 1355 1354 611
f 1946 389 1362
f 58 167 169
f 1355 619 618
f 1355 618 1354
f 1356 1947 1357
f 1356 1357 1358
f 1359 1265 1264
f 1947 1270 1357
f 1455 1265 1359
f 1348 1274 1349
f 1348 1360 1274
f 1361 1356 1358
f 1361 1358 1279
f 1362 410 466
f 1443 370 1277
f 1447 1277 1283
f 1447 1443 1277
f 2253 1444 1363
f 1364 1282 1274
f 1364 1274 1360
f 1451 1283 1286
f 1451 1447 1283
f 1451 1286 1285
f 1451 1285 1457
f 391 398 1365
f 1389 1361 1279
f 1389 1279 1281
f 1457 1285 1282
f 1457 1282 1364
f 1366 339 338
f 1366 262 339
f 639 109 647
f 639 647 399
f 1470 1375 1367
f 1513 1380 1368
f 1369 1370 1371
f 1369 1371 1323
f 1372 1373 1374
f 1372 1374 1291
f 1375 1376 1377
f 1375 1377 1367
f 1378 1374 1373
f 1378 1294 1374
f 1379 1371 1370
f 1380 1381 1382
f 1380 1382 1368
f 1383 1444 1384
f 1383 1363 1444
f 1385 1372 1291
f 1479 1386 1387
f 1464 1468 1388
f 1389 1390 1413
f 1389 1281 1390
f 1383 1384 382
f 1383 382 1933
f 1401 1312 1304
f 1391 1392 1476
f 1393 1508 1394
f 1393 1394 1288
f 1376 1292 1377
f 1499 1387 1386
f 1499 1386 1300
f 1395 1382 1381
f 1395 1396 1382
f 1397 1394 1508
f 1398 1369 1323
f 1398 1323 1341
f 1468 1399 1400
f 1468 1400 1388
f 1521 1396 1395
f 1401 1496 1402
f 1401 1402 1312
f 1494 1403 1404
f 1405 1294 1378
f 1496 1507 1406
f 1496 1406 1402
f 1476 1404 1403
f 1476 1392 1404
f 1422 1407 1503
f 1422 1308 1407
f 1408 545 121
f 2260 1491 1409
f 1488 1503 1407
f 1495 1410 1411
f 1412 1393 1288
f 1412 1288 1297
f 1507 1411 1410
f 1507 1410 1406
f 1413 1414 1415
f 1413 1390 1414
f 1473 1416 1417
f 1520 1418 1419
f 1520 1335 1418
f 1420 1499 1300
f 1512 1400 1399
f 1512 1320 1400
f 1421 1419 1418
f 1421 1418 1326
f 1422 1423 1424
f 1422 1424 1308
f 1523 1427 1425
f 1523 1425 1338
f 1519 1415 1414
f 1519 1414 1319
f 1426 1412 1297
f 1426 1297 1322
f 1427 1526 1428
f 1427 1428 1425
f 1522 1530 1429
f 1519 1428 1526
f 1519 1319 1428
f 1512 1430 1431
f 1512 1431 1320
f 1432 1421 1326
f 1432 1326 1328
f 1435 1335 1520
f 1435 1336 1335
f 1433 1429 1530
f 1433 1324 1429
f 1434 1398 1341
f 1435 1523 1338
f 1435 1338 1336
f 1436 1417 1416
f 1436 1348 1417
f 1529 1424 1423
f 1529 1340 1424
f 1347 1437 2296
f 1536 1431 1430
f 1438 1324 1433
f 1438 1339 1324
f 1440 1432 1328
f 1440 1328 1334
f 1551 1426 1322
f 1551 1322 1343
f 1347 1346 1439
f 1347 1439 1437
f 1440 1339 1438
f 1440 1334 1339
f 1529 1549 1441
f 1529 1441 1340
f 1553 1551 1343
f 1553 1343 1345
f 1553 1441 1549
f 1553 1345 1441
f 1350 1439 1346
f 116 931 1211
f 1442 1348 1436
f 1442 1360 1348
f 1510 1443 1446
f 1444 2255 1445
f 1563 1356 1361
f 1981 301 135
f 1461 2066 1452
f 1446 1447 1450
f 1446 1443 1447
f 1981 134 311
f 368 367 1448
f 368 1448 1449
f 1450 1451 1560
f 1450 1447 1451
f 2257 1452 1453
f 1558 1360 1442
f 1558 1364 1360
f 808 1211 838
f 808 838 10
f 1572 1454 1455
f 1572 1455 1359
f 1558 1456 1457
f 1558 1457 1364
f 1573 1455 1454
f 1573 1458 1455
f 1560 1457 1456
f 1560 1451 1457
f 1459 1460 2247
f 1459 2247 1461
f 1462 1563 1361
f 1462 1361 1389
f 2290 581 580
f 1463 1379 1370
f 1463 1559 1464
f 1463 1464 1379
f 2257 1459 1461
f 2257 1461 1452
f 1582 1458 1573
f 1384 1444 1445
f 1465 1466 1467
f 1475 374 1391
f 1569 1369 1398
f 1559 1565 1468
f 1559 1468 1464
f 1469 1467 1466
f 1469 1470 1467
f 1471 1470 1469
f 1471 1375 1470
f 1481 1372 1385
f 1582 1472 1473
f 1474 1462 1389
f 1474 1389 1413
f 1509 1569 1398
f 1509 1398 1434
f 1475 1476 1567
f 1475 1391 1476
f 1477 1591 1478
f 1477 1478 1479
f 1480 1378 1373
f 1481 1482 1583
f 1481 1385 1482
f 1489 1483 1484
f 1485 1375 1471
f 1485 1376 1375
f 1486 2242 1487
f 1498 1477 1479
f 1498 1479 1387
f 1497 1378 1480
f 1497 1405 1378
f 1502 1478 1591
f 1502 1488 1478
f 1489 584 671
f 415 1468 1565
f 415 1399 1468
f 1490 1473 1472
f 1490 1416 1473
f 1491 1492 1493
f 1580 1494 1590
f 1580 1403 1494
f 1604 1583 1482
f 1604 1482 1495
f 1599 1505 1496
f 1599 1496 1401
f 1497 1590 1494
f 1497 1494 1405
f 1498 1499 1500
f 1498 1387 1499
f 1491 1501 1492
f 1580 1567 1476
f 1580 1476 1403
f 1502 1600 1503
f 1502 1503 1488
f 1601 1500 1499
f 1601 1499 1420
f 1606 1503 1600
f 1606 1422 1503
f 1597 1474 1413
f 1597 1413 1415
f 469 88 1008
f 469 1008 141
f 497 1504 1329
f 1528 1422 1606
f 1528 1423 1422
f 1505 1506 1507
f 1505 1507 1496
f 1632 1634 1508
f 1632 1508 1393
f 1616 1604 1495
f 1616 1495 1411
f 1616 1507 1506
f 1616 1411 1507
f 1509 1510 1511
f 1509 1434 1510
f 415 414 1512
f 415 1512 1399
f 1673 1513 1514
f 1673 1380 1513
f 76 177 478
f 1958 1515 2168
f 1672 1380 1673
f 1672 1381 1380
f 1516 1416 1490
f 1516 1436 1416
f 1669 1508 1634
f 1669 1397 1508
f 1535 1601 1420
f 1535 1420 1517
f 1669 1514 1513
f 1669 1513 1397
f 1518 1632 1393
f 1518 1393 1412
f 1597 1519 1613
f 1597 1415 1519
f 1663 1678 1520
f 1663 1520 1419
f 1655 1663 1419
f 1655 1419 1421
f 1640 1521 1649
f 1640 1522 1521
f 1660 1523 1667
f 1660 1427 1523
f 1657 1381 1672
f 1657 1395 1381
f 1657 1649 1521
f 1657 1521 1395
f 1527 1520 1678
f 1527 1435 1520
f 111 112 2139
f 1302 1301 176
f 2296 1524 1525
f 1613 1526 1534
f 1613 1519 1526
f 1527 1667 1523
f 1527 1523 1435
f 1528 1548 1529
f 1528 1529 1423
f 1640 1636 1530
f 1640 1530 1522
f 1550 1518 1412
f 1550 1412 1426
f 1531 1655 1421
f 1531 1421 1432
f 1532 1530 1636
f 1532 1433 1530
f 1633 1531 1432
f 1633 1432 1440
f 2296 1437 1533
f 2296 1533 1524
f 1534 1427 1660
f 1534 1526 1427
f 1552 1512 414
f 1552 1430 1512
f 1535 1536 1537
f 1535 1517 1536
f 1538 1433 1532
f 1538 1438 1433
f 1633 1438 1538
f 1633 1440 1438
f 1539 1511 1510
f 1539 1510 1446
f 2157 1621 1540
f 2157 1540 1541
f 1556 1436 1516
f 1556 1442 1436
f 1437 1439 1542
f 1437 1542 1533
f 1449 1448 1543
f 1449 1543 1544
f 225 785 789
f 225 733 785
f 2255 1545 1445
f 2255 1546 1545
f 1547 603 677
f 1548 1555 1549
f 1548 1549 1529
f 1550 1551 1665
f 1550 1426 1551
f 1552 1537 1536
f 1552 1536 1430
f 1665 1553 1554
f 1665 1551 1553
f 1555 1554 1553
f 1555 1553 1549
f 1624 1539 1446
f 1624 1446 1450
f 1556 1557 1558
f 1556 1558 1442
f 1605 1564 1559
f 1605 1559 1463
f 1624 1560 1561
f 1624 1450 1560
f 1562 1620 1563
f 1562 1563 1462
f 1676 1558 1557
f 1676 1456 1558
f 1611 1460 1459
f 1676 1561 1560
f 1676 1560 1456
f 597 1975 2024
f 1564 1654 1565
f 1564 1565 1559
f 1566 1567 1579
f 1566 1475 1567
f 1651 1568 1569
f 1651 1569 1509
f 2242 1645 1487
f 1682 1570 1571
f 1682 1465 1570
f 1704 1572 1686
f 1704 1454 1572
f 2025 532 606
f 1596 1562 1462
f 1596 1462 1474
f 1704 1581 1573
f 1704 1573 1454
f 1574 2150 1575
f 1980 446 390
f 82 194 206
f 82 1114 194
f 1982 449 448
f 147 383 388
f 2028 1576 1577
f 2028 1577 1578
f 1702 1465 1682
f 1702 1466 1465
f 1579 1580 1589
f 1579 1567 1580
f 106 82 799
f 106 1078 82
f 408 200 482
f 1581 1744 1582
f 1581 1582 1573
f 1661 1583 1603
f 1661 1481 1583
f 1574 1575 1760
f 1584 1466 1702
f 1584 1469 1466
f 2324 2037 1585
f 1576 1586 1577
f 1688 1651 1509
f 1688 1509 1511
f 1724 1469 1584
f 1724 1471 1469
f 1587 2075 1588
f 1769 1582 1744
f 1769 1472 1582
f 1589 1590 1680
f 1589 1580 1590
f 205 413 35
f 1712 1471 1724
f 1712 1485 1471
f 1726 1729 1591
f 1726 1591 1477
f 1654 415 1565
f 1690 1497 1480
f 1680 1497 1690
f 1680 1590 1497
f 2168 1515 1592
f 1593 1726 1477
f 1593 1477 1498
f 1737 1591 1729
f 1737 1502 1591
f 1544 1543 1594
f 1544 1594 1595
f 1596 1597 1612
f 1596 1474 1597
f 1734 1593 1498
f 1734 1498 1500
f 121 196 1408
f 1598 1472 1769
f 1598 1490 1472
f 1752 1599 1730
f 1752 1505 1599
f 1737 1746 1600
f 1737 1600 1502
f 1734 1601 1602
f 1734 1500 1601
f 1603 1604 1753
f 1603 1583 1604
f 1652 1605 1629
f 1652 1564 1605
f 1746 1764 1606
f 1746 1606 1600
f 1727 1688 1511
f 1727 1511 1539
f 272 434 1041
f 272 41 434
f 1492 1773 1493
f 1492 1607 1773
f 440 272 1049
f 440 1276 272
f 1608 1490 1598
f 1608 1516 1490
f 1609 1610 1611
f 1612 1613 1614
f 1612 1597 1613
f 1615 1606 1764
f 1615 1528 1606
f 1750 1602 1601
f 1750 1601 1535
f 1753 1616 1784
f 1753 1604 1616
f 1492 1501 1617
f 1492 1617 1607
f 1501 1618 1617
f 1619 1687 1620
f 1619 1620 1562
f 1786 1505 1752
f 1786 1506 1505
f 1621 1622 1623
f 1727 1624 1625
f 1727 1539 1624
f 434 211 1051
f 434 168 211
f 1795 1516 1608
f 1795 1556 1516
f 1786 1784 1616
f 1786 1616 1506
f 1546 1626 1545
f 1546 1627 1626
f 1628 1629 1630
f 1628 1652 1629
f 1631 1776 1632
f 1631 1632 1518
f 1743 1754 1633
f 1743 1633 1538
f 1635 1743 1538
f 1635 1538 1532
f 1776 1810 1634
f 1776 1634 1632
f 1635 1636 1639
f 1635 1532 1636
f 1525 1524 1637
f 1525 1637 1638
f 1639 1640 1648
f 1639 1636 1640
f 512 2375 1937
f 1641 1528 1615
f 1641 1548 1528
f 895 142 896
f 1525 1638 1642
f 1668 1750 1535
f 1668 1535 1537
f 1790 1614 1613
f 1790 1613 1534
f 2211 1643 1644
f 1645 1646 1647
f 1648 1649 1656
f 1648 1640 1649
f 1650 1651 1706
f 1650 1568 1651
f 1533 1637 1524
f 1785 1633 1754
f 1785 1531 1633
f 1652 1653 1654
f 1652 1654 1564
f 1785 1825 1655
f 1785 1655 1531
f 1677 1556 1795
f 1677 1557 1556
f 1698 1611 1610
f 1656 1657 1830
f 1656 1649 1657
f 1675 1625 1624
f 1675 1624 1561
f 1664 1631 1518
f 1664 1518 1550
f 1679 1579 1589
f 1540 1658 1541
f 1540 1659 1658
f 1540 1621 1623
f 1540 1623 1659
f 1790 1660 1835
f 1790 1534 1660
f 1694 1661 1662
f 1823 1552 414
f 1696 1610 1609
f 1825 1852 1663
f 1825 1663 1655
f 1818 1548 1641
f 1818 1555 1548
f 1664 1665 1666
f 1664 1550 1665
f 1835 1667 1862
f 1835 1660 1667
f 1668 1552 1823
f 1668 1537 1552
f 1810 1685 1669
f 1810 1669 1634
f 1619 1562 1596
f 1799 1666 1665
f 1799 1665 1554
f 1799 1555 1818
f 1799 1554 1555
f 444 291 1061
f 1595 1594 1670
f 1595 1670 1671
f 1830 1672 1869
f 1830 1657 1672
f 1869 1673 1674
f 1869 1672 1673
f 1675 1676 1803
f 1675 1561 1676
f 1677 1803 1676
f 1677 1676 1557
f 1878 1862 1667
f 1878 1667 1527
f 1852 1879 1678
f 1852 1678 1663
f 1679 1680 1689
f 1679 1589 1680
f 1681 1700 1682
f 1681 1682 1571
f 1883 1674 1673
f 1883 1673 1514
f 297 440 1062
f 1716 1683 1684
f 1685 1883 1514
f 1685 1514 1669
f 1878 1678 1879
f 1878 1527 1678
f 1738 1778 1686
f 1628 1653 1652
f 1671 1670 1687
f 1671 1687 1619
f 1706 1688 1759
f 1706 1651 1688
f 1689 1690 1691
f 1689 1680 1690
f 2261 1691 1690
f 1578 1692 1693
f 1644 1694 1695
f 1696 1697 1698
f 1696 1698 1610
f 1646 1758 1647
f 1646 1699 1758
f 1700 1701 1702
f 1700 1702 1682
f 1578 1577 1703
f 1578 1703 1692
f 1779 1662 1661
f 1779 1661 1603
f 1778 1833 1704
f 1778 1704 1686
f 1705 1679 1689
f 1699 1706 1758
f 1699 1650 1706
f 1577 1586 1707
f 1577 1707 1703
f 1575 2150 1708
f 1575 1708 1709
f 1710 1654 1653
f 1711 1712 1723
f 1713 1702 1701
f 1713 1584 1702
f 1645 1647 1714
f 1715 484 386
f 1644 1643 2261
f 1716 1717 1718
f 1716 1718 1683
f 1643 1691 2261
f 1719 1720 1721
f 1719 1722 1720
f 1723 1724 1725
f 1723 1712 1724
f 1725 1584 1713
f 1725 1724 1584
f 1762 1728 1726
f 1762 1726 1593
f 1759 1727 1820
f 1759 1688 1727
f 1728 1771 1729
f 1728 1729 1726
f 1781 1816 1730
f 1860 1704 1833
f 1860 1581 1704
f 1755 1695 1694
f 1755 1694 1662
f 1731 1732 1733
f 1762 1734 1735
f 1762 1593 1734
f 121 203 202
f 1749 1735 1734
f 1749 1734 1602
f 1575 1736 1760
f 1575 1709 1736
f 1771 1805 1737
f 1771 1737 1729
f 1697 1777 1738
f 1697 1738 1698
f 1739 1740 1741
f 1739 459 1740
f 1742 1757 1743
f 1742 1743 1635
f 83 2 100
f 83 100 169
f 1742 1635 1639
f 1860 1881 1744
f 1860 1744 1581
f 996 439 438
f 1872 1612 1614
f 2185 1745 1847
f 1805 1845 1746
f 1805 1746 1737
f 1747 1722 1719
f 1747 1748 1722
f 1749 1750 1751
f 1749 1602 1750
f 1864 1820 1727
f 1864 1727 1625
f 1816 1855 1752
f 1816 1752 1730
f 1779 1753 1850
f 1779 1603 1753
f 1757 1792 1754
f 1757 1754 1743
f 1732 1755 1756
f 1684 1683 1757
f 1684 1757 1742
f 100 505 486
f 1788 1700 1681
f 1758 1759 1819
f 1758 1706 1759
f 1760 1761 1622
f 1760 1736 1761
f 1770 1762 1763
f 1770 1728 1762
f 1647 1819 1714
f 1647 1758 1819
f 1845 1885 1764
f 1845 1764 1746
f 1717 1854 1718
f 1627 1765 1626
f 1627 1766 1765
f 1826 1767 1768
f 1881 1900 1769
f 1881 1769 1744
f 1763 1762 1735
f 1770 1804 1771
f 1770 1771 1728
f 652 654 1772
f 1773 1774 1866
f 1775 1808 1776
f 1775 1776 1631
f 1777 424 1778
f 1777 1778 1738
f 1755 1779 1756
f 1755 1662 1779
f 1780 1775 1631
f 1780 1631 1664
f 1796 1781 1711
f 1658 1782 1783
f 1844 1751 1750
f 1844 1750 1668
f 1802 1864 1625
f 1802 1625 1675
f 1850 1784 1894
f 1850 1753 1784
f 1792 1846 1785
f 1792 1785 1754
f 1855 1891 1786
f 1855 1786 1752
f 412 1748 1747
f 412 1787 1748
f 1692 1788 1693
f 1692 1789 1788
f 1872 1790 1834
f 1872 1614 1790
f 1789 1700 1788
f 1789 1701 1700
f 1791 1769 1900
f 1791 1598 1769
f 1836 1780 1664
f 1836 1664 1666
f 1888 1648 1656
f 1683 1718 1792
f 1683 1792 1757
f 1703 1789 1692
f 1703 1793 1789
f 1898 1764 1885
f 1898 1615 1764
f 1908 1598 1791
f 1908 1608 1598
f 1794 1795 1902
f 1794 1677 1795
f 1722 1796 1720
f 1722 1797 1796
f 567 1284 1798
f 1703 1707 1811
f 1703 1811 1793
f 1836 1799 1848
f 1836 1666 1799
f 1767 1749 1751
f 1908 1902 1795
f 1908 1795 1608
f 1891 1894 1784
f 1891 1784 1786
f 1637 1800 1638
f 1637 1801 1800
f 1802 1803 1815
f 1802 1675 1803
f 1793 1701 1789
f 1793 1713 1701
f 1804 1841 1805
f 1804 1805 1771
f 1607 1774 1773
f 1607 1806 1774
f 1637 1807 1801
f 1808 1809 1810
f 1808 1810 1776
f 1811 1723 1725
f 1622 1812 1623
f 1622 1761 1812
f 1856 402 1813
f 1856 1813 1814
f 1815 1677 1794
f 1815 1803 1677
f 1887 1615 1898
f 1887 1641 1615
f 1793 1811 1725
f 1793 1725 1713
f 1796 1797 1816
f 1796 1816 1781
f 1642 1638 1800
f 1642 1800 1817
f 1848 1818 1867
f 1848 1799 1818
f 1819 1820 1863
f 1819 1759 1820
f 412 1821 1787
f 1618 1642 1817
f 1618 1817 1822
f 1844 1823 1824
f 1844 1668 1823
f 1846 1886 1825
f 1846 1825 1785
f 2355 442 125
f 1867 1641 1887
f 1867 1818 1641
f 1826 1827 1828
f 1826 1768 1827
f 1617 1806 1607
f 1617 1829 1806
f 1888 1830 1868
f 1888 1656 1830
f 1828 1831 405
f 1828 1827 1831
f 1618 1829 1617
f 1618 1822 1829
f 1832 1824 1823
f 1745 1775 1780
f 424 1859 1833
f 424 1833 1778
f 1834 1835 1861
f 1834 1790 1835
f 1745 1836 1847
f 1745 1780 1836
f 1837 1714 1819
f 1837 1819 1863
f 1766 1838 1839
f 1831 1832 1710
f 2196 1840 1841
f 1709 1708 1842
f 1709 1842 1843
f 1767 1844 1768
f 1767 1751 1844
f 667 1798 1284
f 667 748 1798
f 1732 1893 1733
f 1732 1756 1893
f 1841 1840 1845
f 1841 1845 1805
f 1718 1854 1846
f 1718 1846 1792
f 1847 1848 1838
f 1847 1836 1848
f 1658 1659 1849
f 1658 1849 1782
f 1623 1849 1659
f 1623 1812 1849
f 1756 1850 1893
f 1756 1779 1850
f 1748 1797 1722
f 1748 1851 1797
f 2193 1809 1808
f 1886 1912 1852
f 1886 1852 1825
f 1783 1853 1854
f 1797 1851 1855
f 1797 1855 1816
f 1882 1810 1809
f 1882 1685 1810
f 1856 1857 1858
f 1856 1814 1857
f 1859 1880 1860
f 1859 1860 1833
f 1861 1862 1877
f 1861 1835 1862
f 1863 1864 1865
f 1863 1820 1864
f 1866 1880 1859
f 1838 1867 1839
f 1838 1848 1867
f 1868 1869 1870
f 1868 1830 1869
f 1766 1871 1765
f 1766 1839 1871
f 1843 1842 1872
f 1843 1872 1834
f 1873 1858 1857
f 1873 1857 1874
f 1736 1709 1843
f 1736 1843 1875
f 1876 1837 1863
f 1876 1863 1865
f 1877 1878 1915
f 1877 1862 1878
f 1912 1916 1879
f 1912 1879 1852
f 1880 1899 1881
f 1880 1881 1860
f 1882 1890 1883
f 1882 1883 1685
f 1892 1865 1864
f 1892 1864 1802
f 2196 1905 1840
f 1827 1768 1844
f 1827 1844 1824
f 177 76 1884
f 1774 1880 1866
f 1774 1899 1880
f 1831 1827 1824
f 1831 1824 1832
f 1915 1879 1916
f 1915 1878 1879
f 1840 1905 1885
f 1840 1885 1845
f 1854 1853 1886
f 1854 1886 1846
f 1839 1887 1871
f 1839 1867 1887
f 1814 1813 1888
f 1814 1888 1868
f 1913 1870 1869
f 1913 1869 1674
f 1889 1892 1802
f 1889 1802 1815
f 1748 1787 1904
f 1748 1904 1851
f 2193 1882 1809
f 1890 1913 1674
f 1890 1674 1883
f 1851 1904 1891
f 1851 1891 1855
f 1876 1892 1807
f 1876 1865 1892
f 1801 1807 1892
f 1801 1892 1889
f 1893 1894 1895
f 1893 1850 1894
f 1801 1901 1800
f 1801 1889 1901
f 1736 1896 1761
f 1736 1875 1896
f 1901 1889 1815
f 1901 1815 1794
f 1821 1733 1893
f 1821 1893 1895
f 1765 1871 1897
f 1871 1898 1897
f 1871 1887 1898
f 1899 1906 1900
f 1899 1900 1881
f 1901 1902 1907
f 1901 1794 1902
f 1875 1843 1834
f 1875 1834 1861
f 1817 1800 1901
f 1817 1901 1907
f 1783 1782 1903
f 1783 1903 1853
f 1904 1895 1894
f 1904 1894 1891
f 1905 1897 1898
f 1905 1898 1885
f 1774 1806 1906
f 1774 1906 1899
f 1907 1908 1909
f 1907 1902 1908
f 1821 1904 1787
f 1821 1895 1904
f 1910 1900 1906
f 1910 1791 1900
f 1822 1817 1907
f 1822 1907 1909
f 1910 1909 1908
f 1910 1908 1791
f 1829 1906 1806
f 1829 1910 1906
f 1857 1814 1868
f 1857 1868 1870
f 1829 1822 1909
f 1829 1909 1910
f 1761 1911 1812
f 1761 1896 1911
f 1853 1903 1912
f 1853 1912 1886
f 1896 1875 1861
f 1896 1861 1877
f 1857 1913 1874
f 1857 1870 1913
f 1874 1913 1890
f 1782 1849 1914
f 1782 1914 1903
f 1896 1915 1911
f 1896 1877 1915
f 1812 1914 1849
f 1812 1911 1914
f 1903 1914 1916
f 1903 1916 1912
f 1911 1916 1914
f 1911 1915 1916
f 297 1275 440
f 297 1045 1275
f 2085 123 282
f 1077 1917 1078
f 2085 282 284
f 386 1353 2082
f 386 2082 1715
f 660 770 510
f 779 783 672
f 790 873 1918
f 679 1355 608
f 772 172 511
f 1919 299 300
f 1919 298 299
f 398 392 1920
f 511 674 673
f 487 505 12
f 996 1062 441
f 724 200 1921
f 1922 484 1715
f 1922 912 484
f 1923 652 1772
f 1143 998 1144
f 1143 504 998
f 2303 1924 1925
f 1504 2141 1943
f 142 895 1926
f 1927 1041 433
f 392 1928 1920
f 392 429 1928
f 1929 1930 2357
f 2197 2385 1931
f 2197 1931 1932
f 2355 443 442
f 2301 576 500
f 1261 1347 2295
f 398 451 1365
f 2117 1928 430
f 1368 378 1513
f 378 1394 1397
f 2142 2324 1585
f 375 1392 1391
f 1933 2227 2165
f 1934 154 155
f 379 1371 1379
f 385 1294 1405
f 385 1229 1294
f 1388 379 1464
f 650 1935 743
f 1404 385 1494
f 1404 362 385
f 2282 207 848
f 1936 902 1329
f 2088 436 500
f 413 1937 2053
f 1341 1272 369
f 1341 369 1434
f 1938 1996 93
f 369 370 1443
f 369 1443 1510
f 623 544 1939
f 1920 1928 1970
f 60 213 269
f 2085 432 123
f 2085 431 432
f 750 486 485
f 1740 428 67
f 1316 1930 1929
f 413 205 266
f 413 266 1937
f 489 446 1980
f 489 1980 2269
f 536 2208 537
f 1944 1940 533
f 1986 1917 1077
f 1941 1942 1943
f 1941 1943 76
f 1919 300 390
f 1919 390 1940
f 1944 1976 455
f 544 543 2106
f 1919 394 298
f 1919 455 394
f 498 457 456
f 1945 93 1979
f 1945 1938 93
f 114 284 287
f 502 463 154
f 502 154 1934
f 552 551 1946
f 393 1947 1570
f 393 1270 1947
f 1467 393 1465
f 1948 1949 1950
f 557 466 561
f 1950 147 491
f 127 320 308
f 578 470 579
f 1951 479 519
f 2138 448 450
f 1952 1051 278
f 1952 278 432
f 1950 383 147
f 267 169 29
f 267 83 169
f 169 269 58
f 169 100 269
f 529 489 2269
f 269 750 60
f 705 2020 1953
f 2012 630 711
f 1953 2030 719
f 2125 347 417
f 1968 460 498
f 1954 308 296
f 1955 1268 1267
f 75 789 894
f 804 636 2012
f 1956 2208 536
f 627 502 1934
f 574 467 1968
f 1342 449 322
f 1342 322 324
f 75 896 159
f 75 894 896
f 2428 551 550
f 1362 389 326
f 1362 340 410
f 1362 326 340
f 2062 641 727
f 1979 967 78
f 821 820 1957
f 381 1958 382
f 1959 921 929
f 381 1384 1445
f 857 980 853
f 578 2125 470
f 692 1078 1917
f 767 755 1960
f 1969 525 527
f 259 258 1961
f 2355 125 124
f 1927 433 435
f 654 653 2004
f 818 2310 816
f 2231 822 2350
f 1161 1962 2206
f 1989 1355 679
f 1963 476 1258
f 1611 400 1609
f 1611 1459 400
f 2419 1315 1929
f 1954 127 308
f 1954 155 127
f 426 1654 1710
f 426 415 1654
f 451 580 453
f 451 2290 580
f 121 1964 196
f 485 487 1965
f 485 1965 445
f 1966 1646 1645
f 1966 1645 2242
f 1923 1772 728
f 112 583 584
f 112 584 2139
f 1823 426 1832
f 1823 414 426
f 716 2009 702
f 1967 450 1342
f 4 649 648
f 552 1946 1362
f 2138 450 1967
f 557 1362 466
f 557 552 1362
f 425 1807 1637
f 425 1637 1533
f 1029 263 1024
f 644 1968 642
f 291 444 1969
f 1005 686 72
f 2359 1970 2118
f 2009 498 456
f 1971 1269 1268
f 603 1547 1972
f 603 1972 1974
f 1866 1859 423
f 1973 1974 2329
f 1973 603 1974
f 1975 491 492
f 1975 492 2024
f 609 536 612
f 532 2025 1976
f 532 1976 1944
f 821 2179 826
f 931 116 162
f 952 954 1977
f 2234 857 853
f 2234 651 857
f 1978 2282 848
f 1950 114 383
f 1950 1949 114
f 642 1968 498
f 642 498 643
f 1995 2121 2289
f 289 504 1979
f 1962 395 292
f 767 1960 1988
f 644 574 1968
f 644 572 574
f 2038 2040 850
f 1980 1981 1982
f 2049 755 666
f 1983 1984 1985
f 2125 345 347
f 782 695 2050
f 79 1955 1986
f 1987 668 876
f 847 680 2055
f 1044 906 2065
f 1983 762 764
f 746 936 686
f 746 686 1005
f 2188 436 2088
f 1988 989 887
f 1000 906 905
f 866 698 1989
f 2031 569 1990
f 2428 124 1946
f 2428 1946 551
f 1926 1365 452
f 2208 195 197
f 2048 1990 2326
f 1991 822 2231
f 2318 2036 2198
f 2106 1992 1993
f 2313 1484 1483
f 1994 1448 367
f 2010 2047 2001
f 2108 490 1999
f 1962 292 288
f 540 537 2208
f 2316 1995 1996
f 2316 1996 1938
f 2024 492 493
f 542 2106 543
f 2320 1091 262
f 2025 494 1976
f 1997 1998 1999
f 2000 1998 2001
f 1884 254 177
f 256 496 495
f 256 2319 496
f 2002 1925 1924
f 2003 1101 973
f 2019 1973 2329
f 518 481 2004
f 79 1077 499
f 79 1986 1077
f 2006 2316 1938
f 2006 1938 1353
f 1504 497 496
f 2005 1000 1073
f 413 2053 2006
f 413 2006 1352
f 571 2125 578
f 2414 679 678
f 1926 1082 142
f 90 734 525
f 1927 270 1041
f 785 895 894
f 523 408 143
f 724 2007 176
f 1740 67 1056
f 1740 1056 1741
f 523 2008 408
f 2138 1967 547
f 1942 1504 1943
f 2009 1161 618
f 1998 1997 2010
f 1998 2010 2001
f 674 162 675
f 2355 50 443
f 653 518 2004
f 653 655 518
f 1920 451 398
f 2055 595 664
f 2055 2014 595
f 635 498 2009
f 2055 680 598
f 2055 598 2014
f 2011 902 1936
f 2012 562 558
f 2012 558 630
f 1983 601 1984
f 1983 606 601
f 2050 695 2022
f 2050 2022 2013
f 2012 560 562
f 2012 636 560
f 2014 1951 519
f 2014 519 595
f 2014 2015 1951
f 2014 598 2015
f 460 1968 2016
f 266 2375 512
f 1989 698 619
f 1989 619 1355
f 2017 2328 2018
f 2017 2018 607
f 2062 572 644
f 2062 644 641
f 2017 2019 2328
f 2017 690 2019
f 2038 850 207
f 2062 573 572
f 467 2016 1968
f 1952 437 1051
f 1489 671 779
f 744 1547 677
f 744 740 1547
f 1489 779 672
f 1489 672 1483
f 2068 658 657
f 2023 729 732
f 2023 732 670
f 2020 623 1939
f 2020 706 623
f 2021 274 271
f 702 2009 618
f 702 618 617
f 2022 627 1934
f 2022 696 627
f 266 99 2360
f 2023 676 747
f 2023 670 676
f 2068 664 658
f 2013 2022 1934
f 273 2360 99
f 752 2024 753
f 752 597 2024
f 1954 296 295
f 756 753 2024
f 763 2025 764
f 2026 2027 2028
f 2029 1011 1009
f 1951 2015 521
f 2328 521 2018
f 716 715 635
f 716 635 2009
f 2030 2428 550
f 2030 550 718
f 809 729 2023
f 2031 2047 2010
f 269 486 750
f 269 100 486
f 1944 1919 1940
f 1944 455 1919
f 1342 324 333
f 837 1985 2331
f 1275 267 1276
f 1275 1046 267
f 2023 747 839
f 2032 2033 2214
f 2034 1103 1105
f 2016 396 460
f 2016 331 396
f 835 834 2275
f 2035 1102 1104
f 656 587 582
f 2180 2205 2036
f 1922 1143 1142
f 1922 1715 1143
f 416 365 2016
f 416 2016 467
f 743 1935 2369
f 2281 2037 2038
f 2039 1646 1966
f 255 1122 1124
f 2040 2041 2042
f 2043 2044 2045
f 647 649 83
f 2287 928 738
f 2287 738 656
f 2216 2076 749
f 2046 2047 2048
f 2049 929 941
f 822 2050 818
f 833 835 2051
f 2352 930 929
f 2352 2052 930
f 795 705 1953
f 795 1953 898
f 2208 197 614
f 1987 955 952
f 899 1953 719
f 899 898 1953
f 886 2012 711
f 886 885 2012
f 1991 2050 822
f 1991 782 2050
f 2053 2132 2054
f 940 939 2055
f 2106 2056 1992
f 890 2012 885
f 890 804 2012
f 2235 2057 2007
f 845 847 2055
f 845 2055 939
f 836 1983 1985
f 836 957 1983
f 1351 1204 2058
f 1351 2058 2059
f 692 2060 1114
f 865 866 1989
f 865 1989 2061
f 1987 876 977
f 1987 977 955
f 2405 865 2061
f 862 762 1983
f 862 1983 957
f 1772 1259 730
f 2234 853 2371
f 2043 809 2023
f 1963 1258 172
f 1963 172 772
f 923 263 2062
f 923 2062 727
f 732 731 1259
f 1010 1018 2331
f 973 2063 2003
f 973 878 2063
f 1366 1351 2059
f 996 438 1049
f 2044 2043 2023
f 2044 2023 839
f 2249 2362 2064
f 933 837 2331
f 933 2331 1018
f 2065 1000 2005
f 2065 906 1000
f 2066 1366 338
f 1026 1035 2068
f 2057 2301 500
f 2057 2235 2301
f 2067 867 860
f 2001 2047 2046
f 2021 271 270
f 2021 270 1927
f 339 1100 2361
f 2067 868 867
f 1034 940 2068
f 1034 2068 1035
f 1798 749 2347
f 859 858 2069
f 1981 1980 390
f 1981 390 301
f 1981 311 449
f 1981 449 1982
f 253 2145 1209
f 208 843 2091
f 615 1016 215
f 2364 909 908
f 654 1259 1772
f 1259 669 732
f 1259 596 669
f 2004 481 431
f 2096 947 946
f 780 1988 887
f 780 767 1988
f 2070 938 937
f 2071 2221 2271
f 2070 944 938
f 932 931 2270
f 334 2202 335
f 2095 1190 1131
f 1055 68 406
f 954 953 2072
f 2032 2214 2073
f 2032 2073 577
f 1984 600 2209
f 805 75 428
f 2138 1982 448
f 976 2072 953
f 996 295 1062
f 2101 983 984
f 2074 841 961
f 2101 984 987
f 2077 2256 2075
f 2076 1102 2035
f 764 606 1983
f 764 2025 606
f 2077 1696 1609
f 2077 1609 2256
f 2109 1017 1011
f 2058 2078 2059
f 479 1952 480
f 2079 2368 2080
f 2109 1036 1017
f 1923 728 810
f 2107 1048 1047
f 2042 2309 2081
f 2042 2081 252
f 2082 1979 504
f 2082 1945 1979
f 2083 1763 1735
f 2083 1749 1767
f 2083 1735 1749
f 2115 1040 1038
f 713 629 628
f 2240 1225 2291
f 1097 1156 2110
f 1917 2002 1924
f 2123 2084 2451
f 2085 114 1949
f 2085 284 114
f 2286 1325 1159
f 1143 1715 2082
f 1143 2082 504
f 2086 1224 329
f 2190 2087 1140
f 2323 2243 2201
f 2088 1278 566
f 2088 501 1278
f 2088 500 501
f 2089 1959 2266
f 2312 2166 2229
f 1188 2067 1189
f 1123 279 2114
f 2090 826 204
f 2426 834 827
f 549 1967 1342
f 2091 1209 2093
f 2076 2035 2311
f 1103 2092 1104
f 2093 2094 2095
f 1216 1222 2096
f 1016 615 750
f 1016 750 485
f 1168 2096 1222
f 2131 1148 1146
f 1236 2070 1237
f 1240 1237 2070
f 931 162 1301
f 931 1301 2270
f 2097 2104 2098
f 2131 1216 1148
f 2099 1183 1182
f 2100 1331 1333
f 1174 2101 1230
f 2102 277 1155
f 2103 363 364
f 1231 1230 2101
f 2127 1260 2342
f 2208 1408 195
f 2104 2103 364
f 2104 364 2098
f 2153 2233 2105
f 2106 50 2355
f 2106 1993 50
f 2133 1191 1194
f 2302 1204 1203
f 2302 2058 1204
f 1975 1950 491
f 1975 596 1950
f 375 338 337
f 2140 1166 1171
f 2133 1194 1195
f 2140 1171 1175
f 2051 907 906
f 2051 713 907
f 1280 2107 1296
f 1962 288 286
f 2108 232 789
f 1310 2109 1309
f 1311 1296 2107
f 2110 827 924
f 1927 435 437
f 379 1388 1233
f 2111 2112 2113
f 2405 956 865
f 379 1255 1371
f 1969 90 525
f 1368 1382 2424
f 2114 1261 2295
f 1244 1330 2115
f 1429 1325 2286
f 1337 2115 1330
f 2165 1383 1933
f 1396 2424 1382
f 1957 2179 821
f 1394 378 2116
f 1972 2329 1974
f 733 224 2117
f 733 2117 430
f 2320 962 1091
f 1928 2117 2118
f 1928 2118 1970
f 2090 819 826
f 2067 860 950
f 2092 2253 1363
f 2119 2120 2121
f 1315 2122 1316
f 2074 961 1048
f 2353 2123 2034
f 1404 1392 2262
f 1965 687 936
f 2067 974 868
f 1969 488 291
f 1969 527 488
f 2124 1054 1053
f 2092 1363 1383
f 2125 1342 333
f 2125 333 345
f 209 2126 848
f 816 740 823
f 2069 981 859
f 2091 979 208
f 2127 1333 1332
f 2128 2129 2292
f 2166 2226 2229
f 2360 2375 266
f 2007 2057 436
f 2127 1350 1260
f 2130 1213 1273
f 1917 1986 2223
f 1917 2223 2002
f 1470 2131 1467
f 1988 1081 989
f 1937 2375 2132
f 1937 2132 2053
f 1479 1478 2102
f 1385 2133 1482
f 1488 2102 1478
f 2391 2134 2135
f 1495 1482 2133
f 773 678 685
f 1453 375 374
f 406 376 1306
f 2227 1933 382
f 2136 2137 2138
f 273 1082 2139
f 778 689 693
f 778 871 689
f 1420 2140 1517
f 1536 1517 2140
f 2313 1483 668
f 2141 2151 2142
f 2143 2144 2145
f 2143 2145 253
f 2011 1963 812
f 1331 2146 1332
f 469 902 2011
f 469 2011 377
f 1316 2122 2147
f 1086 2368 2079
f 1086 1026 2368
f 172 674 511
f 1316 2148 1930
f 1316 2149 2148
f 2388 1409 1491
f 1009 1010 2110
f 2332 2176 2150
f 1884 2277 254
f 1995 1266 1996
f 2335 2203 2151
f 2110 924 1032
f 2110 1032 1097
f 1060 956 2405
f 2128 2152 2129
f 2343 1644 1695
f 596 1948 1950
f 596 1259 1948
f 2343 1695 1755
f 2153 2154 2155
f 2156 1804 1770
f 2128 2367 2157
f 2158 1066 265
f 2159 1572 1359
f 2156 1841 1804
f 2021 1049 274
f 2159 2247 1460
f 1302 176 2007
f 2459 1866 423
f 2067 950 1040
f 2161 1599 1401
f 2160 1705 1689
f 1064 2067 1188
f 1064 974 2067
f 2161 1376 1485
f 267 647 83
f 267 1046 647
f 895 785 391
f 2091 252 1209
f 2162 1480 1373
f 2163 1622 1621
f 2259 1473 1417
f 254 2221 2071
f 254 2277 2221
f 2164 1618 1501
f 2338 2165 2166
f 2322 1050 1120
f 2027 1576 2028
f 2167 1731 1733
f 2228 2168 2449
f 2228 1958 2168
f 2091 1070 979
f 2169 2246 2212
f 1124 1125 255
f 1124 2170 1125
f 1486 1487 2171
f 2173 1605 1463
f 2171 1542 1439
f 2172 1563 1620
f 2173 1569 1568
f 1234 1116 2005
f 2172 1571 1570
f 2174 1475 1566
f 1448 1994 2175
f 1448 2175 1543
f 2159 1460 1611
f 381 1515 1958
f 2026 2028 1578
f 1449 1544 2176
f 381 1445 1545
f 2207 2081 2309
f 1686 1572 2159
f 1140 1076 1141
f 1140 1141 2190
f 2310 740 816
f 2177 1199 2224
f 257 259 2177
f 2178 2179 2431
f 2124 1053 1110
f 1357 2274 2130
f 2161 1485 1712
f 2317 2336 2180
f 1730 1599 2161
f 2096 1052 947
f 2070 937 1033
f 2369 858 743
f 2345 2181 2297
f 2070 1038 944
f 2361 1101 2003
f 1629 1605 2173
f 2231 946 1991
f 2182 1627 1546
f 2042 843 2040
f 2173 1568 1650
f 2039 1699 1646
f 2410 2183 2184
f 2172 1620 1687
f 2171 1487 1645
f 2001 224 2000
f 1917 2060 692
f 411 1747 1719
f 2175 1594 1543
f 2184 2185 2186
f 1681 1571 2172
f 2187 2183 2410
f 2176 1544 1595
f 2189 1592 1515
f 1587 1588 2300
f 2188 2010 1997
f 2101 1063 983
f 1069 2072 976
f 2189 1545 1626
f 379 2190 1255
f 819 2191 820
f 2403 1826 1828
f 2005 1073 1140
f 2176 1708 2150
f 2182 2186 2185
f 2334 2122 1315
f 401 1856 1858
f 2300 1679 1705
f 2101 987 1074
f 2406 1697 1696
f 1721 1720 2192
f 94 79 967
f 2182 1766 1627
f 2192 1707 1586
f 1595 1671 2195
f 2195 1671 1619
f 2404 405 1831
f 2184 1745 2185
f 2184 2183 2193
f 824 741 745
f 2194 1813 402
f 2194 1684 1742
f 2406 424 1777
f 2187 2193 2183
f 2195 1842 1708
f 2189 2196 1592
f 2195 1872 1842
f 2192 1720 1796
f 425 1837 1876
f 2194 1888 1813
f 2189 1626 1765
f 2192 1811 1707
f 674 172 1271
f 674 1271 170
f 2187 1873 1874
f 755 941 1960
f 755 2049 941
f 853 963 965
f 2408 2233 2153
f 2414 678 773
f 170 162 674
f 2096 1147 1216
f 2400 2197 2341
f 2348 2249 2064
f 609 1956 536
f 2322 1120 1193
f 1111 2096 1168
f 1111 1052 2096
f 1547 2305 1972
f 2198 2090 2204
f 2070 1033 1099
f 2070 1099 1240
f 2199 1628 1630
f 2072 1069 1126
f 2414 773 851
f 1927 437 1952
f 2200 1987 952
f 1118 2101 1174
f 1118 1063 2101
f 2026 1578 1693
f 1182 1225 2240
f 549 2125 571
f 549 1342 2125
f 2201 2202 2236
f 2101 1074 1135
f 2101 1135 1231
f 1988 1960 942
f 162 170 198
f 162 198 404
f 1029 1028 928
f 2203 2204 2325
f 2066 1351 1366
f 2066 1206 1351
f 2205 2191 819
f 2206 286 120
f 2206 1962 286
f 2031 566 569
f 2279 2463 2207
f 2208 2056 2106
f 2208 614 2056
f 2107 1047 1112
f 2109 1113 1036
f 2088 566 2031
f 1999 232 2108
f 1585 2037 2281
f 2162 1661 1694
f 2209 2137 2136
f 2210 372 371
f 2210 371 363
f 687 831 18
f 2350 817 824
f 1979 105 289
f 1979 78 105
f 2139 2360 273
f 2160 2211 2212
f 2213 1658 1783
f 2130 2299 1213
f 542 2208 2106
f 542 540 2208
f 2214 2215 2216
f 2214 2216 2073
f 1930 2148 2455
f 1978 848 2126
f 2032 2333 2033
f 2217 2041 2040
f 2341 2197 1932
f 1358 2130 1273
f 1358 1357 2130
f 2218 2219 2220
f 2126 209 979
f 202 1964 121
f 202 144 1964
f 2003 2063 1063
f 2003 1063 1117
f 2005 1042 2065
f 2005 1116 1042
f 1044 1043 833
f 2221 2222 2225
f 2221 2225 2271
f 962 851 852
f 962 2320 851
f 1955 1267 2223
f 1955 2223 1986
f 2330 2224 2248
f 1213 2107 1280
f 1213 2299 2107
f 820 2438 1957
f 820 2191 2438
f 2221 2280 2222
f 204 2179 2178
f 2206 120 122
f 256 1114 2060
f 1972 996 2329
f 2107 1112 1180
f 2107 1180 1311
f 2225 2251 2366
f 1197 2109 1310
f 1197 1113 2109
f 2045 908 2043
f 2031 2048 2047
f 2031 1990 2048
f 1054 891 884
f 2226 2227 2228
f 2115 1236 1244
f 1187 2115 1337
f 1187 1189 2115
f 2437 2097 2373
f 1233 2190 379
f 1233 2087 2190
f 2229 2230 2384
f 2024 493 494
f 2126 979 1130
f 2049 1959 929
f 2310 1547 740
f 2215 2034 1105
f 2349 1147 2231
f 2232 315 790
f 1161 2009 456
f 1161 456 1962
f 2145 2094 2093
f 2233 2446 2461
f 1923 657 652
f 1269 2234 1267
f 1269 651 2234
f 2094 1190 2095
f 2100 2471 1331
f 232 1999 1998
f 232 1998 2000
f 2235 2276 2399
f 611 1956 609
f 982 2236 264
f 982 981 2236
f 2111 2113 2237
f 2238 1167 1107
f 2386 2457 2376
f 2099 1130 1183
f 2099 2126 1130
f 2098 285 2097
f 2321 1935 650
f 2447 2294 2239
f 2447 2240 2294
f 2024 494 2025
f 2241 328 327
f 1332 2146 2242
f 1332 2242 1486
f 2243 2245 2241
f 329 328 2244
f 2036 2205 819
f 954 2420 1977
f 2260 2164 1501
f 2260 1501 1491
f 364 371 373
f 2245 2389 2246
f 2247 1263 1206
f 2333 2248 2033
f 930 2052 2249
f 2034 2250 1103
f 2034 2123 2250
f 1948 2085 1949
f 1453 338 375
f 2251 2268 2252
f 2259 1417 1253
f 2253 2254 2255
f 2253 2255 1444
f 1125 2113 2112
f 1125 2170 2113
f 2256 2257 2174
f 2256 400 2257
f 2114 2342 1261
f 2087 2005 1140
f 2087 1234 2005
f 372 412 411
f 1926 2139 1082
f 1926 111 2139
f 2116 1287 1394
f 2094 2145 2144
f 2176 2195 1708
f 2176 1595 2195
f 1184 1190 2258
f 1184 2258 1226
f 2259 1186 1167
f 2259 1253 1186
f 265 334 1224
f 2111 2237 2260
f 2111 2260 1409
f 2007 2276 2235
f 2261 1480 2162
f 2261 1690 1480
f 2147 2149 1316
f 1951 1952 479
f 2262 1173 362
f 2262 362 1404
f 381 1545 2189
f 381 2189 1515
f 1255 2190 1141
f 1255 1141 1256
f 2437 2104 2097
f 2029 2110 1156
f 2029 1009 2110
f 2284 1586 1576
f 1050 2322 2263
f 1050 2263 945
f 2264 2265 2124
f 2264 1071 2265
f 1970 2266 1920
f 2306 2267 2268
f 2310 2305 1547
f 2209 2269 2137
f 2270 2188 1997
f 2270 1302 2188
f 79 94 1266
f 79 1266 1955
f 523 2271 2008
f 523 2071 2271
f 2312 2229 2384
f 2247 1206 2066
f 2247 2066 1461
f 1453 1452 2066
f 1453 2066 338
f 2387 2272 2273
f 2131 1146 2274
f 932 2270 1997
f 932 1997 1999
f 1920 2290 451
f 2275 547 629
f 2124 891 1054
f 2124 2265 891
f 408 1921 200
f 724 1921 2276
f 724 2276 2007
f 2131 1289 1216
f 2277 1585 2281
f 2102 1155 1219
f 2162 1373 1372
f 2470 1858 1873
f 2133 1290 1191
f 2163 1760 1622
f 568 567 1798
f 2208 545 1408
f 2133 1195 1314
f 2140 1299 1166
f 2164 1642 1618
f 2160 1689 1691
f 2091 2093 2095
f 2091 2095 1070
f 2140 1175 1321
f 1242 2264 2124
f 1044 833 2051
f 1044 2051 906
f 2151 2324 2142
f 1954 295 996
f 476 1942 1941
f 1959 2352 921
f 2203 2198 2204
f 2167 1733 1821
f 1955 1971 1268
f 1955 1266 1971
f 2177 2278 1199
f 1473 1458 1582
f 1473 2259 1458
f 2431 2279 2178
f 2280 2281 2282
f 2280 2282 1978
f 1959 2089 2435
f 2371 853 965
f 2283 2346 2284
f 2143 2285 2144
f 2373 285 2283
f 2062 582 573
f 1936 1329 1504
f 1936 1504 1942
f 2286 2079 2080
f 2286 1159 2079
f 2287 2062 263
f 2131 2274 1270
f 2452 367 366
f 2452 366 368
f 2336 2288 2180
f 1884 1585 2277
f 1884 2142 1585
f 1367 2131 1470
f 1367 1289 2131
f 2202 2241 327
f 1302 2007 436
f 1302 436 2188
f 2166 2227 2226
f 2166 2165 2227
f 1993 614 196
f 1266 2289 1971
f 1266 1995 2289
f 568 2326 1990
f 568 2354 2326
f 2102 1219 1386
f 2102 1386 1479
f 2290 2049 666
f 2290 666 581
f 1407 2102 1488
f 1407 1309 2102
f 2291 2128 2292
f 1291 2133 1385
f 1291 1290 2133
f 2449 2168 2156
f 2038 2282 2281
f 2038 207 2282
f 2292 2293 2294
f 1226 2128 2291
f 2275 2138 547
f 2275 2136 2138
f 2133 1314 1410
f 2133 1410 1495
f 2388 1491 1493
f 2127 1332 1486
f 1300 2140 1420
f 1300 1299 2140
f 2295 2296 2339
f 2295 1347 2296
f 2159 1359 1264
f 2159 1264 1263
f 2159 1263 2247
f 2140 1321 1431
f 2140 1431 1536
f 1350 2171 1439
f 2172 1356 1563
f 2172 1947 1356
f 2172 1570 1947
f 1972 1954 996
f 1972 2305 1954
f 2173 1369 1569
f 2227 382 1958
f 2227 1958 2228
f 2174 2257 1453
f 2173 1370 1369
f 2173 1463 1370
f 2161 1292 1376
f 2075 2256 2174
f 2128 2157 1541
f 2297 1987 2200
f 2298 1719 1721
f 2174 374 1475
f 2174 1453 374
f 1588 2075 2174
f 2161 1304 1292
f 2161 1401 1304
f 2299 2074 1048
f 2299 1048 2107
f 1521 2286 1396
f 2404 1653 1628
f 763 2024 2025
f 763 756 2024
f 2300 1566 1579
f 2300 1579 1679
f 1522 1429 2286
f 1522 2286 1521
f 1106 1032 1031
f 1106 1176 1032
f 2404 1710 1653
f 2404 1831 1710
f 1698 2159 1611
f 2301 2032 577
f 2301 577 576
f 2171 1645 1714
f 2182 2185 1847
f 1738 1686 2159
f 1738 2159 1698
f 2184 1775 1745
f 2182 1838 1766
f 2182 1847 1838
f 2184 1808 1775
f 2184 2193 1808
f 2302 2238 1107
f 1123 2170 1124
f 2171 1714 1837
f 1917 2303 2060
f 1917 1924 2303
f 2195 1619 1596
f 1711 2161 1712
f 1781 2161 1711
f 1781 1730 2161
f 2192 1796 1711
f 2192 1711 1723
f 2192 1723 1811
f 2163 1574 1760
f 2195 1596 1612
f 2195 1612 1872
f 1189 1040 2115
f 1189 2067 1040
f 2304 1966 2242
f 2304 2242 2146
f 2194 1742 1639
f 2074 745 841
f 2074 824 745
f 2194 1648 1888
f 2194 1639 1648
f 2293 2292 2129
f 2187 1882 2193
f 2187 1890 1882
f 2187 1874 1890
f 2305 1934 155
f 2305 155 1954
f 2189 1905 2196
f 2189 1765 1897
f 2189 1897 1905
f 2164 1525 1642
f 2051 629 713
f 2280 1978 2306
f 2280 2306 2222
f 2162 1372 1481
f 2162 1481 1661
f 2209 529 2269
f 2209 600 529
f 2307 2419 1929
f 2307 1929 2357
f 2290 1920 2266
f 2308 2309 2401
f 1541 1658 2213
f 2050 2013 2310
f 2050 2310 818
f 2311 2312 2468
f 2313 2297 2181
f 2287 582 2062
f 2287 656 582
f 2200 952 1977
f 2167 1821 412
f 2232 790 1918
f 2232 1918 565
f 2314 2315 2394
f 2314 2394 2327
f 2378 1705 2160
f 2398 2276 1921
f 2053 2054 2316
f 2053 2316 2006
f 2317 2318 2319
f 611 1354 1161
f 2238 2302 1203
f 2238 1203 1265
f 2160 1691 1643
f 2160 1643 2211
f 375 2262 1392
f 375 337 2262
f 2320 2059 2078
f 2289 2321 1971
f 2261 2162 1694
f 2261 1694 1644
f 391 1926 895
f 391 1365 1926
f 1783 1854 1717
f 1783 1717 2213
f 423 424 2406
f 2137 1982 2138
f 2217 2040 2038
f 1298 1287 2322
f 1298 2322 1193
f 2389 2212 2246
f 1243 2124 1110
f 1243 1242 2124
f 2220 2219 2323
f 1029 2287 263
f 1029 928 2287
f 2269 1980 1982
f 2269 1982 2137
f 2324 2325 2217
f 805 789 75
f 805 2108 789
f 2326 2327 2272
f 2328 2329 2021
f 2328 2019 2329
f 2052 2362 2249
f 393 1467 2131
f 393 2131 1270
f 2396 2330 2134
f 2331 1984 2209
f 2331 1985 1984
f 2351 2299 2130
f 196 1964 90
f 2332 368 1449
f 2332 1449 2176
f 2199 1630 2039
f 2332 2150 1574
f 2134 2333 2135
f 1173 2003 1117
f 2313 1987 2297
f 2313 668 1987
f 2206 122 545
f 2026 2175 1994
f 224 2001 2046
f 224 2046 2117
f 835 2275 629
f 835 629 2051
f 2011 1936 1942
f 940 2055 664
f 940 664 2068
f 2453 2334 2418
f 2319 2318 2335
f 2319 2335 496
f 2200 1977 2337
f 2060 2303 2336
f 2060 2336 2317
f 2392 2337 2422
f 2170 2237 2113
f 2237 2164 2260
f 2338 2035 1104
f 2459 1773 1866
f 2459 1493 1773
f 2339 2164 2237
f 2251 2252 2340
f 2343 2211 1644
f 2219 2218 2341
f 2219 2341 1932
f 2362 2342 2064
f 2362 2127 2342
f 1592 2156 2168
f 2323 2219 1932
f 2236 334 264
f 2236 2202 334
f 2343 1732 1731
f 2343 1755 1732
f 2344 1594 2175
f 2345 2120 2119
f 2346 2298 1721
f 2346 1586 2284
f 1366 2059 2320
f 1366 2320 262
f 2344 1670 1594
f 2156 2196 1841
f 2156 1592 2196
f 1309 277 2102
f 1309 2109 277
f 2240 2292 2294
f 2240 2291 2292
f 2289 2121 2120
f 2347 2311 2468
f 2202 2243 2241
f 2202 2201 2243
f 2339 1525 2164
f 2339 2296 1525
f 1455 2238 1265
f 1988 942 2348
f 2344 1693 1788
f 2344 1788 1681
f 2349 2350 2351
f 2349 2231 2350
f 2352 2155 2154
f 2352 2154 2052
f 996 1049 2021
f 996 2021 2329
f 2004 431 2085
f 2004 2085 1948
f 2205 2180 2288
f 2369 2069 858
f 256 2060 2317
f 256 2317 2319
f 204 2178 2308
f 2321 2377 1935
f 2251 2225 2222
f 942 930 2249
f 942 2249 2348
f 1956 545 2208
f 1956 2206 545
f 2042 2091 843
f 2042 252 2091
f 2033 2215 2214
f 2033 2248 2353
f 1943 1884 76
f 2254 1546 2255
f 2354 2347 2468
f 277 2109 1011
f 277 1011 2029
f 544 2355 1939
f 544 2106 2355
f 1970 2089 2266
f 1970 2359 2089
f 2274 1146 2349
f 660 1739 1741
f 2356 2357 2358
f 2356 2307 2357
f 2259 1167 2238
f 2398 2399 2276
f 1236 2115 1038
f 1236 1038 2070
f 2387 2273 2359
f 2387 2359 2118
f 2141 2335 2151
f 2450 2393 2433
f 2347 2076 2311
f 2347 749 2076
f 2360 1489 1484
f 337 2361 2262
f 337 339 2361
f 2362 2100 1333
f 2362 1333 2127
f 2045 2044 2263
f 2425 2434 2363
f 2363 2382 2425
f 2323 1932 1931
f 2013 2305 2310
f 2013 1934 2305
f 2215 2033 2353
f 2215 2353 2034
f 2304 2039 1966
f 2304 2199 2039
f 2364 2080 2368
f 2364 2368 909
f 2200 2337 2392
f 2365 1574 2163
f 408 2008 2366
f 2167 412 372
f 2353 2084 2123
f 1226 2258 2367
f 1226 2367 2128
f 2223 1267 2234
f 2430 1066 2158
f 2430 965 1066
f 2368 1923 810
f 2368 810 909
f 2369 2402 2370
f 2054 2119 2121
f 2311 2035 2338
f 2002 2371 1925
f 2372 2482 2432
f 2372 2373 2482
f 2215 2076 2216
f 2098 2283 285
f 2437 2373 2372
f 2357 2455 2358
f 2357 1930 2455
f 2169 2212 2211
f 2169 2211 2343
f 2163 1621 2157
f 568 1798 2347
f 568 2347 2354
f 2148 2149 2374
f 2375 2313 2181
f 2375 2181 2132
f 2036 819 2090
f 2036 2090 2198
f 1259 654 2004
f 1259 2004 1948
f 2315 2407 2394
f 2376 1587 2300
f 2377 2402 2369
f 2377 2369 1935
f 373 411 1719
f 373 1719 2298
f 2378 2376 2300
f 2378 2300 1705
f 2465 1684 2194
f 1588 1566 2300
f 1588 2174 1566
f 2222 2268 2251
f 2222 2306 2268
f 2333 2134 2330
f 2333 2330 2248
f 521 2328 2021
f 521 2021 1927
f 328 2443 2244
f 2445 2379 2380
f 2318 2203 2335
f 2318 2198 2203
f 2072 2420 954
f 2426 2136 2275
f 2426 2275 834
f 2381 2382 2383
f 2069 2369 2370
f 1542 2171 1837
f 1542 1837 425
f 2054 2132 2181
f 2314 2384 2315
f 1953 2020 1939
f 2385 2386 2458
f 2048 2387 2046
f 2388 2147 2122
f 2298 2346 2283
f 2298 2283 2098
f 2385 2458 2389
f 2457 1587 2376
f 1350 1486 2171
f 1350 2127 1486
f 2011 1942 476
f 2011 476 1963
f 1961 2382 2381
f 2390 258 257
f 2321 1269 1971
f 2321 650 1269
f 2340 2252 2397
f 2340 2397 2391
f 2318 2317 2180
f 2318 2180 2036
f 1993 1969 444
f 1126 2112 2111
f 2076 2215 1105
f 2076 1105 1102
f 2120 2345 2392
f 2120 2392 2439
f 2052 2100 2362
f 2052 2154 2100
f 2375 1484 2313
f 2375 2360 1484
f 2393 1994 367
f 1943 2142 1884
f 1943 2141 2142
f 2266 2049 2290
f 2266 1959 2049
f 2119 2181 2345
f 2119 2054 2181
f 2272 2394 2273
f 2272 2327 2394
f 2395 2396 2397
f 2152 2128 1541
f 2152 1541 2213
f 2348 1081 1988
f 2348 279 1081
f 2366 2251 2340
f 2366 2340 2398
f 2399 2391 2135
f 2356 2358 2400
f 2356 2400 2341
f 2284 1576 2027
f 2078 851 2320
f 2078 2414 851
f 2435 2352 1959
f 2435 2155 2352
f 2245 2246 2169
f 611 1161 2206
f 611 2206 1956
f 2353 2224 2084
f 2353 2248 2224
f 1957 2431 2179
f 1458 2259 2238
f 1458 2238 1455
f 2039 1630 1629
f 2465 1716 1684
f 2401 2042 2041
f 2401 2309 2042
f 2334 2388 2122
f 2096 2231 1147
f 2096 946 2231
f 2217 2401 2041
f 2402 2218 2220
f 2402 2220 2370
f 2258 2157 2367
f 2400 2358 2457
f 2400 2457 2386
f 2403 2404 2441
f 2403 405 2404
f 2054 2121 1995
f 2054 1995 2316
f 2048 2272 2387
f 2048 2326 2272
f 2465 2194 402
f 2058 2302 2405
f 2120 2321 2289
f 2271 2366 2008
f 2271 2225 2366
f 2149 2406 2374
f 2117 2046 2387
f 2117 2387 2118
f 2207 253 2081
f 2252 2395 2397
f 2407 2408 2409
f 1107 2405 2302
f 1107 1060 2405
f 2363 2383 2382
f 2188 2031 2010
f 2188 2088 2031
f 2480 2410 2411
f 2199 2404 1628
f 2412 2407 2409
f 2413 2218 2402
f 2139 1489 2360
f 2139 584 1489
f 2400 2385 2197
f 2400 2386 2385
f 2414 2061 1989
f 2414 1989 679
f 2345 2297 2200
f 2345 2200 2392
f 2415 2416 2417
f 2069 2236 981
f 2351 2350 824
f 2397 2396 2134
f 2397 2134 2391
f 1931 2385 2389
f 2423 2418 2419
f 2423 2420 2418
f 2393 367 2452
f 2322 2045 2263
f 1026 1923 2368
f 2068 1923 1026
f 2068 657 1923
f 2094 2144 2421
f 2338 2312 2311
f 2338 2166 2312
f 2420 2072 2453
f 2420 2453 2418
f 2325 2401 2217
f 2464 2152 2213
f 2422 2423 2481
f 2409 2408 2153
f 2442 2199 2304
f 2359 2273 2412
f 2364 908 2045
f 2424 2080 2364
f 487 12 649
f 258 2390 2425
f 2426 2331 2209
f 2426 2209 2136
f 2425 1961 258
f 2425 2382 1961
f 1921 408 2366
f 1921 2366 2398
f 2230 2229 2226
f 1199 2451 2084
f 259 2278 2177
f 1977 2420 2423
f 1961 2278 259
f 329 2244 2210
f 1504 2335 2141
f 1504 496 2335
f 2419 2418 2334
f 2419 2334 1315
f 2407 2315 2427
f 1953 1939 2428
f 1953 2428 2030
f 2210 2167 372
f 2151 2325 2324
f 2151 2203 2325
f 2422 2481 2429
f 2371 2430 1925
f 2371 965 2430
f 2431 2432 2433
f 2431 2433 2279
f 2399 2340 2391
f 2399 2398 2340
f 2336 2303 1925
f 2308 2207 2309
f 2218 2356 2341
f 2405 2078 2058
f 2294 2434 2239
f 2178 2279 2207
f 2178 2207 2308
f 2408 2446 2233
f 2412 2409 2435
f 2433 2463 2279
f 2285 2421 2144
f 265 1224 2086
f 2351 824 2074
f 2351 2074 2299
f 2250 2123 2451
f 2409 2153 2155
f 2409 2155 2435
f 1010 2331 2426
f 2064 2342 2114
f 1939 2355 124
f 1939 124 2428
f 2436 2437 2438
f 2250 2092 1103
f 2321 2439 2377
f 2321 2120 2439
f 2288 2191 2205
f 2288 2440 2191
f 2037 2324 2217
f 2037 2217 2038
f 521 1952 1951
f 521 1927 1952
f 2262 2003 1173
f 2262 2361 2003
f 2460 2441 2442
f 2130 2349 2351
f 2130 2274 2349
f 2434 2294 2293
f 2039 1650 1699
f 2111 1409 2388
f 1368 2116 378
f 2286 2080 2424
f 2286 2424 1396
f 2244 2167 2210
f 2086 363 2103
f 2250 2253 2092
f 2337 2423 2422
f 2337 1977 2423
f 2330 2177 2224
f 2443 2343 1731
f 2443 2169 2343
f 2204 2401 2325
f 2464 2213 1717
f 2464 1717 1716
f 2092 1383 2165
f 2439 2392 2422
f 2444 2445 2446
f 2442 2304 2146
f 2441 2199 2442
f 2441 2404 2199
f 2469 2083 1767
f 2469 1767 1826
f 2110 1010 2426
f 2110 2426 827
f 2129 2464 2293
f 2129 2152 2464
f 2346 2192 1586
f 2346 1721 2192
f 2277 2280 2221
f 2277 2281 2280
f 2416 2411 2417
f 2094 2258 1190
f 364 373 2298
f 364 2298 2098
f 2478 2476 2447
f 2448 2449 2454
f 196 90 1969
f 196 1969 1993
f 660 1306 770
f 2285 368 2332
f 2154 2471 2100
f 2432 2482 2450
f 2432 2450 2433
f 2451 2416 2415
f 2105 2233 2461
f 2470 1873 2187
f 2411 2410 2184
f 2241 2443 328
f 2452 2285 2143
f 2452 368 2285
f 279 2348 2064
f 279 2064 2114
f 1126 2111 2453
f 1126 2453 2072
f 2456 2077 2075
f 2158 265 2086
f 2417 2411 2184
f 2417 2184 2186
f 1931 2389 2245
f 2454 1763 2083
f 2456 1696 2077
f 1670 2172 1687
f 2374 2406 1696
f 831 649 4
f 2455 2456 2457
f 2455 2457 2358
f 2354 2327 2326
f 2344 2172 1670
f 2344 1681 2172
f 2089 2412 2435
f 2089 2359 2412
f 2458 2376 2378
f 2458 2386 2376
f 2396 2177 2330
f 2396 257 2177
f 2223 2234 2371
f 2223 2371 2002
f 2149 2147 2459
f 2380 2460 2461
f 2380 2462 2460
f 2470 401 1858
f 2338 1104 2092
f 2338 2092 2165
f 2252 2268 2267
f 2090 204 2308
f 1925 2288 2336
f 2438 2437 2372
f 2438 2372 1957
f 2463 2393 2452
f 2463 2433 2393
f 2156 1770 1763
f 2463 2452 2143
f 2154 2153 2105
f 2154 2105 2471
f 2431 1957 2372
f 2431 2372 2432
f 2454 2083 2469
f 2464 2465 2466
f 2464 1716 2465
f 2383 2363 2466
f 2116 2322 1287
f 2116 2045 2322
f 2443 1731 2167
f 2443 2167 2244
f 2465 402 401
f 2462 2441 2460
f 2462 2403 2441
f 2467 2158 2086
f 2467 2086 2103
f 2467 2437 2436
f 2467 2104 2437
f 2467 2103 2104
f 2468 2384 2314
f 2468 2312 2384
f 2243 1931 2245
f 2243 2323 1931
f 2446 2445 2380
f 2446 2380 2461
f 2440 2438 2191
f 2440 2436 2438
f 2469 2403 2462
f 2469 1826 2403
f 2389 2458 2378
f 2383 2470 2381
f 2383 401 2470
f 2471 2442 2146
f 2471 2146 1331
f 2069 2201 2236
f 2069 2323 2201
f 1741 1055 406
f 2472 2473 2474
f 2099 1182 2240
f 2258 2163 2157
f 2475 2411 2416
f 2475 2480 2411
f 2476 2099 2240
f 2476 2240 2447
f 2069 2220 2323
f 2069 2370 2220
f 487 687 1965
f 2477 2478 2479
f 2381 2470 2480
f 2481 2419 2307
f 2481 2423 2419
f 2078 2405 2061
f 2078 2061 2414
f 2026 1693 2344
f 2026 2344 2175
f 2170 1123 2114
f 2482 2284 2027
f 2482 2027 2450
f 2170 2339 2237
f 2399 2301 2235
f 2450 2027 2026
f 2477 2476 2478
f 2354 2314 2327
f 2354 2468 2314
f 2239 2434 2425
f 2377 2413 2402
f 2158 2467 2436
f 2147 2388 1493
f 2147 1493 2459
f 2226 2483 2230
f 2293 2363 2434
f 2086 329 2210
f 2086 2210 363
f 2039 2173 1650
f 2039 1629 2173
f 2454 2156 1763
f 2454 2449 2156
f 2456 1587 2457
f 2456 2075 1587
f 2482 2283 2284
f 2482 2373 2283
f 2412 2394 2407
f 2412 2273 2394
f 2484 2445 2444
f 2381 2480 2475
f 2293 2466 2363
f 2293 2464 2466
f 2254 2182 1546
f 2250 2451 2415
f 2135 2333 2032
f 2424 2116 1368
f 2278 2451 1199
f 2148 2456 2455
f 87 89 46
f 119 46 89
f 428 74 110
f 73 110 74
f 1251 153 150
f 152 150 153
f 1138 986 1139
f 1059 1139 986
f 1020 920 1014
f 919 1014 920
f 897 800 994
f 999 994 800
f 530 533 489
f 1940 489 533
f 614 1993 2056
f 1992 2056 1993
f 315 2232 316
f 317 316 2232
f 323 350 332
f 344 332 350
f 246 193 247
f 251 247 193
f 193 191 240
f 237 240 191
f 191 1045 235
f 226 235 1045
f 615 217 219
f 220 219 217
f 872 701 873
f 1918 873 701
f 508 181 187
f 184 187 181
f 71 70 507
f 95 507 70
f 527 1132 107
f 108 107 1132
f 640 639 509
f 192 509 639
f 639 399 506
f 180 506 399
f 86 485 84
f 85 84 485
f 522 546 145
f 483 145 546
f 139 102 103
f 101 103 102
f 102 505 138
f 268 138 505
