v -0.060460084221369940483 0.079443623377361369253 0.99500416527802582056
v 0.076476834059884354899 -0.064171683253255062951 0.99500416527802582056
v 0.080392881133396806859 -0.059192024314519919859 0.99500416527802582056
v -0.044332687155217861963 -0.089450119781791043172 0.99500416527802582056
v -0.049916708323414098192 0.086458274962749451231 0.99500416527802582056
v -0.055299732524983047366 0.083118293185342279061 0.99500416527802582056
v 0.07225284176763487054 0.068892945472525002337 0.99500416527802582056
v 0.092682142658348412589 0.037104332787920857317 -0.99500416527802570954
v 0.099030238124163436075 0.012638157161972385714 -0.99500416527802570954
v 0.099030238124163436075 -0.012638157161972364897 -0.99500416527802570954
v 0.023536620036925342409 0.097019269202651636785 0.99500416527802582056
v 0.017335890870985103118 0.098316722723494398561 0.99500416527802582056
v -0.0079117939621269253031 0.099519418183990793203 0.99500416527802582056
v 0.041472300074364948363 0.090811669987513471414 -0.99500416527802570954
v -0.014207776544362879512 -0.098817256413263554471 -0.99500416527802570954
v 0.083985214448751621674 -0.053974019985326547599 -0.99500416527802570954
v -0.099381363206457809523 -0.0094897695759854037989 0.99500416527802582056
v -0.095789461804560410707 -0.028126323730126721184 -0.99500416527802570954
v 0.0047502652272859687346 0.099720339247566056051 -0.99500416527802570954
v -0.065376984497607468216 0.075449062137171854503 -0.99500416527802570954
v 0.0075821922999225162612 0.15916980467647451336 0.98722210451305225654
v -0.1312531058328581246 -0.090361156312038171112 0.98722210451305225654
v -0.12525779214873761225 -0.098503816509025191039 0.98722210451305225654
v 0.15806829156643303902 0.02017254475987791465 -0.98722210451305225654
v 0.15902947081409224417 -0.010106620276331025957 -0.98722210451305225654
v -0.13671990958475555011 -0.081854643630989681879 0.98722210451305225654
v 0.100478753204768817 -0.12367916766875179657 0.98722210451305225654
v 0.15424291063928544099 0.040020505723211079185 -0.98722210451305225654
v 0.09243223937345215746 -0.12980291786099762419 0.98722210451305225654
v 0.21434822206165471403 -0.041312233632333265898 0.97588326097505895262
v -0.017299715751326813495 0.21760648148345265729 0.97588326097505895262
v 0.20739393347765339159 0.068114736330339042958 0.97588326097505895262
v -0.15312710120388853263 0.1555761929910198238 -0.97588326097505895262
v 0.010386802104407554317 0.21804581007377510371 0.97588326097505895262
v 0.064815657921918776174 -0.20844853426405707264 -0.97588326097505895262
v -0.1091465310359026053 0.18904733722407654484 -0.97588326097505895262
v 0.21785356751391157792 -0.013845001630427620706 -0.97588326097505895262
v -0.14974029587227680183 -0.05450101056772303082 0.98722210451305225654
v 0.080392881133396945637 0.059192024314520065575 -0.99500416527802570954
v 0.076476834059884549188 0.064171683253255160095 -0.99500416527802570954
v -0.088735479676037398722 0.045746319262239425185 0.99500416527802582056
v -0.091458237324498842247 0.040026265187684345603 0.99500416527802582056
v 0.052634719774778196411 0.084830992883555236816 -0.99500416527802570954
v 0.047148434978026662612 0.087998500887810693349 -0.99500416527802570954
v 0.062950227130818020571 -0.0774853533486016266 -0.99500416527802570954
v 0.067737912782777534582 -0.073336800115713071668 -0.99500416527802570954
v 0.035629170855693656494 0.093259172543589591298 -0.99500416527802570954
v 0.057909063132093048509 -0.081321900411528064145 -0.99500416527802570954
v 0.011065356191102068348 -0.099218289502204501384 -0.99500416527802570954
v 0.017335890870985096179 -0.098316722723494620606 -0.99500416527802570954
v 0.083985214448751621674 0.053974019985326547599 -0.99500416527802570954
v 0.09983341664682815475 0 0.99500416527802582056
v 0.099632419680200937084 -0.0063318265964487597738 0.99500416527802582056
v 0.1590294708140919111 -0.01010662027633100514 0.98722210451305225654
v -0.078474366113985380422 -0.06171292362534259307 0.99500416527802582056
v -0.082230447336119574797 -0.056611523652705629528 0.99500416527802582056
v -0.099783154752804859022 0.0031675080042554508951 -0.99500416527802570954
v -0.099783154752804859022 -0.0031675080042554708444 -0.99500416527802570954
v 0.0047502652272859886839 -0.099720339247566056051 -0.99500416527802570954
v -0.070030634731672328219 0.071150694153032115197 -0.99500416527802570954
v -0.014207776544362850021 0.098817256413263346304 0.99500416527802582056
v -0.032636002874054645395 0.15597245807265061601 0.98722210451305225654
v -0.020446549425000820621 0.097717192427894616902 0.99500416527802582056
v -0.099381363206458017689 0.0094897695759854037989 -0.99500416527802570954
v -0.07440229631654886322 0.066565827435732263795 -0.99500416527802570954
v 0.096633625999258884742 -0.025072961644261006903 -0.99500416527802570954
v 0.098029296751305200486 -0.01889359832916351345 -0.99500416527802570954
v -0.093812724930869478834 0.034145039470239384183 0.99500416527802582056
v -0.070030634731672161686 -0.071150694153031976419 0.99500416527802582056
v -0.065376984497607343316 -0.07544906213717168797 0.99500416527802582056
v 0.099030238124163227909 0.012638157161972359693 0.99500416527802582056
v 0.098029296751304992319 0.018893598329163520388 0.99500416527802582056
v -0.085655415569555193311 0.051282169055003767877 0.99500416527802582056
v -0.082230447336119560919 0.056611523652705657284 0.99500416527802582056
v -0.1312531058328581246 0.090361156312038212746 0.98722210451305225654
v -0.14974029587227713489 -0.054501010567723141842 -0.98722210451305225654
v -0.093812724930869687001 -0.034145039470239432755 -0.99500416527802570954
v -0.09578946180456020254 0.028126323730126644856 0.99500416527802582056
v -0.097380488323857636312 0.0219943532113634245 0.99500416527802582056
v -0.085655415569555359845 -0.051282169055003885838 -0.99500416527802570954
v -0.082230447336119741331 -0.056611523652705747489 -0.99500416527802570954
v -0.020446549425000862255 0.097717192427894811191 -0.99500416527802570954
v -0.026602991267586584279 0.096223655797293097813 -0.99500416527802570954
v 0.029642575541080327245 0.095331153327076520454 -0.99500416527802570954
v -0.13125310583285840216 0.090361156312038393157 -0.98722210451305225654
v -0.078474366113985560833 0.061712923625342711031 -0.99500416527802570954
v -0.082230447336119741331 0.056611523652705775245 -0.99500416527802570954
v 0.096633625999258690453 0.025072961644260937514 0.99500416527802582056
v -0.0015839533780238972648 0.099820850382449824445 0.99500416527802582056
v 0.0047502652272859583263 0.099720339247565847884 0.99500416527802582056
v 0.090142241298246675307 0.042907894531285240003 -0.99500416527802570954
v -0.085655415569555193311 -0.051282169055003774816 0.99500416527802582056
v -0.088735479676037593011 -0.045746319262239501513 -0.99500416527802570954
v -0.014207776544362879512 0.098817256413263554471 -0.99500416527802570954
v 0.094848845741549725474 -0.031151364992162554335 -0.99500416527802570954
v -0.091458237324499022658 0.04002626518768442887 -0.99500416527802570954
v -0.093812724930869673123 0.034145039470239453572 -0.99500416527802570954
v 0.057909063132093069326 0.081321900411528050268 -0.99500416527802570954
v -0.065376984497607482094 -0.075449062137171840625 -0.99500416527802570954
v -0.060460084221370044566 -0.079443623377361549664 -0.99500416527802570954
v -0.085655415569555373723 0.05128216905500387196 -0.99500416527802570954
v 0.087239368947579262747 0.048538681327446146774 -0.99500416527802570954
v -0.060460084221369912727 -0.079443623377361383131 0.99500416527802582056
v -0.04433268715521788278 0.089450119781791043172 0.99500416527802582056
v -0.038570153902793308243 0.092081780539333746294 0.99500416527802582056
v -0.055299732524983068183 -0.083118293185342279061 0.99500416527802582056
v -0.049916708323414035742 -0.086458274962749465109 0.99500416527802582056
v -0.088735479676037579133 0.04574631926223952233 -0.99500416527802570954
v -0.055299732524983186144 -0.083118293185342445595 -0.99500416527802570954
v 0.0926821426583482183 0.037104332787920780989 0.99500416527802582056
v 0.090142241298246481018 0.042907894531285149797 0.99500416527802582056
v -0.002528246009781403604 0.15933023671900506391 -0.98722210451305225654
v -0.0015839533780239005174 0.099820850382450032612 -0.99500416527802570954
v -0.098579397986511441143 0.015773819194987916126 0.99500416527802582056
v 0.011065356191102068348 0.099218289502204293218 0.99500416527802582056
v -0.044332687155217952168 -0.089450119781791237461 -0.99500416527802570954
v -0.038570153902793391509 -0.092081780539333940583 -0.99500416527802570954
v -0.038570153902793308243 -0.092081780539333746294 0.99500416527802582056
v -0.032652312253697683697 -0.094342660466335201419 0.99500416527802582056
v 0.099030238124163227909 -0.012638157161972337142 0.99500416527802582056
v 0.098029296751304992319 -0.018893598329163471816 0.99500416527802582056
v 0.096633625999258690453 -0.025072961644260954861 0.99500416527802582056
v -0.091458237324499022658 -0.040026265187684442748 -0.99500416527802570954
v -0.0079117939621269426503 0.09951941818399100137 -0.99500416527802570954
v 0.12206940761971092624 -0.1024283949117285597 -0.98722210451305225654
v 0.072252841767635023196 -0.068892945472525141115 -0.99500416527802570954
v 0.076476834059884521433 -0.064171683253255187851 -0.99500416527802570954
v -0.099381363206457809523 0.0094897695759853847169 0.99500416527802582056
v -0.15927006839173016295 0.0050558555471502310968 0.98722210451305225654
v -0.099783154752804650856 0.0031675080042554443899 0.99500416527802582056
v -0.091458237324498842247 -0.040026265187684359481 0.99500416527802582056
v -0.093812724930869492712 -0.034145039470239363366 0.99500416527802582056
v 0.075256534854168694038 -0.14045985306329866749 -0.98722210451305225654
v 0.041472300074364989997 -0.090811669987513457536 -0.99500416527802570954
v 0.047148434978026683428 -0.087998500887810679472 -0.99500416527802570954
v -0.065376984497607329438 0.075449062137171701847 0.99500416527802582056
v -0.070030634731672175564 0.071150694153031962541 0.99500416527802582056
v 0.15647062709785433676 0.03015724152545075018 -0.98722210451305225654
v 0.098029296751305186608 0.018893598329163558552 -0.99500416527802570954
v 0.096633625999258884742 0.025072961644260989555 -0.99500416527802570954
v -0.026602991267586528767 0.096223655797292903524 0.99500416527802582056
v 0.14388160979799100025 -0.068487945820843720846 -0.98722210451305225654
v 0.087239368947579262747 -0.048538681327446160652 -0.99500416527802570954
v 0.09014224129824666143 -0.042907894531285267758 -0.99500416527802570954
v -0.026602991267586490604 -0.096223655797292917402 0.99500416527802582056
v -0.042462680691041351788 -0.15358853182887979849 -0.98722210451305225654
v -0.032652312253697753086 -0.094342660466335409586 -0.99500416527802570954
v -0.026602991267586542645 -0.096223655797293111691 -0.99500416527802570954
v -0.049916708323414139825 -0.08645827496274964552 -0.99500416527802570954
v -0.020446549425000803274 -0.097717192427894616902 0.99500416527802582056
v -0.014207776544362850021 -0.098817256413263346304 0.99500416527802582056
v 0.080392881133396973392 -0.059192024314520044759 -0.99500416527802570954
v 0.094848845741549531185 -0.031151364992162488415 0.99500416527802582056
v 0.092682142658348426467 -0.037104332787920822623 -0.99500416527802570954
v 0.087239368947579082336 0.048538681327446049629 0.99500416527802582056
v 0.092682142658348232178 -0.037104332787920746295 0.99500416527802582056
v 0.090142241298246481018 -0.042907894531285177553 0.99500416527802582056
v 0.029642575541080264795 0.095331153327076326165 0.99500416527802582056
v -0.099381363206458017689 -0.0094897695759854246156 -0.99500416527802570954
v -0.098579397986511635432 -0.015773819194987968167 -0.99500416527802570954
v 0.052634719774778196411 -0.084830992883555236816 -0.99500416527802570954
v 0.099632419680201145251 -0.0063318265964487727843 -0.99500416527802570954
v 0.099833416646828362917 0 -0.99500416527802570954
v -0.0784743661139853943 0.061712923625342579192 0.99500416527802582056
v -0.020446549425000844907 -0.097717192427894811191 -0.99500416527802570954
v 0.087239368947579082336 -0.048538681327446056568 0.99500416527802582056
v 0.035629170855693587106 0.093259172543589397009 0.99500416527802582056
v 0.041472300074364865097 0.090811669987513277125 0.99500416527802582056
v -0.007911793962126951324 -0.099519418183990779325 0.99500416527802582056
v -0.0079117939621269669365 -0.099519418183990987492 -0.99500416527802570954
v -0.0015839533780238586672 -0.099820850382450032612 -0.99500416527802570954
v -0.049916708323414202275 0.086458274962749631642 -0.99500416527802570954
v -0.055299732524983158388 0.083118293185342459473 -0.99500416527802570954
v -0.0015839533780238554145 -0.099820850382449824445 0.99500416527802582056
v 0.004750265227285979143 -0.099720339247565847884 0.99500416527802582056
v 0.083985214448751441263 -0.053974019985326436577 0.99500416527802582056
v -0.097380488323857844479 -0.021994353211363445316 -0.99500416527802570954
v 0.029642575541080320306 -0.095331153327076520454 -0.99500416527802570954
v 0.035629170855693635678 -0.093259172543589605175 -0.99500416527802570954
v -0.061564209562183593027 0.14697742840927549568 -0.98722210451305225654
v -0.038570153902793391509 0.092081780539333940583 -0.99500416527802570954
v -0.044332687155217972985 0.089450119781791223583 -0.99500416527802570954
v -0.060460084221370065383 0.079443623377361535787 -0.99500416527802570954
v 0.017335890870985141282 0.098316722723494606728 -0.99500416527802570954
v 0.011065356191102090899 0.099218289502204501384 -0.99500416527802570954
v -0.099783154752804650856 -0.0031675080042554643392 0.99500416527802582056
v 0.080392881133396779103 0.059192024314519940675 0.99500416527802582056
v 0.12206940761971070419 0.10242839491172829602 0.98722210451305225654
v 0.076476834059884382655 0.064171683253255021318 0.99500416527802582056
v 0.023536620036925411797 -0.097019269202651844952 -0.99500416527802570954
v 0.047148434978026565467 0.087998500887810512938 0.99500416527802582056
v -0.09578946180456020254 -0.028126323730126662204 0.99500416527802582056
v 0.011065356191102044062 -0.099218289502204293218 0.99500416527802582056
v -0.032652312253697732269 0.094342660466335409586 -0.99500416527802570954
v 0.023536620036925390981 0.097019269202651844952 -0.99500416527802570954
v 0.017335890870985058015 -0.098316722723494412439 0.99500416527802582056
v 0.023536620036925363225 -0.097019269202651636785 0.99500416527802582056
v -0.074402296316548710564 0.066565827435732125017 0.99500416527802582056
v 0.052634719774778085388 0.084830992883555056405 0.99500416527802582056
v 0.057909063132092944426 0.081321900411527883734 0.99500416527802582056
v 0.092432239373452199094 0.12980291786099759643 0.98722210451305225654
v -0.03265231225369766288 0.094342660466335215297 0.99500416527802582056
v -0.11875810954459162239 -0.10624983660323877865 -0.98722210451305225654
v -0.078474366113985546956 -0.06171292362534271797 -0.99500416527802570954
v -0.074402296316548877098 -0.066565827435732249917 -0.99500416527802570954
v 0.029642575541080261325 -0.095331153327076326165 0.99500416527802582056
v 0.062950227130817895671 -0.077485353348601473944 0.99500416527802582056
v 0.057909063132092923609 -0.081321900411527897612 0.99500416527802582056
v 0.072252841767635023196 0.068892945472525141115 -0.99500416527802570954
v 0.067737912782777520704 0.073336800115713071668 -0.99500416527802570954
v 0.03562917085569355935 -0.093259172543589410886 0.99500416527802582056
v 0.041472300074364899791 -0.090811669987513263247 0.99500416527802582056
v 0.062950227130817867915 0.077485353348601487822 0.99500416527802582056
v 0.062950227130817992816 0.077485353348601654355 -0.99500416527802570954
v -0.070030634731672314341 -0.071150694153032115197 -0.99500416527802570954
v -0.097380488323857844479 0.021994353211363469602 -0.99500416527802570954
v -0.098579397986511635432 0.015773819194987947351 -0.99500416527802570954
v 0.052634719774778085388 -0.084830992883555056405 0.99500416527802582056
v 0.047148434978026579345 -0.08799850088781049906 0.99500416527802582056
v -0.095789461804560410707 0.028126323730126703837 -0.99500416527802570954
v -0.042462680691041414238 0.15358853182887979849 -0.98722210451305225654
v -0.05211837627982385257 0.15058615877554901163 -0.98722210451305225654
v -0.10435225081803052583 -0.12042891725009824411 -0.98722210451305225654
v 0.13405399821527311244 0.086151273486349114195 -0.98722210451305225654
v 0.12832005269871940567 0.094480053112908649049 -0.98722210451305225654
v -0.088267325312751721 -0.13267025153723430164 -0.98722210451305225654
v 0.075256534854168513626 0.14045985306329841769 0.98722210451305225654
v -0.042462680691041324033 0.15358853182887946542 0.98722210451305225654
v 0.21434822206165476954 0.041312233632333383859 -0.97588326097505895262
v -0.11875810954459137259 -0.10624983660323855661 0.98722210451305225654
v -0.15312710120388844937 -0.15557619299101979604 0.97588326097505895262
v -0.11178022994824379777 -0.11356802610566849032 0.98722210451305225654
v -0.14163619051519535375 -0.073018531190125579577 0.98722210451305225654
v -0.14598215249604132304 -0.063888398895594458726 0.98722210451305225654
v -0.012628503965132625853 0.15884910213288205849 -0.98722210451305225654
v 0.15806829156643270595 -0.020172544759877834852 0.98722210451305225654
v 0.15647062709785403145 -0.030157241525450611402 0.98722210451305225654
v -0.022677911392168043081 0.15772833827727070211 -0.98722210451305225654
v -0.096936660629568488501 0.19558922458732952432 -0.97588326097505895262
v -0.070762145501340550924 0.14277687181356535362 -0.98722210451305225654
v -0.079675147255621983633 0.13800140314726919155 -0.98722210451305225654
v -0.15289548792693899437 -0.044894165906087510343 0.98722210451305225654
v -0.15543502381522913969 -0.035106548283464218685 0.98722210451305225654
v -0.10435225081803030378 -0.12042891725009799431 0.98722210451305225654
v -0.061564209562183593027 -0.14697742840927549568 -0.98722210451305225654
v -0.052118376279823741548 0.15058615877554870632 0.98722210451305225654
v -0.096504082004249244764 -0.12680488364939732082 0.98722210451305225654
v -0.088267325312751540589 -0.13267025153723402409 0.98722210451305225654
v 0.12832005269871943343 -0.094480053112908607416 -0.98722210451305225654
v 0.13405399821527311244 -0.086151273486349114195 -0.98722210451305225654
v 0.084013533537561829734 -0.13540399751614845547 -0.98722210451305225654
v 0.092432239373452351749 -0.12980291786099790174 -0.98722210451305225654
v -0.079675147255621886488 -0.13800140314726921931 -0.98722210451305225654
v -0.12525779214873786205 -0.098503816509025399206 -0.98722210451305225654
v 0.10047875320476877536 0.12367916766875182433 0.98722210451305225654
v -0.11178022994824401981 -0.11356802610566872624 -0.98722210451305225654
v -0.15734867772243846251 -0.025177568981540946608 0.98722210451305225654
v 0.01766209979732224003 0.15836845200850324655 -0.98722210451305225654
v 0.0075821922999225318737 0.15916980467647484643 -0.98722210451305225654
v 0.1513941124186460041 -0.049722621469412038586 0.98722210451305225654
v 0.14793570354090559982 -0.059224521768245143305 0.98722210451305225654
v 0.20265627882735090526 -0.081131335503219298433 0.97588326097505895262
v -0.070762145501340398268 0.14277687181356504831 0.98722210451305225654
v -0.15862874403969487447 -0.015147208495595022165 0.98722210451305225654
v -0.15927006839173016295 -0.0050558555471502631892 0.98722210451305225654
v -0.079675147255621719955 -0.13800140314726894175 0.98722210451305225654
v 0.10812067456027957268 0.11705740512009554788 0.98722210451305225654
v 0.11532723211985450307 0.10996429371570237699 0.98722210451305225654
v -0.14295155484350599573 0.16497488874525439995 -0.97588326097505895262
v -0.10435225081803051195 0.12042891725009825798 -0.98722210451305225654
v -0.11178022994824404757 0.11356802610566871237 -0.98722210451305225654
v -0.096504082004249480686 0.12680488364939757062 -0.98722210451305225654
v -0.15862874403969487447 0.01514720849559499094 0.98722210451305225654
v -0.15734867772243846251 0.025177568981540915383 0.98722210451305225654
v -0.03263600287405468009 -0.15597245807265094908 -0.98722210451305225654
v -0.052118376279823887265 -0.15058615877554898388 -0.98722210451305225654
v -0.07076214550134038439 -0.14277687181356507606 0.98722210451305225654
v -0.061564209562183461188 -0.14697742840927519037 0.98722210451305225654
v 0.15806829156643303902 -0.020172544759877876486 -0.98722210451305225654
v 0.159350294511243884 0 -0.98722210451305225654
v -0.14163619051519565906 -0.073018531190125732233 -0.98722210451305225654
v 0.077905786122526493598 0.20391799684509487323 -0.97588326097505895262
v 0.066196504666242814152 0.14495012635659293432 -0.98722210451305225654
v -0.13125310583285840216 -0.090361156312038365401 -0.98722210451305225654
v -0.052118376279823776243 -0.15058615877554867857 0.98722210451305225654
v 0.056869924517669714903 0.14885673665029272583 0.98722210451305225654
v 0.047314349254949678025 0.15216395340356009269 -0.98722210451305225654
v -0.15289548792693899437 0.044894165906087482587 0.98722210451305225654
v -0.14974029587227680183 0.054501010567723065514 0.98722210451305225654
v 0.13924815559453695979 -0.077475593088015062837 0.98722210451305225654
v 0.13405399821527280713 -0.086151273486348933783 0.98722210451305225654
v 0.1836398096604423269 -0.11801813952338617575 0.97588326097505895262
v 0.14793570354090590513 0.059224521768245323716 -0.98722210451305225654
v 0.14388160979799100025 0.068487945820843679212 -0.98722210451305225654
v -0.042462680691041261583 -0.15358853182887949318 0.98722210451305225654
v -0.032636002874054610701 -0.15597245807265061601 0.98722210451305225654
v -0.13671990958475585543 0.081854643630989848413 -0.98722210451305225654
v -0.1252577921487378898 0.098503816509025385328 -0.98722210451305225654
v -0.0025282460097813368172 -0.15933023671900506391 -0.98722210451305225654
v -0.14163619051519532599 0.073018531190125607333 0.98722210451305225654
v -0.13671990958475557787 0.081854643630989668002 0.98722210451305225654
v -0.022677911392168043081 -0.15772833827727070211 -0.98722210451305225654
v 0.047314349254949580881 0.15216395340355975963 0.98722210451305225654
v 0.15139411241864630941 -0.04972262146941214267 -0.98722210451305225654
v 0.15935029451124355093 0 0.98722210451305225654
v 0.1590294708140919111 0.010106620276331003405 0.98722210451305225654
v -0.14974029587227710714 0.054501010567723183475 -0.98722210451305225654
v -0.022677911392167997978 -0.15772833827727036904 0.98722210451305225654
v -0.1416361905151956313 0.073018531190125759989 -0.98722210451305225654
v 0.05686992451766979817 -0.1488567366502930589 -0.98722210451305225654
v 0.15139411241864630941 0.04972262146941214267 -0.98722210451305225654
v -0.15289548792693929968 -0.044894165906087600548 -0.98722210451305225654
v -0.14598215249604162835 -0.063888398895594597504 -0.98722210451305225654
v -0.0796751472556218171 0.138001403147268914 0.98722210451305225654
v 0.10047875320476898353 0.12367916766875208801 -0.98722210451305225654
v 0.092432239373452393383 0.12980291786099787399 -0.98722210451305225654
v 0.066196504666242869663 -0.14495012635659290656 -0.98722210451305225654
v 0.084013533537561829734 0.13540399751614845547 -0.98722210451305225654
v 0.15806829156643270595 0.020172544759877873016 0.98722210451305225654
v 0.12206940761971066256 -0.10242839491172835154 0.98722210451305225654
v 0.11532723211985447531 -0.10996429371570237699 0.98722210451305225654
v 0.15798611930354819477 -0.15063946048791454491 0.97588326097505895262
v -0.002528246009781331613 -0.15933023671900473084 0.98722210451305225654
v -0.012628503965132599832 0.15884910213288172542 0.98722210451305225654
v -0.0025282460097813983999 0.15933023671900473084 0.98722210451305225654
v -0.0034634298282207628787 0.21826558501630513587 0.97588326097505895262
v -0.12525779214873761225 0.098503816509025177162 0.98722210451305225654
v -0.11875810954459135871 0.10624983660323857049 0.98722210451305225654
v 0.12832005269871912811 0.094480053112908440882 0.98722210451305225654
v 0.13405399821527280713 0.086151273486348933783 0.98722210451305225654
v 0.1836398096604423269 0.11801813952338617575 0.97588326097505895262
v -0.21292955501526381057 0.048092260808644808623 -0.97588326097505895262
v -0.15734867772243879558 0.025177568981540967424 -0.98722210451305225654
v -0.096504082004249272519 0.12680488364939729307 0.98722210451305225654
v -0.15289548792693929968 0.044894165906087572793 -0.98722210451305225654
v 0.10812067456027958656 -0.117057405120095534 0.98722210451305225654
v 0.024195210050918507239 -0.2169480416119880517 -0.97588326097505895262
v 0.027670888252566094162 -0.1569294054794516946 -0.98722210451305225654
v 0.02767088825256610804 0.15692940547945133378 0.98722210451305225654
v 0.017662099797322167172 -0.15836845200850291349 0.98722210451305225654
v 0.0075821922999225639661 -0.15916980467647484643 -0.98722210451305225654
v 0.19710259886848149891 -0.093821247422827630524 -0.97588326097505895262
v 0.13924815559453723735 -0.07747559308801522937 -0.98722210451305225654
v 0.15424291063928510792 0.040020505723210995919 0.98722210451305225654
v 0.1513941124186460041 0.049722621469412038586 0.98722210451305225654
v 0.10812067456027980861 -0.1170574051200957838 -0.98722210451305225654
v 0.12206940761971095399 0.10242839491172851807 -0.98722210451305225654
v 0.11532723211985473899 0.10996429371570259903 -0.98722210451305225654
v -0.15862874403969520753 -0.015147208495595055125 -0.98722210451305225654
v 0.14793570354090590513 -0.059224521768245268205 -0.98722210451305225654
v -0.15543502381522947275 -0.035106548283464288074 -0.98722210451305225654
v 0.027670888252566035181 -0.15692940547945136154 0.98722210451305225654
v 0.10812067456027979473 0.11705740512009579768 -0.98722210451305225654
v -0.1043522508180302899 0.12042891725009800818 0.98722210451305225654
v 0.047314349254949573942 -0.15216395340355975963 0.98722210451305225654
v 0.056869924517669680208 -0.14885673665029275359 0.98722210451305225654
v 0.14793570354090559982 0.059224521768245198816 0.98722210451305225654
v 0.084013533537561649323 -0.13540399751614817792 0.98722210451305225654
v -0.15927006839173049602 -0.0050558555471502735976 -0.98722210451305225654
v 0.13924815559453695979 0.077475593088015048959 0.98722210451305225654
v -0.15862874403969520753 0.0151472084955950239 -0.98722210451305225654
v 0.075256534854168541382 -0.14045985306329838993 0.98722210451305225654
v 0.13924815559453723735 0.077475593088015215493 -0.98722210451305225654
v 0.11532723211985472511 -0.10996429371570259903 -0.98722210451305225654
v 0.084013533537561649323 0.13540399751614817792 0.98722210451305225654
v -0.21818316076700722261 -0.0069259877565038324362 -0.97588326097505895262
v 0.024195210050918552341 0.21694804161198796844 0.97588326097505895262
v 0.037906192426103074711 0.21497669995708876267 0.97588326097505895262
v 0.21129648595623787277 -0.054823863154928258179 0.97588326097505895262
v 0.21653685352969856415 -0.027634254325796497875 0.97588326097505895262
v 0.21785356751391149466 -0.013845001630427615502 0.97588326097505895262
v 0.17578491031180587534 0.12942768735999005125 -0.97588326097505895262
v 0.19075525631010281646 0.10613337429268866752 -0.97588326097505895262
v -0.19402661176484994887 0.10002767055038898347 -0.97588326097505895262
v -0.19998012036272441727 0.087520354251997972694 -0.97588326097505895262
v 0.20739393347765339159 -0.068114736330339042958 0.97588326097505895262
v 0.090682215218780615196 -0.19856635362442379145 -0.97588326097505895262
v -0.18729182648188208438 0.11213221072361652386 -0.97588326097505895262
v 0.19710259886848141564 -0.093821247422827602769 0.97588326097505895262
v 0.25664672017728679121 0.1027458477032596601 -0.96102848646748240125
v 0.19710259886848152666 0.093821247422827575013 -0.97588326097505895262
v 0.20739393347765347486 0.068114736330339070713 -0.97588326097505895262
v -0.031066341824929146614 0.21607115345251801108 0.97588326097505895262
v -0.044707874704674251121 0.21366578314759732127 0.97588326097505895262
v 0.1907552563101027332 -0.10613337429268865364 0.97588326097505895262
v -0.17158993700242183844 0.1349398179492986849 -0.97588326097505895262
v -0.17980288311715472704 0.12378523406062520718 -0.97588326097505895262
v -0.26965693952188185545 -0.060904705612227723333 -0.96102848646748240125
v -0.21292955501526381057 -0.048092260808644760051 -0.97588326097505895262
v -0.071396667218148815448 0.20628712237758778381 -0.97588326097505895262
v -0.084336460504069496458 0.2013435431751673943 -0.97588326097505895262
v 0.17578491031180587534 -0.12942768735998994023 0.97588326097505895262
v 0.22261644667135127573 -0.16390901704738897182 0.96102848646748251227
v 0.1457511426709621194 -0.23490605059923175268 -0.96102848646748240125
v 0.12662239896620497426 -0.17781627886312370568 -0.97588326097505895262
v 0.10309349904007138188 -0.19241515378046442075 -0.97588326097505895262
v 0.037906192426102991444 -0.21497669995708887369 -0.97588326097505895262
v 0.21129648595623795604 0.054823863154928244301 -0.97588326097505895262
v -0.16268605877297920292 0.14555104681725830607 -0.97588326097505895262
v -0.058169384752349430345 0.21040005614594797789 0.97588326097505895262
v -0.071396667218148787692 0.20628712237758770054 0.97588326097505895262
v -0.084336460504069454824 0.20134354317516731103 0.97588326097505895262
v -0.19998012036272441727 -0.08752035425199800045 -0.97588326097505895262
v 0.051464539943142151301 -0.21213972300614916677 -0.97588326097505895262
v -0.19402661176484997663 -0.10002767055038894184 -0.97588326097505895262
v 0.16722218717153233825 -0.1403160755802909665 0.97588326097505895262
v 0.064815657921918762296 0.20844853426405698937 0.97588326097505895262
v 0.077905786122526465842 0.20391799684509478996 0.97588326097505895262
v 0.098660967263754562051 0.25824457736146205766 0.96102848646748251227
v 0.14811389709334499276 -0.16035627345541222932 0.97588326097505895262
v -0.096936660629568460745 0.19558922458732946881 0.97588326097505895262
v 0.15798611930354825028 -0.15063946048791460042 -0.97588326097505895262
v 0.13764527249542402032 -0.16942738830645251435 -0.97588326097505895262
v 0.27644935919263763369 0 -0.96102848646748240125
v 0.21829306207180512733 0 -0.97588326097505895262
v 0.21785356751391157792 0.013845001630427617237 -0.97588326097505895262
v -0.10914653103590256367 0.18904733722407648933 0.97588326097505895262
v -0.12091690688434302003 0.18174422295690184637 0.97588326097505895262
v 0.16722218717153244927 0.1403160755802909665 -0.97588326097505895262
v -0.20945065924669034607 -0.061500262518234607989 -0.97588326097505895262
v 0.14811389709334502052 0.16035627345541231259 -0.97588326097505895262
v -0.20512837959763552398 0.074660624376797921076 -0.97588326097505895262
v -0.20945065924669034607 0.061500262518234573295 -0.97588326097505895262
v 0.13764527249542396481 -0.16942738830645243109 0.97588326097505895262
v -0.13220039302562913708 0.17370928884937072989 0.97588326097505895262
v 0.11508966172693584074 -0.18548916602396056663 0.97588326097505895262
v -0.14295155484350594022 0.16497488874525434444 0.97588326097505895262
v -0.15312710120388847712 0.15557619299101976829 0.97588326097505895262
v 0.16722218717153242151 -0.14031607558029102201 -0.97588326097505895262
v 0.18363980966044238241 -0.11801813952338621738 -0.97588326097505895262
v 0.10309349904007131249 0.19241515378046436524 0.97588326097505895262
v 0.11508966172693584074 0.18548916602396056663 0.97588326097505895262
v 0.14575114267096195286 0.23490605059923150288 0.96102848646748251227
v -0.16268605877297914741 0.14555104681725825055 0.97588326097505895262
v -0.17158993700242175517 0.13493981794929862938 0.97588326097505895262
v -0.22770486311825943737 0.15676333598872718711 0.96102848646748251227
v -0.17980288311715464378 0.12378523406062515166 0.97588326097505895262
v -0.0034634298282206726731 -0.21826558501630521913 -0.97588326097505895262
v 0.01038680210440760289 -0.21804581007377518698 -0.97588326097505895262
v 0.10309349904007134024 -0.19241515378046433749 0.97588326097505895262
v 0.077905786122526410331 -0.20391799684509481771 0.97588326097505895262
v -0.26965693952188185545 0.060904705612227792721 -0.96102848646748240125
v -0.2155510586179504029 0.034490608538642331116 -0.97588326097505895262
v 0.20265627882735098853 -0.081131335503219340066 -0.97588326097505895262
v 0.19075525631010281646 -0.10613337429268869527 -0.97588326097505895262
v -0.18729182648188200111 0.11213221072361648223 0.97588326097505895262
v -0.1798028831171547548 -0.12378523406062515166 -0.97588326097505895262
v -0.17158993700242181069 -0.13493981794929871265 -0.97588326097505895262
v -0.1940266117648498656 0.10002767055038894184 0.97588326097505895262
v -0.199980120362724334 0.087520354251997931061 0.97588326097505895262
v 0.13764527249542393705 0.16942738830645254211 -0.97588326097505895262
v 0.12662239896620500201 0.17781627886312370568 -0.97588326097505895262
v 0.11508966172693588237 0.1854891660239606499 -0.97588326097505895262
v 0.064815657921918762296 -0.20844853426405698937 0.97588326097505895262
v 0.26758879823236841888 -0.069429700118730161562 -0.96102848646748240125
v 0.2143482220616547973 -0.041312233632333286715 -0.97588326097505895262
v 0.037906192426102977566 -0.21497669995708879043 0.97588326097505895262
v 0.20739393347765347486 -0.068114736330339070713 -0.97588326097505895262
v -0.031066341824929160492 0.21607115345251809435 -0.97588326097505895262
v -0.044707874704674271937 0.21366578314759740453 -0.97588326097505895262
v 0.0241952100509185003 -0.21694804161198796844 0.97588326097505895262
v 0.13764527249542388154 0.1694273883064524866 0.97588326097505895262
v 0.14811389709334496501 0.16035627345541225708 0.97588326097505895262
v -0.20512837959763544071 0.07466062437679789332 0.97588326097505895262
v -0.2094506592466902628 0.061500262518234552478 0.97588326097505895262
v -0.2129295550152637273 0.048092260808644794745 0.97588326097505895262
v -0.21730461418498553394 0.020750074761300092707 -0.97588326097505895262
v -0.21555105861795031963 0.034490608538642317238 0.97588326097505895262
v -0.044707874704674230304 -0.21366578314759740453 -0.97588326097505895262
v -0.031066341824929160492 -0.21607115345251809435 -0.97588326097505895262
v 0.21653685352969864741 -0.027634254325796508284 -0.97588326097505895262
v 0.010386802104407597686 -0.21804581007377510371 0.97588326097505895262
v -0.0034634298282206713721 -0.21826558501630513587 0.97588326097505895262
v -0.017299715751326865537 -0.21760648148345265729 0.97588326097505895262
v -0.21730461418498545068 0.020750074761300085768 0.97588326097505895262
v -0.21818316076700713935 0.0069259877565037855987 0.97588326097505895262
v 0.20007581106004643234 0.19077190051651851666 0.96102848646748251227
v -0.13220039302562919259 0.17370928884937081316 -0.97588326097505895262
v 0.21829306207180504407 0 0.97588326097505895262
v -0.13822467959631887235 0.23941216792075331599 -0.96102848646748240125
v 0.21785356751391149466 0.013845001630427612033 0.97588326097505895262
v 0.21653685352969856415 0.027634254325796546448 0.97588326097505895262
v -0.21818316076700713935 -0.0069259877565038289668 0.97588326097505895262
v -0.12091690688434306167 0.18174422295690192963 -0.97588326097505895262
v -0.21730461418498545068 -0.020750074761300127402 0.97588326097505895262
v -0.27297684801647920105 -0.043679384668374780787 0.96102848646748251227
v -0.21555105861795031963 -0.034490608538642358871 0.97588326097505895262
v -0.031066341824929146614 -0.21607115345251801108 0.97588326097505895262
v 0.10309349904007134024 0.19241515378046444851 -0.97588326097505895262
v 0.090682215218780531929 0.1985663536244238192 -0.97588326097505895262
v 0.16722218717153239376 0.14031607558029091098 0.97588326097505895262
v -0.044707874704674209487 -0.21366578314759732127 0.97588326097505895262
v -0.058169384752349347079 -0.21040005614594800565 0.97588326097505895262
v -0.15312710120388853263 -0.15557619299101985155 -0.97588326097505895262
v 0.17578491031180581983 0.12942768735998999574 0.97588326097505895262
v -0.14295155484350599573 -0.16497488874525437219 -0.97588326097505895262
v -0.2094506592466902628 -0.061500262518234587172 0.97588326097505895262
v -0.25977742285431437708 -0.094551249453355079577 0.96102848646748251227
v -0.20512837959763546847 -0.074660624376797851687 0.97588326097505895262
v -0.071396667218148829326 -0.20628712237758767278 0.97588326097505895262
v 0.27145355913113644597 0.052318385229844631412 0.96102848646748251227
v 0.21434822206165468628 0.041312233632333369981 0.97588326097505895262
v -0.084336460504069496458 -0.2013435431751673943 -0.97588326097505895262
v -0.071396667218148857081 -0.20628712237758775605 -0.97588326097505895262
v 0.010386802104407557787 0.21804581007377518698 -0.97588326097505895262
v -0.0034634298282207641798 0.21826558501630521913 -0.97588326097505895262
v -0.19402661176484989336 -0.10002767055038890021 0.97588326097505895262
v -0.18729182648188197335 -0.11213221072361650998 0.97588326097505895262
v 0.1907552563101027332 0.10613337429268862588 0.97588326097505895262
v 0.19710259886848144339 0.09382124742282753338 0.97588326097505895262
v 0.2026562788273508775 0.0811313355032193817 0.97588326097505895262
v -0.17980288311715467153 -0.12378523406062511003 0.97588326097505895262
v -0.096936660629568419112 -0.19558922458732949656 0.97588326097505895262
v -0.10914653103590243877 -0.18904733722407651708 0.97588326097505895262
v -0.17158993700242172742 -0.13493981794929865714 0.97588326097505895262
v -0.20602787954191595365 -0.18432786292224406788 0.96102848646748251227
v 0.051464539943142109668 0.21213972300614916677 -0.97588326097505895262
v 0.037906192426103088589 0.21497669995708884594 -0.97588326097505895262
v -0.16268605877297917517 -0.1455510468172582228 0.97588326097505895262
v -0.19392228319613977194 -0.1970238469780143109 0.96102848646748251227
v 0.064815657921918790052 0.20844853426405707264 -0.97588326097505895262
v -0.14295155484350594022 -0.16497488874525431668 0.97588326097505895262
v -0.21730461418498553394 -0.020750074761300134341 -0.97588326097505895262
v -0.12091690688434311718 -0.18174422295690190188 -0.97588326097505895262
v -0.13220039302562908157 -0.17370928884937075765 0.97588326097505895262
v -0.1091465310359024804 -0.18904733722407660035 -0.97588326097505895262
v 0.21129648595623787277 0.054823863154928223484 0.97588326097505895262
v 0.066196504666242730885 -0.14495012635659260125 0.98722210451305225654
v -0.074402296316548724442 -0.066565827435732111139 0.99500416527802582056
v -0.11178022994824381164 0.11356802610566847644 0.98722210451305225654
v 0.066196504666242675374 0.14495012635659262901 0.98722210451305225654
v 0.094848845741549531185 0.031151364992162488415 0.99500416527802582056
v 0.047314349254949671086 -0.15216395340356009269 -0.98722210451305225654
v 0.083985214448751441263 0.053974019985326436577 0.99500416527802582056
v 0.10047875320476903904 -0.12367916766875204637 -0.98722210451305225654
v 0.067737912782777381926 -0.073336800115712919013 0.99500416527802582056
v 0.027670888252566163551 0.15692940547945166685 -0.98722210451305225654
v 0.07225284176763487054 -0.068892945472525002337 0.99500416527802582056
v 0.017662099797322201866 -0.15836845200850324655 -0.98722210451305225654
v -0.070762145501340523168 -0.14277687181356535362 -0.98722210451305225654
v -0.14598215249604162835 0.063888398895594569749 -0.98722210451305225654
v 0.099632419680200937084 0.0063318265964487580391 0.99500416527802582056
v 0.037568255807084539877 -0.15485845962178984569 0.98722210451305225654
v 0.094848845741549725474 0.031151364992162554335 -0.99500416527802570954
v 0.056869924517669832864 0.14885673665029303114 -0.98722210451305225654
v -0.15927006839173049602 0.0050558555471502415052 -0.98722210451305225654
v -0.061564209562183461188 0.14697742840927519037 0.98722210451305225654
v 0.15424291063928544099 -0.040020505723211106941 -0.98722210451305225654
v -0.012628503965132665751 -0.15884910213288203074 -0.98722210451305225654
v -0.097380488323857636312 -0.021994353211363396744 0.99500416527802582056
v -0.096504082004249439053 -0.12680488364939759838 -0.98722210451305225654
v 0.037568255807084512121 0.15485845962178984569 0.98722210451305225654
v 0.099632419680201145251 0.0063318265964487719169 -0.99500416527802570954
v -0.032636002874054714784 0.15597245807265094908 -0.98722210451305225654
v -0.0887354796760374126 -0.045746319262239404368 0.99500416527802582056
v -0.088267325312751512834 0.13267025153723405184 0.98722210451305225654
v -0.15543502381522947275 0.035106548283464329707 -0.98722210451305225654
v -0.15734867772243879558 -0.025177568981540998649 -0.98722210451305225654
v 0.0075821922999225483536 -0.15916980467647451336 0.98722210451305225654
v -0.13671990958475582767 -0.081854643630989862291 -0.98722210451305225654
v 0.067737912782777381926 0.073336800115712919013 0.99500416527802582056
v -0.33344170092469005429 0.010584745082955189163 0.9427113000574345314
v -0.33344170092469005429 -0.010584745082955256817 0.9427113000574345314
v -0.021908599789103349459 0.2755798640200345373 0.96102848646748251227
v 0.29152459291892413029 -0.16219992745829886482 -0.94271130005743442037
v 0.30122501476439184076 -0.14338373416888597345 -0.94271130005743442037
v 0.174315880752724639 0.2145651926930873532 0.96102848646748251227
v 0.19351258794689088494 0.27175040579568310317 0.9427113000574345314
v 0.16035636094621932846 0.22518899995804780856 0.96102848646748251227
v -0.23718896478672141237 0.14200578573221378509 -0.96102848646748240125
v 0.015873786724358174977 -0.33323179265948116301 -0.94271130005743442037
v 0.013153990138631607015 -0.27613623583559759878 -0.96102848646748240125
v 0.030641149336699924355 -0.2747460066413086599 -0.96102848646748240125
v -0.27519757508959191705 -0.026278182258828875623 0.96102848646748251227
v -0.32941915118022901954 -0.052710791871485376814 0.9427113000574345314
v -0.33209904888123698008 -0.031711614216236312658 0.9427113000574345314
v 0.015873786724358109057 0.33323179265948116301 -0.94271130005743442037
v -0.0043861355351062433772 0.27641456186874030498 -0.96102848646748240125
v -0.0052930387885822211338 0.33356766702485479703 -0.94271130005743442037
v -0.22770486311825965942 0.15676333598872732589 -0.96102848646748240125
v -0.0052930387885820814886 -0.33356766702485479703 -0.94271130005743442037
v -0.3134905350188876838 0.11410122347106171903 0.9427113000574345314
v -0.30562263031874831176 0.13375429929939194884 0.9427113000574345314
v 0.25664672017728656916 -0.10274584770325946581 0.96102848646748251227
v 0.3012250147643915632 -0.14338373416888580691 0.9427113000574345314
v 0.30971250979089509636 -0.12399018518837010006 0.9427113000574345314
v -0.039342845844253522547 -0.27363550332311620261 0.96102848646748251227
v -0.026438551102466047171 -0.33256038212574856594 0.9427113000574345314
v -0.047477604702381950852 -0.33021399394293687868 0.9427113000574345314
v 0.036976694100713629332 0.3315541114771525244 -0.94271130005743442037
v 0.04800492744099220388 0.27224947224816625768 -0.96102848646748240125
v 0.030641149336699990274 0.2747460066413086599 -0.96102848646748240125
v 0.057930709380619282989 0.32854137890786311305 -0.94271130005743442037
v -0.021908599789103439665 -0.27557986402003481485 -0.96102848646748240125
v -0.026438551102466071457 -0.33256038212574889901 -0.94271130005743442037
v -0.088898238183829317305 0.3215470540866962601 0.9427113000574345314
v -0.10911303179348541548 0.31526140112112593927 0.9427113000574345314
v -0.073666515036228424895 0.26645354709674434757 0.96102848646748251227
v 0.036976694100713553004 -0.3315541114771525244 -0.94271130005743442037
v -0.088898238183829192405 -0.32154705408669631561 0.9427113000574345314
v -0.068325482745086110747 -0.32653795055348860954 0.9427113000574345314
v -0.056618672145001110174 -0.27058930903226147135 0.96102848646748251227
v -0.10911303179348548487 -0.31526140112112588376 0.9427113000574345314
v -0.27631017865708823456 -0.0087711668840474727588 0.96102848646748251227
v -0.03934284584425356418 -0.27363550332311648017 -0.96102848646748240125
v -0.047477604702381999424 -0.33021399394293721175 -0.94271130005743442037
v 0.18757349203114265235 0.203077407126599635 0.96102848646748251227
v 0.24144466583890500377 0.23021702387521461586 0.9427113000574345314
v 0.22635729358659850696 0.24506688961214667666 0.9427113000574345314
v -0.090417728871542243918 0.26124487077018776482 0.96102848646748251227
v -0.12888846573487380831 0.3077063017627879038 0.9427113000574345314
v -0.14814491131512871891 0.29891217773027289883 0.9427113000574345314
v -0.021908599789103370276 0.27557986402003481485 -0.96102848646748240125
v -0.026438551102465988191 0.33256038212574895452 -0.94271130005743442037
v 0.078651458140132080032 0.32420572616234416552 -0.94271130005743442037
v 0.17588750859676666183 0.28347661114039718333 0.9427113000574345314
v 0.21035846040441519289 -0.25892995747944214102 0.9427113000574345314
v 0.22635729358659853472 -0.24506688961214662115 0.9427113000574345314
v 0.17431588075272475002 -0.21456519269308729769 0.96102848646748251227
v -0.25325759600805136662 0.11083698959391945216 -0.96102848646748240125
v -0.0052930387885820762844 -0.33356766702485446396 0.9427113000574345314
v 0.057930709380619130333 -0.32854137890786311305 -0.94271130005743442037
v 0.065175406645519601279 -0.26865668531903524885 -0.96102848646748240125
v 0.21035846040441508187 0.25892995747944219653 0.9427113000574345314
v -0.29652409115391825667 0.15286879377219014797 0.9427113000574345314
v -0.24571799020835388694 0.12667642829661376891 0.96102848646748251227
v -0.12888846573487380831 -0.3077063017627879038 0.9427113000574345314
v -0.10680486242506435912 -0.25498425355378889767 0.96102848646748251227
v 0.31695290185157110052 -0.10409737149366433961 0.9427113000574345314
v 0.26264655168691708464 -0.086261446110017347966 0.96102848646748251227
v 0.24144466583890494826 -0.23021702387521461586 0.9427113000574345314
v 0.29152459291892385274 -0.16219992745829869829 0.9427113000574345314
v 0.24157510032182738513 -0.13440877613652640887 0.96102848646748251227
v -0.068325482745086180136 -0.3265379505534888871 -0.94271130005743442037
v -0.25977742285431459912 0.094551249453355246111 -0.96102848646748240125
v -0.12276193049371139643 0.24769690474343233899 0.96102848646748251227
v -0.16680482962434101113 0.2889144398572286998 0.9427113000574345314
v 0.082083447490739050445 0.26398211273882754568 -0.96102848646748240125
v 0.099055505237256619155 0.31856461138396030552 -0.94271130005743442037
v 0.15755419232792342021 0.29406135622335238811 0.9427113000574345314
v 0.13055903598612625394 0.24367721748327894615 0.96102848646748251227
v 0.078651458140132135544 -0.32420572616234416552 -0.94271130005743442037
v 0.082083447490739036567 -0.26398211273882754568 -0.96102848646748240125
v -0.068325482745086180136 0.32653795055348860954 0.9427113000574345314
v -0.047477604702381999424 0.33021399394293721175 -0.94271130005743442037
v -0.28623155413034168104 0.17136773956655579343 0.9427113000574345314
v -0.23718896478672119033 0.14200578573221361856 0.96102848646748251227
v -0.0043861355351061228139 -0.27641456186874002743 0.96102848646748251227
v 0.015873786724358161099 -0.33323179265948082994 0.9427113000574345314
v -0.073666515036228383262 -0.26645354709674462512 -0.96102848646748240125
v -0.088898238183829275671 -0.32154705408669659317 -0.94271130005743442037
v 0.25555982563826851184 0.21444015543680106095 0.9427113000574345314
v 0.21177249541332221483 0.17769822279481087279 0.96102848646748251227
v 0.099055505237256605278 -0.31856461138396030552 -0.94271130005743442037
v 0.33360965924868218879 0 -0.94271130005743442037
v 0.33293799507251020664 -0.021158832224842286096 -0.94271130005743442037
v -0.32541279882385498734 -0.07349772177181335131 0.9427113000574345314
v -0.25977742285431432157 0.094551249453355148966 0.96102848646748251227
v -0.32009612397903697278 0.09398870228712924435 0.9427113000574345314
v -0.20602787954191612019 0.18432786292224428992 -0.96102848646748240125
v -0.056618672145001221196 0.27058930903226174891 -0.96102848646748240125
v -0.068325482745086249525 0.3265379505534888871 -0.94271130005743442037
v 0.098660967263754659196 0.25824457736146233522 -0.96102848646748240125
v 0.11906069077581406257 0.31164074935092783702 -0.94271130005743442037
v 0.20007581106004640459 -0.19077190051651851666 0.96102848646748251227
v 0.25555982563826845633 -0.21444015543680117197 0.9427113000574345314
v -0.090417728871542396574 -0.26124487077018798686 -0.96102848646748240125
v -0.10911303179348559589 -0.31526140112112621683 -0.94271130005743442037
v -0.26525121770556614464 0.077884784802516593416 -0.96102848646748240125
v 0.11906069077581399318 -0.31164074935092783702 -0.94271130005743442037
v 0.1148412141433728384 -0.25146718221687691663 -0.96102848646748240125
v 0.16035636094621927294 -0.22518899995804783631 0.96102848646748251227
v 0.13858646093434606739 0.30346202001191940889 0.9427113000574345314
v 0.11484121414337261635 0.25146718221687669459 0.96102848646748251227
v 0.32291703644304253773 -0.083785394424472220409 0.9427113000574345314
v -0.1481449113151286634 -0.29891217773027295435 0.9427113000574345314
v -0.12276193049371135479 -0.2476969047434323945 0.96102848646748251227
v -0.13822467959631873358 0.23941216792075306619 0.96102848646748251227
v -0.18479308375738112691 0.27775334550543068213 0.9427113000574345314
v 0.13858646093434620616 0.30346202001191974196 -0.94271130005743442037
v 0.27644935919263735613 0 0.96102848646748251227
v 0.33360965924868185573 0 0.9427113000574345314
v 0.33293799507250987357 0.02115883222484226181 0.9427113000574345314
v 0.27589277719344235118 0.017533501946542573435 0.96102848646748251227
v 0.013153990138631593138 -0.27613623583559732122 0.96102848646748251227
v 0.036976694100713518309 -0.33155411147715219133 0.9427113000574345314
v 0.03064114933669989313 -0.27474600664130838235 0.96102848646748251227
v -0.073666515036228494284 0.26645354709674462512 -0.96102848646748240125
v -0.088898238183829414449 0.32154705408669659317 -0.94271130005743442037
v 0.13858646093434634494 -0.30346202001191968645 -0.94271130005743442037
v 0.13055903598612642047 -0.24367721748327914044 -0.96102848646748240125
v -0.26965693952188157789 -0.060904705612227660882 0.96102848646748251227
v -0.32009612397903697278 -0.093988702287129299862 0.9427113000574345314
v -0.33209904888123698008 0.031711614216236250208 0.9427113000574345314
v -0.27519757508959191705 0.026278182258828820111 0.96102848646748251227
v -0.12888846573487394709 -0.30770630176278818135 -0.94271130005743442037
v -0.2652512177055659226 0.077884784802516510149 0.96102848646748251227
v -0.32541279882385498734 0.073497721771813434577 0.9427113000574345314
v -0.27478646366192566175 0.1891766479568628978 0.9427113000574345314
v 0.28065030442956018231 -0.18036299888729070973 0.9427113000574345314
v 0.23256400006972235972 -0.14945980753898358007 0.96102848646748251227
v -0.16680482962434078908 -0.28891443985722875532 0.9427113000574345314
v 0.15755419232792364226 -0.29406135622335261015 -0.94271130005743442037
v -0.19392228319613999399 0.19702384697801447744 -0.96102848646748240125
v -0.32941915118022929709 0.052710791871485362936 -0.94271130005743442037
v 0.32758089810031371103 -0.063136043143465311878 0.9427113000574345314
v 0.27145355913113650148 -0.052318385229844499573 0.96102848646748251227
v 0.13055903598612639271 0.24367721748327919595 -0.96102848646748240125
v 0.15755419232792358675 0.29406135622335266566 -0.94271130005743442037
v -0.12276193049371146582 -0.24769690474343261655 -0.96102848646748240125
v -0.14814491131512880218 -0.2989121777302732319 -0.94271130005743442037
v 0.057930709380619074822 -0.32854137890786277998 0.9427113000574345314
v 0.11906069077581395155 0.31164074935092750396 0.9427113000574345314
v 0.27422527235512617061 0.034996402669086712489 -0.96102848646748240125
v 0.33092570709857194178 0.042232465300193110236 -0.94271130005743442037
v 0.1457511426709621194 0.23490605059923175268 -0.96102848646748240125
v 0.17588750859676682836 0.28347661114039746089 -0.94271130005743442037
v 0.268645936218034731 0.19779981217776021474 0.9427113000574345314
v 0.22261644667135122022 0.16390901704738902733 0.96102848646748251227
v 0.17588750859676682836 -0.28347661114039746089 -0.94271130005743442037
v 0.16035636094621941172 -0.22518899995804805836 -0.96102848646748240125
v -0.13822467959631870582 -0.2394121679207533715 -0.96102848646748240125
v -0.16680482962434095562 -0.28891443985722903287 -0.94271130005743442037
v -0.039342845844253522547 0.27363550332311620261 0.96102848646748251227
v 0.33092570709857160871 0.042232465300193068602 0.9427113000574345314
v 0.27422527235512589305 0.034996402669086677795 0.96102848646748251227
v -0.18479308375738121017 -0.27775334550543062662 0.9427113000574345314
v -0.15313084669973101026 -0.23016340279688976556 0.96102848646748251227
v 0.19351258794689099596 -0.27175040579568343624 -0.94271130005743442037
v 0.17431588075272491656 -0.21456519269308751974 -0.96102848646748240125
v -0.27519757508959219461 0.026278182258828847867 -0.96102848646748240125
v -0.33209904888123731315 0.031711614216236277963 -0.94271130005743442037
v 0.26864593621803484202 -0.19779981217776015923 0.9427113000574345314
v -0.18479308375738140446 -0.27775334550543090417 -0.94271130005743442037
v -0.2652512177055659226 -0.077884784802516551783 0.96102848646748251227
v -0.10680486242506447014 0.25498425355378911972 -0.96102848646748240125
v 0.19351258794689107923 0.27175040579568338073 -0.94271130005743442037
v 0.078651458140132066155 -0.32420572616234383245 0.9427113000574345314
v 0.21035846040441541493 -0.25892995747944241858 -0.94271130005743442037
v -0.20203724136369785591 0.26547383646259475887 0.9427113000574345314
v -0.16742040993006152005 -0.21998785088470221294 0.96102848646748251227
v 0.17588750859676666183 -0.28347661114039718333 0.9427113000574345314
v 0.32758089810031398859 0.063136043143465533922 -0.94271130005743442037
v 0.099055505237256522011 0.31856461138396002797 0.9427113000574345314
v 0.082083447490738967178 0.26398211273882732364 0.96102848646748251227
v -0.27631017865708851211 0.0087711668840474259212 -0.96102848646748240125
v -0.33344170092469038735 0.010584745082955199572 -0.94271130005743442037
v -0.27297684801647920105 0.043679384668374732215 0.96102848646748251227
v -0.16742040993006168659 -0.21998785088470243498 -0.96102848646748240125
v -0.20203724136369799469 -0.26547383646259509193 -0.94271130005743442037
v 0.17431588075272483329 0.21456519269308757525 -0.96102848646748240125
v 0.21035846040441530391 0.25892995747944247409 -0.94271130005743442037
v -0.30562263031874831176 -0.13375429929939200435 0.9427113000574345314
v 0.22635729358659875676 -0.24506688961214687095 -0.94271130005743442037
v 0.20007581106004662663 -0.19077190051651871094 -0.96102848646748240125
v -0.26223490508851315939 0.20622380875456672311 0.9427113000574345314
v -0.21730387433303305356 0.17088965561985663966 0.96102848646748251227
v -0.026438551102465963905 0.33256038212574862145 0.9427113000574345314
v -0.21846786630682829555 -0.25212535797766039147 0.9427113000574345314
v -0.18103583025959427144 -0.20892648554034309871 0.96102848646748251227
v -0.16742040993006157557 0.21998785088470218518 0.96102848646748251227
v -0.2184678663068282678 0.25212535797766044698 0.9427113000574345314
v -0.18103583025959446573 -0.20892648554034332076 -0.96102848646748240125
v -0.2184678663068285176 -0.25212535797766066903 -0.94271130005743442037
v 0.24144466583890519806 -0.2302170238752148379 -0.94271130005743442037
v 0.21177249541332235361 -0.17769822279481115035 -0.96102848646748240125
v 0.26758879823236841888 0.069429700118730119929 -0.96102848646748240125
v 0.32291703644304281529 0.083785394424472248165 -0.94271130005743442037
v -0.33344170092469038735 -0.010584745082955267226 -0.94271130005743442037
v -0.32941915118022901954 0.052710791871485307425 0.9427113000574345314
v 0.18757349203114281888 0.20307740712659985705 -0.96102848646748240125
v 0.22635729358659872901 0.2450668896121468987 -0.94271130005743442037
v -0.12276193049371152133 0.24769690474343258879 -0.96102848646748240125
v 0.078651458140131996766 0.32420572616234383245 0.9427113000574345314
v 0.065175406645519490256 0.2686566853190350268 0.96102848646748251227
v 0.24157510032182738513 0.13440877613652638112 0.96102848646748251227
v 0.32758089810031365552 0.063136043143465478411 0.9427113000574345314
v -0.27519757508959219461 -0.026278182258828899909 -0.96102848646748240125
v -0.33209904888123731315 -0.031711614216236347352 -0.94271130005743442037
v 0.25555982563826867837 -0.21444015543680139402 -0.94271130005743442037
v 0.26864593621803511958 -0.19779981217776035352 -0.94271130005743442037
v 0.24144466583890525357 0.2302170238752148379 -0.94271130005743442037
v -0.23401879825921342859 -0.23776165966222437276 -0.94271130005743442037
v 0.065175406645519545767 -0.2686566853190350268 0.96102848646748251227
v 0.099055505237256494255 -0.31856461138396002797 0.9427113000574345314
v 0.0820834474907389533 -0.26398211273882732364 0.96102848646748251227
v -0.24862741910648492039 0.22244057905982422829 0.9427113000574345314
v -0.20602787954191589814 0.18432786292224409563 0.96102848646748251227
v 0.15755419232792347572 -0.2940613562233523326 0.9427113000574345314
v 0.13055903598612630945 -0.2436772174832789184 0.96102848646748251227
v 0.057930709380619220539 0.32854137890786277998 0.9427113000574345314
v 0.23256400006972258176 -0.14945980753898371884 -0.96102848646748240125
v 0.28065030442956045986 -0.18036299888729087626 -0.94271130005743442037
v -0.25325759600805114458 -0.11083698959391938277 0.96102848646748251227
v -0.29652409115391825667 -0.15286879377219006471 0.9427113000574345314
v -0.20602787954191614794 -0.18432786292224426217 -0.96102848646748240125
v -0.24862741910648519794 -0.22244057905982442258 -0.94271130005743442037
v -0.23401879825921320655 -0.23776165966222412296 0.9427113000574345314
v 0.33092570709857160871 -0.042232465300192992275 0.9427113000574345314
v 0.27422527235512589305 -0.034996402669086615345 0.96102848646748251227
v 0.2626465516869173622 0.08626144611001744511 -0.96102848646748240125
v 0.31695290185157143359 0.10409737149366445064 -0.94271130005743442037
v -0.18103583025959424369 0.20892648554034312647 0.96102848646748251227
v 0.25555982563826873388 0.214440155436801283 -0.94271130005743442037
v 0.3012250147643915632 0.14338373416888572365 0.9427113000574345314
v 0.24961346290736274867 0.1188165280313074057 0.96102848646748251227
v -0.21730387433303324785 -0.17088965561985683395 -0.96102848646748240125
v -0.26223490508851338143 -0.20622380875456694516 -0.94271130005743442037
v 0.13858646093434620616 -0.30346202001191935338 0.9427113000574345314
v 0.11484121414337272737 -0.25146718221687663908 0.96102848646748251227
v 0.24157510032182760717 -0.13440877613652654765 -0.96102848646748240125
v 0.32291703644304253773 0.083785394424472164898 0.9427113000574345314
v 0.26758879823236814133 0.06942970011873005054 0.96102848646748251227
v -0.15313084669973109353 0.23016340279689001536 -0.96102848646748240125
v -0.24862741910648494814 -0.22244057905982420054 0.9427113000574345314
v 0.21177249541332215932 -0.17769822279481095606 0.96102848646748251227
v 0.30971250979089509636 0.12399018518837021108 0.9427113000574345314
v 0.036976694100713594637 0.33155411147715219133 0.9427113000574345314
v 0.030641149336699959049 0.27474600664130838235 0.96102848646748251227
v -0.2729768480164794231 -0.043679384668374829359 -0.96102848646748240125
v -0.32941915118022929709 -0.052710791871485425386 -0.94271130005743442037
v -0.24571799020835391469 -0.12667642829661368564 0.96102848646748251227
v -0.28623155413034168104 -0.17136773956655584894 0.9427113000574345314
v -0.27478646366192593931 -0.18917664795686300883 -0.94271130005743442037
v 0.26264655168691708464 0.086261446110017347966 0.96102848646748251227
v -0.26223490508851315939 -0.20622380875456675087 0.9427113000574345314
v -0.2173038743330330258 -0.17088965561985666741 0.96102848646748251227
v 0.26864593621803500856 0.19779981217776040903 -0.94271130005743442037
v 0.22261644667135144227 0.16390901704738919387 -0.96102848646748240125
v 0.28065030442956045986 0.18036299888729087626 -0.94271130005743442037
v 0.30971250979089537392 0.12399018518837033598 -0.94271130005743442037
v -0.32541279882385532041 -0.073497721771813420699 -0.94271130005743442037
v 0.25664672017728684672 -0.10274584770325956296 -0.96102848646748240125
v 0.30971250979089542943 -0.12399018518837022496 -0.94271130005743442037
v 0.21177249541332240912 0.17769822279481103933 -0.96102848646748240125
v -0.23718896478672138461 -0.14200578573221381284 -0.96102848646748240125
v -0.2862315541303419586 -0.17136773956655601547 -0.94271130005743442037
v 0.09866096726375450654 -0.25824457736146211317 0.96102848646748251227
v 0.01587378672435809171 0.33323179265948082994 0.9427113000574345314
v 0.013153990138631537626 0.27613623583559732122 0.96102848646748251227
v -0.2340187982592132343 0.2377616596622240952 0.9427113000574345314
v -0.16742040993006176985 0.21998785088470240723 -0.96102848646748240125
v 0.24157510032182760717 0.1344087761365265199 -0.96102848646748240125
v 0.29152459291892413029 0.16219992745829883707 -0.94271130005743442037
v -0.32009612397903725034 -0.093988702287129397006 -0.94271130005743442037
v 0.2626465516869173622 -0.08626144611001744511 -0.96102848646748240125
v 0.31695290185157143359 -0.10409737149366445064 -0.94271130005743442037
v -0.27478646366192566175 -0.18917664795686284229 0.9427113000574345314
v -0.22770486311825946513 -0.15676333598872710384 0.96102848646748251227
v -0.24571799020835416449 -0.12667642829661382442 -0.96102848646748240125
v -0.29652409115391858974 -0.15286879377219020348 -0.94271130005743442037
v 0.31695290185157110052 0.10409737149366433961 0.9427113000574345314
v -0.0052930387885822159297 0.33356766702485446396 0.9427113000574345314
v 0.33293799507250987357 -0.021158832224842265279 0.9427113000574345314
v 0.32291703644304281529 -0.083785394424472303676 -0.94271130005743442037
v -0.30562263031874858932 -0.13375429929939214313 -0.94271130005743442037
v 0.30122501476439189627 0.14338373416888586243 -0.94271130005743442037
v 0.24961346290736302622 0.1188165280313075306 -0.96102848646748240125
v 0.33092570709857194178 -0.042232465300193040847 -0.94271130005743442037
v 0.27145355913113677904 -0.052318385229844548145 -0.96102848646748240125
v 0.3275808981003140441 -0.063136043143465381267 -0.94271130005743442037
v -0.25977742285431459912 -0.094551249453355176722 -0.96102848646748240125
v -0.31349053501888801687 -0.11410122347106176066 -0.94271130005743442037
v -0.26525121770556614464 -0.077884784802516635049 -0.96102848646748240125
v 0.27422527235512617061 -0.034996402669086650039 -0.96102848646748240125
v 0.38252802231355376161 -0.073726233307343957968 -0.92099769525617836141
v 0.37708186294820017492 -0.097839225100786547662 -0.92099769525617836141
v -0.047477604702381950852 0.33021399394293687868 0.9427113000574345314
v -0.055441310333746399164 0.38560278323850932791 0.92099769525617836141
v -0.079786128982688775402 0.38131013487024623121 0.92099769525617836141
v 0.19351258794689080167 -0.27175040579568315868 0.9427113000574345314
v 0.20539018362595698464 -0.33102585669839035276 0.92099769525617836141
v 0.22597162407630291825 -0.31733274404814520997 0.92099769525617836141
v 0.37708186294820017492 -0.097839225100786547662 0.92099769525617836141
v 0.37011732800944813215 -0.12155825286649275807 0.92099769525617836141
v -0.31349053501888773932 -0.11410122347106164964 0.9427113000574345314
v -0.36607419745845720671 -0.13324011140776667594 0.92099769525617836141
v -0.35688656154272013765 -0.15618971644452725456 0.92099769525617836141
v 0.38643387634393244756 -0.049316371993587682088 -0.92099769525617836141
v -0.030873249095755034288 0.38834274529477058602 0.92099769525617836141
v -0.37378778178463595294 -0.10975399546863422173 0.92099769525617836141
v 0.24564315655177054731 -0.30236184443823260759 0.92099769525617836141
v -0.10380967705023493031 0.37548208516989667327 0.92099769525617836141
v 0.28065030442956018231 0.18036299888729070973 0.9427113000574345314
v 0.32772547647836625107 0.2106163749565437282 0.92099769525617836141
v 0.31370754302220876797 0.23097797034301051355 0.92099769525617836141
v 0.29152459291892385274 0.16219992745829867054 0.9427113000574345314
v 0.35175130734853859993 0.16743435463309652711 0.92099769525617836141
v 0.37011732800944813215 -0.12155825286649275807 -0.92099769525617836141
v 0.34042377510941013163 0.18940670176386409373 0.92099769525617836141
v 0.36166246122140666142 -0.1447878084511335095 0.92099769525617836141
v 0.18398170939733479723 -0.34338604505722458704 0.92099769525617836141
v 0.36166246122140666142 -0.1447878084511335095 -0.92099769525617836141
v -0.34626186940453862473 -0.17851040061935274927 0.92099769525617836141
v 0.35175130734853854442 -0.16743435463309663813 -0.92099769525617836141
v -0.12741522018727843846 0.36814210163663019237 0.92099769525617836141
v 0.3616624612214066059 0.14478780845113362052 0.92099769525617836141
v -0.37999625463963643268 -0.085825938926738232215 0.92099769525617836141
v -0.0061808721801759562015 0.38951898817888191973 0.92099769525617836141
v 0.2984264200114233323 0.25040949896514136386 0.92099769525617836141
v 0.1618324057601674415 -0.35436353900857819887 0.92099769525617836141
v -0.15050770720303580097 0.35931973979353382109 0.92099769525617836141
v 0.34042377510941013163 -0.18940670176386414925 -0.92099769525617836141
v 0.38956802401224821519 0 -0.92099769525617836141
v 0.33293799507251020664 0.021158832224842282627 -0.94271130005743442037
v 0.38878369754370284417 0.024707931055719424551 -0.92099769525617836141
v 0.32772547647836625107 -0.2106163749565437282 -0.92099769525617836141
v 0.38643387634393244756 0.049316371993587772293 -0.92099769525617836141
v 0.26432557073402529468 -0.28617344039749631479 0.92099769525617836141
v 0.37011732800944813215 0.12155825286649275807 0.92099769525617836141
v -0.17299415280264393568 0.34905052417795201514 0.92099769525617836141
v 0.31370754302220882348 -0.23097797034301043029 -0.92099769525617836141
v 0.38252802231355376161 0.073726233307344138379 -0.92099769525617836141
v 0.35175130734853854442 -0.16743435463309663813 0.92099769525617836141
v 0.13903146014274278541 -0.36391413605874739501 0.92099769525617836141
v 0.11906069077581386828 -0.31164074935092755947 0.9427113000574345314
v 0.38252802231355376161 -0.073726233307343957968 0.92099769525617836141
v 0.37708186294820017492 0.097839225100786478273 -0.92099769525617836141
v 0.29842642001142327679 -0.25040949896514147488 -0.92099769525617836141
v 0.28194363913499731478 -0.26883271691541194004 -0.92099769525617836141
v 0.37011732800944813215 0.12155825286649275807 -0.92099769525617836141
v -0.38467461669451324946 -0.061552291620514780479 0.92099769525617836141
v 0.28194363913499737029 0.26883271691541194004 0.92099769525617836141
v -0.33424290292923419798 -0.20011228641501782599 0.92099769525617836141
v 0.3616624612214066059 0.14478780845113362052 -0.92099769525617836141
v 0.26432557073402529468 -0.28617344039749631479 -0.92099769525617836141
v -0.19478401200612419086 0.33737580529671312712 0.92099769525617836141
v 0.35175130734853859993 0.16743435463309652711 -0.92099769525617836141
v 0.115670683905611138 -0.37199937932423460252 0.92099769525617836141
v 0.34042377510941013163 0.18940670176386409373 -0.92099769525617836141
v 0.22597162407630291825 -0.31733274404814520997 -0.92099769525617836141
v 0.37708186294820017492 0.097839225100786478273 0.92099769525617836141
v 0.018536392926172366724 0.38912677557589653299 0.92099769525617836141
v -0.32087805825278364891 -0.22090839066167403115 0.92099769525617836141
v 0.32772547647836625107 0.2106163749565437282 -0.92099769525617836141
v -0.38780402983647033199 -0.037030794960433127683 0.92099769525617836141
v 0.20539018362595698464 -0.33102585669839035276 -0.92099769525617836141
v 0.31370754302220876797 0.23097797034301051355 -0.92099769525617836141
v 0.18398170939733479723 -0.34338604505722458704 -0.92099769525617836141
v -0.30622115088766022062 -0.2408149747873757629 0.92099769525617836141
v 0.2984264200114233323 0.25040949896514136386 -0.92099769525617836141
v 0.091844142649638721432 -0.37858671238404606463 0.92099769525617836141
v 0.28194363913499737029 0.26883271691541194004 -0.92099769525617836141
v 0.1618324057601674415 -0.35436353900857819887 -0.92099769525617836141
v 0.26432557073402529468 0.2861734403974963703 -0.92099769525617836141
v 0.38643387634393244756 -0.049316371993587682088 0.92099769525617836141
v 0.13903146014274278541 -0.36391413605874739501 -0.92099769525617836141
v 0.28194363913499731478 -0.26883271691541194004 0.92099769525617836141
v 0.24564315655177040854 0.3023618444382326631 -0.92099769525617836141
v -0.29033119902675941226 -0.25975188200375337599 0.92099769525617836141
v 0.043179018520511459889 0.38716768678753776811 0.92099769525617836141
v 0.115670683905611138 -0.37199937932423460252 -0.92099769525617836141
v -0.38937189302329172635 -0.012360188358834314076 0.92099769525617836141
v -0.23592616914089672986 0.31000336779994597247 0.92099769525617836141
v 0.22597162407630300152 0.31733274404814515446 -0.92099769525617836141
v 0.34042377510941013163 -0.18940670176386414925 0.92099769525617836141
v 0.067647777447033721754 -0.38364961037290812307 0.92099769525617836141
v 0.20539018362595698464 0.33102585669839035276 -0.92099769525617836141
v 0.38252802231355376161 0.073726233307344138379 0.92099769525617836141
v 0.18398170939733474172 0.34338604505722458704 -0.92099769525617836141
v 0.091844142649638721432 -0.37858671238404606463 -0.92099769525617836141
v -0.27327218589796525849 -0.27764286006911020888 0.92099769525617836141
v 0.16183240576016730272 0.35436353900857825439 -0.92099769525617836141
v -0.2551128021262752954 0.29441586832928606787 0.92099769525617836141
v 0.067647777447033721754 -0.38364961037290812307 -0.92099769525617836141
v 0.13903146014274289644 0.3639141360587473395 -0.92099769525617836141
v 0.043179018520511369683 -0.38716768678753776811 -0.92099769525617836141
v -0.38937189302329172635 0.012360188358834236014 0.92099769525617836141
v 0.11567068390561115188 0.37199937932423460252 -0.92099769525617836141
v 0.018536392926172446521 -0.38912677557589653299 -0.92099769525617836141
v 0.043179018520511369683 -0.38716768678753776811 0.92099769525617836141
v 0.091844142649638652043 0.37858671238404606463 -0.92099769525617836141
v 0.38643387634393244756 0.049316371993587772293 0.92099769525617836141
v 0.067647777447033888287 0.38364961037290806756 0.92099769525617836141
v -0.0061808721801757922701 -0.38951898817888191973 -0.92099769525617836141
v 0.29842642001142327679 -0.25040949896514147488 0.92099769525617836141
v -0.030873249095755131433 -0.38834274529477058602 -0.92099769525617836141
v -0.055441310333746399164 -0.38560278323850932791 -0.92099769525617836141
v -0.079786128982688706013 -0.38131013487024623121 -0.92099769525617836141
v 0.018536392926172446521 -0.38912677557589653299 0.92099769525617836141
v -0.38780402983647033199 0.037030794960433051355 0.92099769525617836141
v -0.20203724136369777264 -0.26547383646259481438 0.9427113000574345314
v -0.23592616914089664659 -0.31000336779994602798 0.92099769525617836141
v -0.21578954474105899175 -0.32434259312223256977 0.92099769525617836141
v -0.10380967705023477765 -0.37548208516989667327 -0.92099769525617836141
v -0.25511280212627535091 -0.29441586832928601236 0.92099769525617836141
v -0.29033119902675935675 0.2597518820037534315 0.92099769525617836141
v 0.091844142649638652043 0.37858671238404606463 0.92099769525617836141
v -0.15050770720303580097 -0.35931973979353382109 -0.92099769525617836141
v -0.38467461669451324946 0.06155229162051471109 0.92099769525617836141
v 0.38878369754370284417 0.024707931055719424551 0.92099769525617836141
v -0.19478401200612396882 -0.33737580529671323815 0.92099769525617836141
v -0.17299415280264388017 -0.34905052417795207065 -0.92099769525617836141
v 0.38956802401224821519 0 0.92099769525617836141
v 0.20539018362595698464 0.33102585669839035276 0.92099769525617836141
v -0.0061808721801757922701 -0.38951898817888191973 0.92099769525617836141
v 0.32772547647836625107 -0.2106163749565437282 0.92099769525617836141
v -0.1091130317934855265 0.31526140112112621683 -0.94271130005743442037
v -0.19478401200612396882 -0.33737580529671323815 -0.92099769525617836141
v -0.30622115088766027613 0.24081497478737573514 0.92099769525617836141
v -0.12888846573487394709 0.30770630176278818135 -0.94271130005743442037
v -0.17299415280264388017 -0.34905052417795207065 0.92099769525617836141
v -0.14814491131512885769 0.2989121777302732319 -0.94271130005743442037
v -0.23592616914089664659 -0.31000336779994602798 -0.92099769525617836141
v -0.37999625463963643268 0.08582593892673832936 0.92099769525617836141
v -0.25511280212627535091 -0.29441586832928601236 -0.92099769525617836141
v -0.16680482962434117766 0.28891443985722897736 -0.94271130005743442037
v 0.11567068390561115188 0.37199937932423460252 0.92099769525617836141
v -0.27327218589796525849 -0.27764286006911020888 -0.92099769525617836141
v -0.1847930837573813212 0.27775334550543095968 -0.94271130005743442037
v -0.3208780582527835934 0.22090839066167411442 0.92099769525617836141
v -0.030873249095755131433 -0.38834274529477058602 0.92099769525617836141
v -0.15050770720303580097 -0.35931973979353382109 0.92099769525617836141
v -0.2020372413636980502 0.26547383646259503642 -0.94271130005743442037
v -0.37378778178463595294 0.10975399546863415234 0.92099769525617836141
v -0.21846786630682848984 0.25212535797766072454 -0.94271130005743442037
v -0.2340187982592134841 0.23776165966222431725 -0.94271130005743442037
v -0.3342429029292342535 0.20011228641501777048 0.92099769525617836141
v -0.12741522018727852172 -0.36814210163663013686 0.92099769525617836141
v -0.055441310333746399164 -0.38560278323850932791 0.92099769525617836141
v -0.24862741910648517019 0.22244057905982445034 -0.94271130005743442037
v -0.29033119902675935675 0.2597518820037534315 -0.92099769525617836141
v -0.26223490508851343694 0.2062238087545669174 -0.94271130005743442037
v 0.13903146014274289644 0.3639141360587473395 0.92099769525617836141
v -0.36607419745845720671 0.13324011140776675921 0.92099769525617836141
v -0.27478646366192588379 0.18917664795686309209 -0.94271130005743442037
v 0.31370754302220882348 -0.23097797034301043029 0.92099769525617836141
v -0.2862315541303419586 0.17136773956655595996 -0.94271130005743442037
v -0.10380967705023477765 -0.37548208516989667327 0.92099769525617836141
v -0.29652409115391853422 0.15286879377219028675 -0.94271130005743442037
v -0.34626186940453862473 0.17851040061935283254 0.92099769525617836141
v -0.30562263031874858932 0.13375429929939208762 -0.94271130005743442037
v -0.31349053501888801687 0.11410122347106184393 -0.94271130005743442037
v 0.16183240576016730272 0.35436353900857825439 0.92099769525617836141
v -0.32009612397903725034 0.093988702287129341495 -0.94271130005743442037
v -0.35688656154272013765 0.15618971644452717129 0.92099769525617836141
v -0.079786128982688706013 -0.38131013487024623121 0.92099769525617836141
v -0.32541279882385532041 0.073497721771813503966 -0.94271130005743442037
v -0.21818316076700722261 0.0069259877565037882008 -0.97588326097505895262
v -0.017299715751326872476 -0.21760648148345274056 -0.97588326097505895262
v 0.075256534854168666282 0.14045985306329869524 -0.98722210451305225654
v -0.058169384752349367895 -0.21040005614594808891 -0.97588326097505895262
v -0.12091690688434307555 -0.18174422295690181861 0.97588326097505895262
v 0.15424291063928510792 -0.040020505723211023674 0.98722210451305225654
v 0.15647062709785403145 0.03015724152545068773 0.98722210451305225654
v 0.037568255807084623143 -0.15485845962179017876 -0.98722210451305225654
v 0.02419521005091855928 0.2169480416119880517 -0.97588326097505895262
v 0.037568255807084588449 0.15485845962179017876 -0.98722210451305225654
v 0.15798611930354827804 0.15063946048791460042 -0.97588326097505895262
v -0.096936660629568460745 -0.19558922458732955207 -0.97588326097505895262
v -0.084336460504069454824 -0.20134354317516731103 0.97588326097505895262
v 0.1438816097979907227 0.068487945820843526556 0.98722210451305225654
v -0.017299715751326820434 0.21760648148345274056 -0.97588326097505895262
v 0.14388160979799069494 -0.068487945820843582068 0.98722210451305225654
v 0.18363980966044238241 0.11801813952338621738 -0.97588326097505895262
v -0.13220039302562913708 -0.17370928884937081316 -0.97588326097505895262
v 0.15798611930354819477 0.15063946048791454491 0.97588326097505895262
v -0.058169384752349451162 0.21040005614594806116 -0.97588326097505895262
v 0.20265627882735096077 0.081131335503219409455 -0.97588326097505895262
v 0.077905786122526438087 -0.20391799684509490098 -0.97588326097505895262
v -0.16268605877297923068 -0.14555104681725827831 -0.97588326097505895262
v 0.15902947081409224417 0.010106620276331024222 -0.98722210451305225654
v 0.11508966172693588237 -0.1854891660239606499 -0.97588326097505895262
v 0.12832005269871915587 -0.094480053112908413127 0.98722210451305225654
v -0.088267325312751693245 0.1326702515372343294 -0.98722210451305225654
v 0.051464539943142088851 0.21213972300614908351 0.97588326097505895262
v -0.012628503965132637996 -0.15884910213288169767 0.98722210451305225654
v -0.18729182648188205662 -0.11213221072361655162 -0.97588326097505895262
v -0.11875810954459160851 0.10624983660323879253 -0.98722210451305225654
v 0.017662099797322205336 0.15836845200850291349 0.98722210451305225654
v 0.14811389709334504827 -0.16035627345541228483 -0.97588326097505895262
v 0.12662239896620491875 -0.17781627886312365017 0.97588326097505895262
v 0.15647062709785436452 -0.030157241525450677322 -0.98722210451305225654
v -0.20512837959763555173 -0.074660624376797879442 -0.97588326097505895262
v 0.051464539943142137424 -0.21213972300614908351 0.97588326097505895262
v -0.15543502381522913969 0.035106548283464253379 0.98722210451305225654
v -0.022677911392167997978 0.15772833827727036904 0.98722210451305225654
v 0.17578491031180593085 -0.12942768735998999574 -0.97588326097505895262
v -0.2155510586179504029 -0.034490608538642372749 -0.97588326097505895262
v -0.14598215249604132304 0.063888398895594444848 0.98722210451305225654
v 0.21129648595623795604 -0.054823863154928278996 -0.97588326097505895262
v 0.090682215218780573562 -0.19856635362442373594 0.97588326097505895262
v -0.26896509758130110468 -0.35341601304537495487 -0.89596590225643768512
v -0.21578954474105899175 -0.32434259312223256977 -0.92099769525617836141
v -0.24600855500536567 -0.36976329301051436005 -0.89596590225643768512
v -0.21578954474105890848 0.32434259312223262528 0.92099769525617836141
v -0.24600855500536544795 0.36976329301051424903 0.89596590225643779615
v -0.24600855500536555898 -0.36976329301051419352 0.89596590225643779615
v -0.26896509758130099366 -0.35341601304537478834 0.89596590225643779615
v 0.22597162407630300152 0.31733274404814515446 0.92099769525617836141
v 0.2341528749538822618 0.37738247593739548957 0.89596590225643779615
v -0.31154102325294219522 -0.31652376344331090152 0.89596590225643779615
v 0.41230940818530459335 0.16506378741471855465 -0.89596590225643768512
v 0.42194828834414110919 0.13858118182948614416 -0.89596590225643768512
v 0.18398170939733474172 0.34338604505722458704 0.92099769525617836141
v 0.20974637362791298534 0.39147357604792082375 0.89596590225643779615
v 0.18449529768401964902 0.40398835023586049386 0.89596590225643779615
v -0.29083861263883192816 -0.3356456515316812439 0.89596590225643779615
v 0.42988813166983474989 0.11154055873639109886 -0.89596590225643768512
v 0.15850132429281846291 0.41487640592257124528 0.89596590225643779615
v 0.43609696721563140365 0.084050801180809722735 -0.89596590225643768512
v 0.24564315655177040854 0.3023618444382326631 0.92099769525617836141
v 0.30134153063474777845 0.32624896001139175317 0.89596590225643779615
v 0.28004284481332220036 0.34470437633234196628 0.89596590225643779615
v 0.26432557073402529468 0.2861734403974963703 0.92099769525617836141
v 0.44054979419215789527 0.056222600714079772055 -0.89596590225643768512
v 0.443228682636777227 0.028168011677690816402 -0.89596590225643768512
v -0.22206142280560969837 -0.38462166670035052851 0.89596590225643779615
v 0.44412284561121995186 0 -0.89596590225643768512
v 0.10470592931671887649 0.43160371912175360398 0.89596590225643779615
v 0.38878369754370284417 -0.024707931055719428021 -0.92099769525617836141
v 0.443228682636777227 -0.028168011677690823341 -0.89596590225643768512
v 0.25761652529521050781 0.36177178979106355827 0.89596590225643779615
v 0.32142682046892273595 0.30647985427601315278 0.89596590225643779615
v 0.049225776742462264146 0.44138636691441723858 0.89596590225643779615
v 0.021132215855273903116 0.44361980506606490948 0.89596590225643779615
v -0.19722012763141147373 -0.39793130468820508971 0.89596590225643779615
v -0.0070464370066796420955 0.44406694283555742109 0.89596590225643779615
v 0.34021783794266269307 0.28547666233761981314 0.89596590225643779615
v -0.035196716353803322863 0.44272597975691152516 0.89596590225643779615
v -0.063205270946631961215 0.43960231541516037179 0.89596590225643779615
v -0.09095932022126503036 0.43470852770413037636 0.89596590225643779615
v -0.17158469661085667957 -0.40963861375945453958 0.89596590225643779615
v 0.35763891826077348624 0.26332395663720209456 0.89596590225643779615
v 0.067647777447033888287 0.38364961037290806756 -0.92099769525617836141
v -0.11834710841689236038 0.42806432217970191711 0.89596590225643779615
v -0.33098896812287587066 -0.29612734587464423219 0.89596590225643779615
v -0.14525835457679933671 0.41969645271249095275 0.89596590225643779615
v 0.043179018520511459889 0.38716768678753776811 -0.92099769525617836141
v -0.17158469661085667957 0.40963861375945453958 0.89596590225643779615
v -0.19722012763141152925 0.3979313046882050342 0.89596590225643779615
v 0.37361991288147583523 0.24011093830195598398 0.89596590225643779615
v -0.22206142280560997593 0.384621666700350473 0.89596590225643779615
v -0.14525835457679944773 -0.41969645271249089724 0.89596590225643779615
v 0.018536392926172366724 0.38912677557589653299 -0.92099769525617836141
v -0.0061808721801759562015 0.38951898817888191973 -0.92099769525617836141
v -0.26896509758130110468 0.35341601304537473283 0.89596590225643779615
v 0.38809647197982460876 0.21593107796382740582 0.89596590225643779615
v -0.29083861263883187265 0.3356456515316812439 0.89596590225643779615
v -0.030873249095755034288 0.38834274529477058602 -0.92099769525617836141
v -0.31154102325294225073 0.31652376344331084601 0.89596590225643779615
v -0.27327218589796531401 0.27764286006911015336 0.92099769525617836141
v -0.33098896812287581515 0.2961273458746442877 0.89596590225643779615
v -0.055441310333746399164 0.38560278323850932791 -0.92099769525617836141
v -0.34910413723867250724 0.27453852800044192817 0.89596590225643779615
v -0.11834710841689217997 -0.42806432217970197263 0.89596590225643779615
v -0.36581358720793882844 0.25184424037064467861 0.89596590225643779615
v -0.079786128982688775402 0.38131013487024623121 -0.92099769525617836141
v -0.38105003497314504646 0.22813586487172998751 0.89596590225643779615
v -0.10380967705023493031 0.37548208516989667327 -0.92099769525617836141
v 0.40101030356174210967 0.19088173938626692983 0.89596590225643779615
v -0.39475212873674975222 0.20350886676410895326 0.89596590225643779615
v -0.40686469500323568793 0.17806241027721511627 0.89596590225643779615
v -0.12741522018727843846 0.36814210163663019237 -0.92099769525617836141
v -0.41733896074330240067 0.151898959310153292 0.89596590225643779615
v -0.090959320221264947093 -0.43470852770413037636 0.89596590225643779615
v -0.15050770720303580097 0.35931973979353382109 -0.92099769525617836141
v -0.42613274978564152917 0.1251238648457404512 0.89596590225643779615
v -0.34910413723867245173 -0.27453852800044198368 0.89596590225643779615
v -0.43321065264549257767 0.097844940739282432185 0.89596590225643779615
v -0.17299415280264393568 0.34905052417795201514 -0.92099769525617836141
v -0.43854416910614063552 0.070172029590229265117 0.89596590225643779615
v 0.41230940818530437131 0.16506378741471847138 0.89596590225643779615
v -0.44211182297923012907 0.042216560444796831508 0.89596590225643779615
v -0.19478401200612419086 0.33737580529671312712 -0.92099769525617836141
v -0.44389924858179524714 0.014091100110525348055 0.89596590225643779615
v -0.44389924858179524714 -0.01409110011052543826 0.89596590225643779615
v -0.063205270946631961215 -0.43960231541516037179 0.89596590225643779615
v -0.21578954474105890848 0.32434259312223262528 -0.92099769525617836141
v -0.44211182297923012907 -0.042216560444796921714 0.89596590225643779615
v -0.43854416910614063552 -0.070172029590229348384 0.89596590225643779615
v 0.42194828834414088714 0.13858118182948608865 0.89596590225643779615
v -0.23592616914089672986 0.31000336779994597247 -0.92099769525617836141
v 0.38878369754370284417 -0.024707931055719428021 0.92099769525617836141
v 0.44054979419215767322 -0.056222600714079647155 0.89596590225643779615
v 0.44322868263677700496 -0.028168011677690809463 0.89596590225643779615
v 0.44412284561121972981 0 0.89596590225643779615
v 0.43609696721563123711 -0.084050801180809472934 0.89596590225643779615
v -0.2551128021262752954 0.29441586832928606787 -0.92099769525617836141
v -0.43321065264549257767 -0.097844940739282321163 0.89596590225643779615
v 0.42988813166983452785 -0.11154055873639111274 0.89596590225643779615
v -0.035196716353803433885 -0.44272597975691146965 0.89596590225643779615
v -0.29083861263883203918 0.33564565153168146594 -0.89596590225643768512
v -0.27327218589796531401 0.27764286006911015336 -0.92099769525617836141
v -0.31154102325294241727 0.31652376344331101254 -0.89596590225643768512
v 0.42194828834414088714 -0.13858118182948608865 0.89596590225643779615
v -0.29083861263883209469 -0.33564565153168141043 -0.89596590225643768512
v -0.31154102325294236175 -0.31652376344331106806 -0.89596590225643768512
v 0.41230940818530442682 -0.16506378741471830485 0.89596590225643779615
v -0.42613274978564152917 -0.12512386484574053447 0.89596590225643779615
v 0.40101030356174210967 -0.1908817393862670686 0.89596590225643779615
v 0.38809647197982460876 -0.21593107796382746133 0.89596590225643779615
v -0.33098896812287598168 0.29612734587464439873 -0.89596590225643768512
v -0.30622115088766027613 0.24081497478737573514 -0.92099769525617836141
v 0.44054979419215789527 -0.056222600714079674911 -0.89596590225643768512
v -0.0070464370066794556127 -0.44406694283555742109 0.89596590225643779615
v 0.43609696721563145916 -0.084050801180809514568 -0.89596590225643768512
v -0.34910413723867267377 0.2745385280004420947 -0.89596590225643768512
v -0.3208780582527835934 0.22090839066167411442 -0.92099769525617836141
v 0.42988813166983474989 -0.11154055873639116825 -0.89596590225643768512
v -0.36581358720793899497 0.25184424037064478963 -0.89596590225643768512
v -0.3342429029292342535 0.20011228641501777048 -0.92099769525617836141
v 0.42194828834414110919 -0.13858118182948614416 -0.89596590225643768512
v -0.36581358720793888395 -0.25184424037064456758 0.89596590225643779615
v 0.41230940818530464886 -0.16506378741471838811 -0.89596590225643768512
v 0.42988813166983452785 0.11154055873639104335 0.89596590225643779615
v -0.3810500349731452685 0.22813586487173009854 -0.89596590225643768512
v -0.34626186940453862473 0.17851040061935283254 -0.92099769525617836141
v 0.37361991288147583523 -0.24011093830195598398 0.89596590225643779615
v -0.41733896074330245618 -0.15189895931015318098 0.89596590225643779615
v 0.021132215855273989852 -0.44361980506606490948 0.89596590225643779615
v 0.4010103035617422762 -0.19088173938626715187 -0.89596590225643768512
v 0.3880964719798248308 -0.21593107796382757235 -0.89596590225643768512
v -0.39475212873674997427 0.20350886676410906428 -0.89596590225643768512
v -0.35688656154272013765 0.15618971644452717129 -0.92099769525617836141
v 0.37361991288147605728 -0.240110938301956095 -0.89596590225643768512
v 0.44322868263677700496 0.028168011677690802524 0.89596590225643779615
v 0.35763891826077359726 -0.26332395663720198353 0.89596590225643779615
v -0.40686469500323590998 0.17806241027721519954 -0.89596590225643768512
v -0.36607419745845720671 0.13324011140776675921 -0.92099769525617836141
v -0.41733896074330262271 0.15189895931015334751 -0.89596590225643768512
v -0.37378778178463595294 0.10975399546863415234 -0.92099769525617836141
v 0.049225776742462160063 -0.44138636691441723858 0.89596590225643779615
v -0.42613274978564175122 0.12512386484574050671 -0.89596590225643768512
v -0.37999625463963643268 0.08582593892673832936 -0.92099769525617836141
v 0.34021783794266258205 -0.28547666233761997967 0.89596590225643779615
v -0.43321065264549279972 0.097844940739282473818 -0.89596590225643768512
v -0.38467461669451324946 0.06155229162051471109 -0.92099769525617836141
v 0.24564315655177054731 -0.30236184443823260759 -0.92099769525617836141
v -0.43854416910614085756 0.07017202959022930675 -0.89596590225643768512
v -0.38780402983647033199 0.037030794960433051355 -0.92099769525617836141
v 0.077121122800639596573 -0.43737562164777310514 0.89596590225643779615
v -0.40686469500323568793 -0.17806241027721519954 0.89596590225643779615
v -0.44211182297923035112 0.042216560444796852325 -0.89596590225643768512
v -0.38937189302329172635 0.012360188358834236014 -0.92099769525617836141
v 0.32142682046892268044 -0.30647985427601315278 0.89596590225643779615
v -0.44389924858179546918 0.014091100110525354994 -0.89596590225643768512
v -0.38937189302329172635 -0.012360188358834314076 -0.92099769525617836141
v -0.38105003497314499095 -0.22813586487173004302 0.89596590225643779615
v 0.20974637362791315187 -0.39147357604792099028 -0.89596590225643768512
v 0.4360969672156311816 0.084050801180809681101 0.89596590225643779615
v -0.44389924858179546918 -0.014091100110525445199 -0.89596590225643768512
v -0.38780402983647033199 -0.037030794960433127683 -0.92099769525617836141
v 0.18449529768401989882 -0.4039883502358606604 -0.89596590225643768512
v 0.30134153063474783396 -0.32624896001139169766 0.89596590225643779615
v 0.15850132429281846291 -0.41487640592257146732 -0.89596590225643768512
v 0.10470592931671897363 -0.43160371912175360398 0.89596590225643779615
v -0.44211182297923035112 -0.042216560444796942531 -0.89596590225643768512
v -0.38467461669451324946 -0.061552291620514780479 -0.92099769525617836141
v 0.13186912201074491024 -0.42409390075067432413 -0.89596590225643768512
v 0.10470592931671901527 -0.43160371912175382603 -0.89596590225643768512
v -0.43854416910614085756 -0.070172029590229390017 -0.89596590225643768512
v -0.37999625463963643268 -0.085825938926738232215 -0.92099769525617836141
v 0.28004284481332236689 -0.34470437633234191077 0.89596590225643779615
v 0.077121122800639638206 -0.43737562164777332718 -0.89596590225643768512
v -0.43321065264549279972 -0.097844940739282362796 -0.89596590225643768512
v -0.37378778178463595294 -0.10975399546863422173 -0.92099769525617836141
v 0.049225776742462180879 -0.44138636691441746063 -0.89596590225643768512
v 0.13186912201074482698 -0.42409390075067410208 0.89596590225643779615
v 0.02113221585527400026 -0.44361980506606513153 -0.89596590225643768512
v -0.42613274978564175122 -0.12512386484574058998 -0.89596590225643768512
v -0.36607419745845720671 -0.13324011140776667594 -0.92099769525617836141
v 0.25761652529521039678 -0.36177178979106361378 0.89596590225643779615
v -0.0070464370066794590822 -0.44406694283555764313 -0.89596590225643768512
v -0.41733896074330267822 -0.15189895931015326425 -0.89596590225643768512
v -0.35688656154272013765 -0.15618971644452725456 -0.92099769525617836141
v -0.035196716353803447763 -0.4427259797569116917 -0.89596590225643768512
v 0.2341528749538822618 -0.37738247593739548957 0.89596590225643779615
v -0.40686469500323590998 -0.17806241027721528281 -0.89596590225643768512
v -0.34626186940453862473 -0.17851040061935274927 -0.92099769525617836141
v -0.063205270946631988971 -0.43960231541516059384 -0.89596590225643768512
v 0.15850132429281837965 -0.41487640592257130079 0.89596590225643779615
v -0.090959320221264988726 -0.4347085277041305984 -0.89596590225643768512
v -0.39475212873674997427 -0.20350886676410898102 -0.89596590225643768512
v -0.33424290292923419798 -0.20011228641501782599 -0.92099769525617836141
v -0.39475212873674980774 -0.20350886676410887 0.89596590225643779615
v -0.38105003497314521299 -0.22813586487173015405 -0.89596590225643768512
v -0.32087805825278364891 -0.22090839066167403115 -0.92099769525617836141
v 0.44054979419215767322 0.0562226007140797443 0.89596590225643779615
v -0.14525835457679950324 -0.41969645271249111929 -0.89596590225643768512
v -0.12741522018727852172 -0.36814210163663013686 -0.92099769525617836141
v 0.20974637362791304085 -0.39147357604792076824 0.89596590225643779615
v -0.36581358720793905048 -0.25184424037064467861 -0.89596590225643768512
v -0.30622115088766022062 -0.2408149747873757629 -0.92099769525617836141
v -0.17158469661085676283 -0.40963861375945476162 -0.89596590225643768512
v -0.34910413723867261826 -0.2745385280004420947 -0.89596590225643768512
v -0.29033119902675941226 -0.25975188200375337599 -0.92099769525617836141
v -0.197220127631411557 -0.39793130468820525625 -0.89596590225643768512
v -0.22206142280560980939 -0.38462166670035075056 -0.89596590225643768512
v 0.18449529768401981555 -0.40398835023586043835 0.89596590225643779615
v -0.33098896812287603719 -0.29612734587464434322 -0.89596590225643768512
v -0.098579397986511441143 -0.015773819194987936942 0.99500416527802582056
v 0.23415287495388240058 -0.37738247593739565611 -0.89596590225643768512
v 0.49307849077429038998 0.062926269568093856632 -0.86770610608315512646
v -0.34868743462137652411 0.35426428891884037542 -0.86770610608315512646
v -0.32551658420771650837 0.37566616412946873815 -0.86770610608315512646
v 0.077121122800639790862 0.43737562164777304963 0.89596590225643779615
v 0.086316614690714763003 0.48952584762639728133 0.86770610608315523749
v 0.055095183389822402487 0.4940148117549209017 0.86770610608315523749
v 0.023651903230920780924 0.49651455259595689284 0.86770610608315523749
v 0.13186912201074485473 0.42409390075067410208 0.89596590225643779615
v 0.14759245950851079821 0.4746604885202018731 0.86770610608315523749
v 0.11719047944915890469 0.48306573568457983336 0.86770610608315523749
v -0.007886614794499780326 0.49701500457540642719 0.86770610608315523749
v 0.20649348640328832327 0.45215766447006405793 0.86770610608315523749
v 0.23475535959215917958 0.43815069851452265182 0.86770610608315523749
v 0.262071955803393708 0.42237945433862206235 0.86770610608315523749
v -0.070741514394515522812 0.49201803992046738712 0.86770610608315523749
v -0.10180480147266657287 0.48654074429909671684 0.86770610608315523749
v -0.13245815654665751837 0.47910432082195758552 0.86770610608315523749
v 0.25761652529521050781 -0.36177178979106383583 -0.89596590225643768512
v 0.28833328074527181384 0.40490743717629634757 0.86770610608315523749
v 0.31343358933102344333 0.38580500067401851672 0.86770610608315523749
v -0.16257814937451603443 0.46973871334175304471 0.86770610608315523749
v 0.33727181147697132824 0.36514906360149740339 0.86770610608315523749
v 0.28004284481332253343 -0.3447043763323420773 -0.89596590225643768512
v -0.1920434973757881858 0.45848163385427304073 0.86770610608315523749
v -0.22073555399368371965 0.44537841064549771319 0.86770610608315523749
v 0.35975195907608575885 0.34302280012693969757 0.86770610608315523749
v -0.24853878644288515676 0.43048180577058775542 0.86770610608315523749
v 0.38078351250821296237 0.31951530490403062812 0.86770610608315523749
v -0.27534124091929684797 0.41385180259971060535 0.86770610608315523749
v 0.40028178513063766841 0.29472123431920899117 0.86770610608315523749
v -0.30103499339850198213 0.39555536428617921185 0.86770610608315523749
v 0.41816826428130304816 0.2687404253438070989 0.86770610608315523749
v 0.43437092742159083558 0.24167749352580425448 0.86770610608315523749
v 0.44882453214566403465 0.21364141173993836387 0.86770610608315523749
v -0.34868743462137635758 0.35426428891884020889 0.86770610608315523749
v 0.086316614690714582592 -0.4895258476263976144 -0.86770610608315512646
v -0.37045424380287328425 0.33143591645210901397 0.86770610608315523749
v 0.46147087888860854887 0.18474507139240076148 0.86770610608315523749
v 0.30134153063474794498 -0.32624896001139186419 -0.89596590225643768512
v 0.055095183389822312281 -0.49401481175492112374 -0.86770610608315512646
v -0.39072936449409312321 0.30727296852806662564 0.86770610608315523749
v -0.40943115593998957724 0.28187274080984137115 0.86770610608315523749
v 0.47225904527553985712 0.15510482784698767511 0.86770610608315523749
v -0.42648431262709113332 0.2553375110496021172 0.86770610608315523749
v 0.48114559116803379268 0.12484003190311736275 0.86770610608315523749
v 0.023651903230920895416 -0.4965145525959571704 -0.86770610608315512646
v -0.4418201675122238048 0.2277741272521498217 0.86770610608315523749
v 0.32142682046892284697 -0.30647985427601331931 -0.89596590225643768512
v -0.45537696852046000151 0.19929357743571179951 0.86770610608315523749
v -0.46710012719892768374 0.17001054272236670872 0.86770610608315523749
v 0.49307849077429011242 0.062926269568093814999 0.86770610608315523749
v -0.47694243852524459415 0.14004293555764013579 0.86770610608315523749
v 0.49607679491298056762 0.031526608045787170298 0.86770610608315523749
v -0.48486427098548212644 0.10951142491870458073 0.86770610608315523749
v 0.49707757288577009147 0 0.86770610608315523749
v -0.0078866147944995756286 -0.49701500457540670475 -0.86770610608315512646
v -0.49083372615628417801 0.078538950422996245404 0.86770610608315523749
v -0.49482676714856010936 0.047250227293767661785 0.86770610608315523749
v -0.039393376205674589252 -0.49551415254977987379 -0.86770610608315512646
v -0.49682731539555285982 0.015771244175900592938 0.86770610608315523749
v -0.070741514394515564446 -0.49201803992046760916 -0.86770610608315512646
v -0.10180480147266653124 -0.4865407442990969944 -0.86770610608315512646
v 0.34021783794266274858 -0.2854766623376201462 -0.89596590225643768512
v -0.49682731539555285982 -0.015771244175900693552 0.86770610608315523749
v 0.35763891826077376379 -0.26332395663720209456 -0.89596590225643768512
v -0.49482676714856010936 -0.047250227293767758929 0.86770610608315523749
v -0.11834710841689224936 -0.42806432217970219467 -0.89596590225643768512
v -0.13245815654665737959 -0.47910432082195786307 -0.86770610608315512646
v -0.49083372615628417801 -0.078538950422996342549 0.86770610608315523749
v -0.48486427098548212644 -0.10951142491870445583 0.86770610608315523749
v -0.16257814937451625648 -0.46973871334175321124 -0.86770610608315512646
v -0.47694243852524459415 -0.14004293555764021906 0.86770610608315523749
v -0.19204349737578829682 -0.45848163385427331828 -0.86770610608315512646
v -0.22073555399368374741 -0.44537841064549804626 -0.86770610608315512646
v 0.4181682642813032702 -0.26874042534380726543 -0.86770610608315512646
v -0.46710012719892773925 -0.1700105427223665977 0.86770610608315523749
v -0.24853878644288499022 -0.43048180577058808849 -0.86770610608315512646
v -0.27534124091929712552 -0.41385180259971077188 -0.86770610608315512646
v -0.45537696852046000151 -0.19929357743571188277 0.86770610608315523749
v 0.43437092742159105763 -0.24167749352580444877 -0.86770610608315512646
v -0.30103499339850203764 -0.39555536428617948941 -0.86770610608315512646
v -0.44182016751222386031 -0.22777412725214971068 0.86770610608315523749
v -0.32551658420771656388 -0.37566616412946868264 -0.86770610608315512646
v 0.49707757288577036903 0 -0.86770610608315512646
v -0.42648431262709107781 -0.25533751104960217271 0.86770610608315523749
v -0.34868743462137652411 -0.35426428891884043093 -0.86770610608315512646
v -0.40943115593998963275 -0.28187274080984126012 0.86770610608315523749
v -0.37045424380287356181 -0.33143591645210918051 -0.86770610608315512646
v 0.48809473358223265382 0.094072549212284542475 -0.86770610608315512646
v 0.48114559116803407024 0.12484003190311743214 -0.86770610608315512646
v -0.39072936449409306769 -0.30727296852806668115 0.86770610608315523749
v -0.39072936449409328974 -0.30727296852806684768 -0.86770610608315512646
v -0.37045424380287333976 -0.33143591645210895846 0.86770610608315523749
v -0.34868743462137630207 -0.3542642889188402644 0.86770610608315523749
v 0.44882453214566420119 -0.21364141173993861367 -0.86770610608315512646
v 0.46147087888860877092 0.1847450713924008725 -0.86770610608315512646
v 0.40101030356174233171 0.19088173938626704085 -0.89596590225643768512
v -0.32551658420771639735 -0.3756661641294684606 0.86770610608315523749
v -0.40943115593998991031 -0.28187274080984137115 -0.86770610608315512646
v 0.4488245321456642567 0.21364141173993847489 -0.86770610608315512646
v 0.3880964719798248308 0.21593107796382751684 -0.89596590225643768512
v -0.30103499339850187111 -0.39555536428617926736 0.86770610608315523749
v 0.46147087888860882643 -0.18474507139240070597 -0.86770610608315512646
v 0.43437092742159105763 0.24167749352580439326 -0.86770610608315512646
v 0.37361991288147605728 0.240110938301956095 -0.89596590225643768512
v -0.42648431262709129985 -0.25533751104960233924 -0.86770610608315512646
v -0.27534124091929695899 -0.41385180259971054983 0.86770610608315523749
v 0.4181682642813032702 0.26874042534380726543 -0.86770610608315512646
v 0.35763891826077370828 0.26332395663720220558 -0.89596590225643768512
v -0.24853878644288485145 -0.43048180577058786644 0.86770610608315523749
v -0.44182016751222413786 -0.2277741272521498217 -0.86770610608315512646
v -0.22073555399368363639 -0.44537841064549776871 0.86770610608315523749
v 0.47225904527554013468 -0.15510482784698778613 -0.86770610608315512646
v 0.40028178513063789046 0.2947212343192091577 -0.86770610608315512646
v 0.34021783794266285961 0.28547666233761997967 -0.89596590225643768512
v -0.45537696852046022356 -0.19929357743571199379 -0.86770610608315512646
v -0.1920434973757881858 -0.45848163385427304073 0.86770610608315523749
v 0.38078351250821318441 0.31951530490403085016 -0.86770610608315512646
v 0.32142682046892284697 0.30647985427601331931 -0.89596590225643768512
v -0.46710012719892796129 -0.17001054272236668097 -0.86770610608315512646
v -0.47694243852524487171 -0.14004293555764027457 -0.86770610608315512646
v -0.13245815654665732408 -0.47910432082195764103 0.86770610608315523749
v 0.48114559116803407024 -0.12484003190311751541 -0.86770610608315512646
v 0.35975195907608592538 0.34302280012693991962 -0.86770610608315512646
v 0.30134153063474788947 0.3262489600113919197 -0.89596590225643768512
v -0.10180480147266647573 -0.48654074429909671684 0.86770610608315523749
v 0.33727181147697155028 0.36514906360149762543 -0.86770610608315512646
v 0.28004284481332236689 0.34470437633234213282 -0.89596590225643768512
v -0.484864270985482404 -0.10951142491870451134 -0.86770610608315512646
v 0.31343358933102360986 0.38580500067401873876 -0.86770610608315512646
v 0.25761652529521061883 0.36177178979106378032 -0.89596590225643768512
v -0.070741514394515522812 -0.49201803992046738712 0.86770610608315523749
v -0.039393376205674561497 -0.49551415254977959624 0.86770610608315523749
v 0.48809473358223270933 -0.094072549212284306552 -0.86770610608315512646
v 0.28833328074527198037 0.40490743717629656961 -0.86770610608315512646
v 0.23415287495388240058 0.37738247593739565611 -0.89596590225643768512
v -0.49083372615628445557 -0.07853895042299639806 -0.86770610608315512646
v -0.0078866147944995721591 -0.49701500457540642719 0.86770610608315523749
v 0.26207195580339387453 0.42237945433862228439 -0.86770610608315512646
v 0.2097463736279130686 0.3914735760479210458 -0.89596590225643768512
v 0.023651903230920881538 -0.49651455259595689284 0.86770610608315523749
v -0.49482676714856038691 -0.047250227293767786685 -0.86770610608315512646
v 0.055095183389822284525 -0.4940148117549209017 0.86770610608315523749
v 0.2347553595921592906 0.43815069851452292937 -0.86770610608315512646
v 0.18449529768401973229 0.40398835023586071591 -0.89596590225643768512
v -0.49682731539555313738 -0.01577124417590070049 -0.86770610608315512646
v 0.086316614690714540958 -0.48952584762639733684 0.86770610608315523749
v 0.20649348640328846205 0.45215766447006433548 -0.86770610608315512646
v 0.15850132429281854618 0.41487640592257141181 -0.89596590225643768512
v 0.49307849077429038998 -0.06292626956809374561 -0.86770610608315512646
v 0.11719047944915900183 -0.48306573568457983336 0.86770610608315523749
v 0.17740013682526090122 0.46434395109701498416 -0.86770610608315512646
v 0.131869122010744938 0.42409390075067432413 -0.89596590225643768512
v 0.14759245950851077045 -0.4746604885202018731 0.86770610608315523749
v -0.49682731539555313738 0.015771244175900599876 -0.86770610608315512646
v 0.14759245950851088147 0.47466048852020215065 -0.86770610608315512646
v 0.104705929316718932 0.43160371912175382603 -0.89596590225643768512
v 0.17740013682526067917 -0.46434395109701476212 0.86770610608315523749
v -0.49482676714856038691 0.04725022729376768954 -0.86770610608315512646
v 0.11719047944915897408 0.48306573568458011092 -0.86770610608315512646
v 0.077121122800639832495 0.43737562164777327167 -0.89596590225643768512
v -0.49083372615628445557 0.078538950422996300915 -0.86770610608315512646
v 0.086316614690714804636 0.48952584762639755889 -0.86770610608315512646
v 0.049225776742462284963 0.44138636691441746063 -0.89596590225643768512
v 0.20649348640328851756 -0.45215766447006400242 0.86770610608315523749
v 0.23475535959215923509 -0.43815069851452259631 0.86770610608315523749
v -0.484864270985482404 0.10951142491870463624 -0.86770610608315512646
v 0.055095183389822430242 0.49401481175492112374 -0.86770610608315512646
v 0.021132215855273913524 0.44361980506606513153 -0.89596590225643768512
v 0.023651903230920794802 0.4965145525959571704 -0.86770610608315512646
v -0.0070464370066796455649 0.44406694283555764313 -0.89596590225643768512
v 0.262071955803393708 -0.42237945433862206235 0.86770610608315523749
v -0.47694243852524487171 0.1400429355576401913 -0.86770610608315512646
v -0.0078866147944997837954 0.49701500457540670475 -0.86770610608315512646
v -0.035196716353803336741 0.44272597975691174721 -0.89596590225643768512
v 0.28833328074527170282 -0.40490743717629640308 0.86770610608315523749
v -0.46710012719892790578 0.17001054272236679199 -0.86770610608315512646
v -0.45537696852046022356 0.19929357743571191053 -0.86770610608315512646
v -0.039393376205674464352 0.4955141525497799293 -0.86770610608315512646
v -0.063205270946631988971 0.43960231541516059384 -0.89596590225643768512
v 0.31343358933102360986 -0.38580500067401840569 0.86770610608315523749
v -0.070741514394515564446 0.49201803992046760916 -0.86770610608315512646
v -0.090959320221265071993 0.4347085277041305984 -0.89596590225643768512
v 0.33727181147697138375 -0.36514906360149734788 0.86770610608315523749
v -0.10180480147266662838 0.4865407442990969944 -0.86770610608315512646
v -0.11834710841689241589 0.42806432217970213916 -0.89596590225643768512
v 0.35975195907608570334 -0.34302280012693969757 0.86770610608315523749
v -0.13245815654665757388 0.47910432082195780756 -0.86770610608315512646
v -0.14525835457679941998 0.4196964527124911748 -0.89596590225643768512
v 0.38078351250821285134 -0.31951530490403079465 0.86770610608315523749
v -0.16257814937451614545 0.46973871334175326675 -0.86770610608315512646
v -0.17158469661085676283 0.40963861375945476162 -0.89596590225643768512
v -0.19204349737578829682 0.45848163385427331828 -0.86770610608315512646
v -0.19722012763141164027 0.39793130468820520074 -0.89596590225643768512
v -0.44182016751222408235 0.22777412725214993272 -0.86770610608315512646
v 0.40028178513063777944 -0.29472123431920888015 0.86770610608315523749
v -0.42648431262709135536 0.25533751104960228373 -0.86770610608315512646
v 0.41816826428130304816 -0.2687404253438070989 0.86770610608315523749
v -0.22073555399368383068 0.44537841064549799075 -0.86770610608315512646
v -0.22206142280561008695 0.38462166670035063953 -0.89596590225643768512
v 0.43437092742159083558 -0.24167749352580430999 0.86770610608315523749
v -0.4094311559399898548 0.28187274080984148217 -0.86770610608315512646
v -0.39072936449409334525 0.30727296852806679217 -0.86770610608315512646
v 0.44882453214566397914 -0.21364141173993850265 0.86770610608315523749
v 0.46147087888860860438 -0.18474507139240059495 0.86770610608315523749
v -0.24853878644288529554 0.43048180577058797747 -0.86770610608315512646
v -0.24600855500536558673 0.36976329301051441556 -0.89596590225643768512
v -0.2753412409192970145 0.41385180259971082739 -0.86770610608315512646
v -0.2689650975813012157 0.35341601304537489936 -0.89596590225643768512
v 0.47225904527553985712 -0.15510482784698767511 0.86770610608315523749
v 0.48114559116803379268 -0.12484003190311744602 0.86770610608315523749
v -0.3704542438028735063 0.33143591645210923602 -0.86770610608315512646
v 0.48809473358223243178 -0.094072549212284264919 0.86770610608315523749
v 0.49307849077429011242 -0.062926269568093703977 0.86770610608315523749
v 0.49607679491298056762 -0.031526608045787177237 0.86770610608315523749
v -0.30103499339850214866 0.3955553642861794339 -0.86770610608315512646
v -0.16257814937451614545 -0.46973871334175298919 0.86770610608315523749
v -0.21181040013720647819 -0.50567282750640552003 0.83632012167315072926
v -0.17931220449083670743 -0.51808859030598497508 0.83632012167315072926
v -0.32551658420771634184 0.37566616412946851611 0.86770610608315523749
v -0.35902177837043303121 0.41433321945064710556 0.83632012167315072926
v -0.039393376205674443535 0.49551415254977965175 0.86770610608315523749
v 0.48809473358223237627 0.094072549212284500841 0.86770610608315523749
v 0.54383071469265686915 0.069403226448635002566 0.83632012167315072926
v 0.53833398286126965537 0.10375537085533796666 0.83632012167315072926
v 0.1774001368252607902 0.46434395109701470661 0.86770610608315523749
v 0.19565980873503371895 0.51213854895953347945 0.83632012167315072926
v -0.14609198188410713048 -0.52841819320854210851 0.83632012167315072926
v 0.16278404805636190189 0.52351696035848782618 0.83632012167315072926
v 0.25891856443475663729 0.48324924322305073954 0.83632012167315072926
v -0.24345571005938460019 -0.49122089870453117255 0.83632012167315072926
v 0.095201123422335470758 0.53991240047227262444 0.83632012167315072926
v 0.060766092051509949801 0.54486341053643327914 0.83632012167315072926
v -0.078022888954652827587 -0.54266111237472725026 0.83632012167315072926
v -0.27412070976332941763 -0.47479099671692903684 0.83632012167315072926
v 0.026086377075006425552 0.54762044795250930385 0.83632012167315072926
v -0.0086983785349537927345 0.54817241110390546588 0.83632012167315072926
v 0.54824141952665927935 0 0.83632012167315072926
v -0.30368192211825417726 -0.45644927896007136958 0.83632012167315072926
v 0.28904683877338854803 0.46585467592342266752 0.83632012167315072926
v -0.043448108844592388256 -0.54651707742982269522 0.83632012167315072926
v 0.54824141952665927935 0 -0.83632012167315072926
v 0.49607679491298084518 0.031526608045787184176 -0.86770610608315512646
v 0.54713763217763877744 0.034771619744459712764 -0.83632012167315072926
v 0.54713763217763877744 -0.034771619744459719703 -0.83632012167315072926
v 0.49607679491298084518 -0.031526608045787191115 -0.86770610608315512646
v -0.33202031455545033545 -0.43626960105777046195 0.83632012167315072926
v 0.54383071469265686915 0.069403226448635002566 -0.83632012167315072926
v 0.53066957008252479966 0.13768972900341810983 0.83632012167315072926
v -0.0086983785349535620163 -0.54817241110390546588 0.83632012167315072926
v 0.54713763217763877744 -0.034771619744459719703 0.83632012167315072926
v -0.35902177837043314224 -0.41433321945064705005 0.83632012167315072926
v 0.53066957008252479966 0.13768972900341810983 -0.83632012167315072926
v 0.47225904527554013468 0.15510482784698778613 -0.86770610608315512646
v 0.52086833824157574568 0.17106965920953329241 -0.83632012167315072926
v 0.50896975343976214035 0.20376075227598205997 -0.83632012167315072926
v -0.11228349842858548202 0.53662004254895689925 0.83632012167315072926
v 0.49502172707854963374 0.23563137270910319843 -0.83632012167315072926
v -0.38457758819841747489 -0.39072846420512397092 0.83632012167315072926
v 0.47908042293722585825 0.26655318876894951163 -0.83632012167315072926
v 0.026086377075006536574 -0.54762044795250930385 0.83632012167315072926
v 0.46121003102118385275 0.29640168921591025786 -0.83632012167315072926
v 0.44148250909142605636 0.32505668467352782924 -0.83632012167315072926
v 0.060766092051509817962 -0.54486341053643327914 0.83632012167315072926
v 0.41997729291605773172 0.35240279158869647347 -0.83632012167315072926
v -0.43094686448510938215 -0.33890036009874524581 0.83632012167315072926
v 0.39678097641048498678 0.37832989684050688517 -0.83632012167315072926
v 0.37198696295428040903 0.40273360112692019319 -0.83632012167315072926
v 0.34569508928873965425 0.42551563934391034572 -0.83632012167315072926
v 0.095201123422335220958 -0.53991240047227262444 0.83632012167315072926
v 0.31801122350956073648 0.44658427626435598379 -0.83632012167315072926
v -0.45157361823395747447 -0.31088570472071952455 0.83632012167315072926
v 0.28904683877338854803 0.46585467592342266752 -0.83632012167315072926
v 0.25891856443475663729 0.48324924322305073954 -0.83632012167315072926
v 0.1292528134697826514 -0.53278735373012753307 0.83632012167315072926
v -0.47038204440227204817 -0.28161922233495595425 0.83632012167315072926
v 0.2277477164208398519 0.49869793638002868352 -0.83632012167315072926
v 0.19565980873503371895 0.51213854895953347945 -0.83632012167315072926
v -0.14609198188410735253 0.52841819320854199749 0.83632012167315072926
v 0.16278404805636190189 0.52351696035848782618 -0.83632012167315072926
v 0.12925281346978254038 0.53278735373012753307 -0.83632012167315072926
v -0.48729640809619034769 -0.25121875873659899048 0.83632012167315072926
v 0.16278404805636187413 -0.52351696035848782618 0.83632012167315072926
v 0.095201123422335470758 0.53991240047227262444 -0.83632012167315072926
v 0.060766092051509949801 0.54486341053643327914 -0.83632012167315072926
v -0.50224860114293590208 -0.21980672586290547765 0.83632012167315072926
v -0.0086983785349537927345 0.54817241110390546588 -0.83632012167315072926
v -0.043448108844592256417 0.54651707742982280624 -0.83632012167315072926
v 0.19565980873503360793 -0.51213854895953347945 0.83632012167315072926
v -0.51517841633839311921 -0.18750960888357603995 0.83632012167315072926
v -0.078022888954652827587 0.54266111237472725026 -0.83632012167315072926
v -0.11228349842858548202 0.53662004254895689925 -0.83632012167315072926
v -0.52603378988026749941 -0.15445745688962073117 0.83632012167315072926
v 0.22774771642084004619 -0.49869793638002862801 0.83632012167315072926
v -0.14609198188410735253 0.52841819320854199749 -0.83632012167315072926
v -0.53477101101064228317 -0.12078335923156760523 0.83632012167315072926
v -0.17931220449083656865 0.5180885903059850861 -0.83632012167315072926
v 0.34569508928873965425 0.42551563934391034572 0.83632012167315072926
v -0.21181040013720647819 0.50567282750640552003 -0.83632012167315072926
v -0.24345571005938468345 0.49122089870453111704 -0.83632012167315072926
v 0.2589185644347566928 -0.48324924322305068403 0.83632012167315072926
v -0.54135489802377334545 -0.086622909615623230883 0.83632012167315072926
v -0.2741207097633297507 0.47479099671692892581 -0.83632012167315072926
v 0.28904683877338854803 -0.46585467592342266752 0.83632012167315072926
v -0.54575893993040058838 -0.052113660115672678919 0.83632012167315072926
v 0.50896975343976214035 0.20376075227598205997 0.83632012167315072926
v -0.54796540320814512981 -0.017394567299628165696 0.83632012167315072926
v 0.31801122350956056994 -0.4465842762643560393 0.83632012167315072926
v 0.34569508928873982079 -0.42551563934391017918 0.83632012167315072926
v -0.54796540320814512981 0.017394567299628054674 0.83632012167315072926
v 0.37198696295428040903 0.40273360112692019319 0.83632012167315072926
v 0.37198696295428046454 -0.40273360112692013768 0.83632012167315072926
v -0.21181040013720647819 0.50567282750640552003 0.83632012167315072926
v -0.54796540320814512981 0.017394567299628054674 -0.83632012167315072926
v -0.54796540320814512981 -0.017394567299628165696 -0.83632012167315072926
v -0.54135489802377334545 0.086622909615623133739 0.83632012167315072926
v 0.39678097641048493127 -0.37832989684050688517 0.83632012167315072926
v -0.53477101101064228317 0.12078335923156774401 0.83632012167315072926
v 0.41997729291605756519 -0.35240279158869664 0.83632012167315072926
v -0.52603378988026749941 0.15445745688962062014 0.83632012167315072926
v 0.49502172707854963374 0.23563137270910319843 0.83632012167315072926
v 0.44148250909142622289 -0.32505668467352771822 0.83632012167315072926
v -0.51517841633839311921 0.18750960888357617873 0.83632012167315072926
v 0.39678097641048498678 0.37832989684050688517 0.83632012167315072926
v 0.46121003102118385275 -0.29640168921591025786 0.83632012167315072926
v -0.24345571005938468345 0.49122089870453111704 0.83632012167315072926
v -0.50224860114293590208 0.21980672586290536663 0.83632012167315072926
v 0.47908042293722585825 -0.26655318876894956714 0.83632012167315072926
v -0.11228349842858538488 -0.53662004254895689925 -0.83632012167315072926
v -0.48729640809619023667 0.2512187587365991015 0.83632012167315072926
v -0.0086983785349535620163 -0.54817241110390546588 -0.83632012167315072926
v -0.2741207097633297507 0.47479099671692892581 0.83632012167315072926
v -0.47038204440227215919 0.28161922233495589873 0.83632012167315072926
v 0.47908042293722585825 0.26655318876894951163 0.83632012167315072926
v 0.11719047944915907122 -0.48306573568458011092 -0.86770610608315512646
v 0.14759245950851085372 -0.47466048852020215065 -0.86770610608315512646
v 0.1774001368252607902 -0.46434395109701503968 -0.86770610608315512646
v 0.20649348640328865634 -0.45215766447006427997 -0.86770610608315512646
v 0.23475535959215937387 -0.43815069851452287386 -0.86770610608315512646
v 0.26207195580339387453 -0.42237945433862228439 -0.86770610608315512646
v 0.44148250909142605636 0.32505668467352782924 0.83632012167315072926
v 0.28833328074527186935 -0.40490743717629662513 -0.86770610608315512646
v 0.52086833824157574568 -0.17106965920953329241 0.83632012167315072926
v -0.43094686448510943766 0.3389003600987451903 0.83632012167315072926
v 0.31343358933102377639 -0.38580500067401862774 -0.86770610608315512646
v 0.33727181147697160579 -0.36514906360149756992 -0.86770610608315512646
v 0.35975195907608586987 -0.34302280012693991962 -0.86770610608315512646
v 0.38078351250821307339 -0.3195153049040310167 -0.86770610608315512646
v 0.40028178513063800148 -0.29472123431920904668 -0.86770610608315512646
v 0.53066957008252479966 -0.1376897290034181931 0.83632012167315072926
v -0.40858483981299026366 0.36555038333942352358 0.83632012167315072926
v 0.46121003102118385275 -0.29640168921591025786 -0.83632012167315072926
v 0.47908042293722585825 -0.26655318876894956714 -0.83632012167315072926
v 0.49502172707854957823 -0.2356313727091033372 -0.83632012167315072926
v 0.50896975343976225137 -0.20376075227598186568 -0.83632012167315072926
v 0.53833398286126965537 -0.10375537085533770298 0.83632012167315072926
v 0.52086833824157574568 -0.17106965920953329241 -0.83632012167315072926
v 0.46121003102118385275 0.29640168921591025786 0.83632012167315072926
v 0.53066957008252479966 -0.1376897290034181931 -0.83632012167315072926
v 0.53833398286126965537 -0.10375537085533770298 -0.83632012167315072926
v -0.33202031455545044647 0.43626960105777040644 0.83632012167315072926
v 0.54383071469265686915 -0.069403226448634891543 -0.83632012167315072926
v 0.54383071469265686915 -0.069403226448634891543 0.83632012167315072926
v 0.24961346290736272091 -0.11881652803130748897 0.96102848646748251227
v 0.090682215218780490296 0.19856635362442373594 0.97588326097505895262
v 0.1875734920311426801 -0.20307740712659960725 0.96102848646748251227
v -0.27631017865708823456 0.0087711668840474172476 0.96102848646748251227
v -0.0043861355351061271507 -0.27641456186874030498 -0.96102848646748240125
v 0.20007581106004665439 0.19077190051651871094 -0.96102848646748240125
v 0.048004927440992155308 0.27224947224816598013 0.96102848646748251227
v -0.1939222831961397997 0.19702384697801428315 0.96102848646748251227
v 0.12662239896620497426 0.17781627886312362241 0.97588326097505895262
v 0.16035636094621949499 0.2251889999580480306 -0.96102848646748240125
v 0.26758879823236814133 -0.069429700118730092173 0.96102848646748251227
v -0.2129295550152637273 -0.048092260808644739234 0.97588326097505895262
v 0.04800492744099207898 -0.27224947224816631319 -0.96102848646748240125
v -0.23718896478672116257 -0.14200578573221364631 0.96102848646748251227
v -0.056618672145001165685 -0.27058930903226174891 -0.96102848646748240125
v 0.22261644667135149778 -0.16390901704738913836 -0.96102848646748240125
v 0.14575114267096195286 -0.23490605059923150288 0.96102848646748251227
v 0.27589277719344235118 -0.017533501946542576905 0.96102848646748251227
v -0.24571799020835413674 0.12667642829661387993 -0.96102848646748240125
v 0.24961346290736297071 -0.11881652803130759999 -0.96102848646748240125
v -0.153130846699730927 0.23016340279688979331 0.96102848646748251227
v -0.2173038743330332756 0.17088965561985680619 -0.96102848646748240125
v 0.23256400006972235972 0.14945980753898358007 0.96102848646748251227
v 0.11484121414337274125 0.25146718221687691663 -0.96102848646748240125
v 0.23256400006972258176 0.14945980753898371884 -0.96102848646748240125
v 0.21653685352969864741 0.027634254325796556856 -0.97588326097505895262
v -0.10680486242506447014 -0.25498425355378911972 -0.96102848646748240125
v -0.10680486242506435912 0.25498425355378889767 0.96102848646748251227
v 0.18757349203114287439 -0.20307740712659980153 -0.96102848646748240125
v -0.26965693952188157789 0.060904705612227730271 0.96102848646748251227
v 0.25664672017728656916 0.10274584770325954908 0.96102848646748251227
v -0.0043861355351062390404 0.27641456186874002743 0.96102848646748251227
v 0.27589277719344262874 -0.017533501946542594252 -0.96102848646748240125
v 0.065175406645519559645 0.26865668531903524885 -0.96102848646748240125
v 0.048004927440992030407 -0.27224947224816603564 0.96102848646748251227
v -0.15313084669973114904 -0.2301634027968899876 -0.96102848646748240125
v 0.27145355913113672353 0.052318385229844679984 -0.96102848646748240125
v 0.098660967263754603684 -0.25824457736146239073 -0.96102848646748240125
v 0.013153990138631549769 0.27613623583559759878 -0.96102848646748240125
v -0.19392228319613996623 -0.19702384697801453295 -0.96102848646748240125
v -0.021908599789103418848 -0.2755798640200345373 0.96102848646748251227
v -0.18103583025959443797 0.20892648554034334851 -0.96102848646748240125
v -0.25325759600805114458 0.11083698959391934113 0.96102848646748251227
v -0.2729768480164794231 0.043679384668374773848 -0.96102848646748240125
v -0.199980120362724334 -0.087520354251997972694 0.97588326097505895262
v -0.13822467959631856704 -0.2394121679207531217 0.96102848646748251227
v -0.03934284584425356418 0.27363550332311648017 -0.96102848646748240125
v -0.22770486311825968717 -0.15676333598872727038 -0.96102848646748240125
v -0.073666515036228313873 -0.26645354709674440308 0.96102848646748251227
v -0.056618672145001165685 0.27058930903226147135 0.96102848646748251227
v -0.27631017865708851211 -0.0087711668840474814324 -0.96102848646748240125
v -0.25325759600805136662 -0.11083698959391949379 -0.96102848646748240125
v -0.090417728871542327185 0.26124487077018804237 -0.96102848646748240125
v -0.090417728871542299429 -0.26124487077018770931 0.96102848646748251227
v -0.41908217824893251313 -0.4257849154705818373 0.80192102705431000942
v 0.50896975343976225137 -0.20376075227598186568 0.83632012167315072926
v 0.5676010367472567042 -0.186418157515838262 0.80192102705431000942
v -0.59712927073390265065 0.018955220941956535396 -0.8019210270543098984
v -0.54575893993040058838 0.052113660115672574835 0.83632012167315072926
v -0.5899256660595626478 0.094394782124553155978 0.80192102705431000942
v -0.59472484191371222106 0.056789336841263304834 0.80192102705431000942
v -0.5971292707339024286 0.018955220941956528458 0.80192102705431000942
v -0.30368192211825406623 0.45644927896007142509 -0.83632012167315072926
v -0.33202031455545044647 0.43626960105777040644 -0.83632012167315072926
v 0.52086833824157574568 0.17106965920953329241 0.83632012167315072926
v 0.5676010367472567042 0.186418157515838262 0.80192102705431000942
v 0.55463490198058129632 0.22204232000488444143 0.80192102705431000942
v -0.35902177837043303121 0.41433321945064710556 -0.83632012167315072926
v -0.3845775881984175304 0.39072846420512391541 -0.83632012167315072926
v 0.028426866418373730044 -0.59675336583365190535 0.80192102705431000942
v -0.0094788035900348326795 -0.59735485153354372923 0.80192102705431000942
v 0.57828164247019986366 -0.15004335490160308764 0.80192102705431000942
v -0.30368192211825406623 0.45644927896007142509 0.83632012167315072926
v -0.33092849225129206125 0.49740225108502178486 0.80192102705431000942
v -0.36180942654152953297 0.47541203732536058135 0.80192102705431000942
v 0.066218071468800862589 -0.59374896494993001372 0.80192102705431000942
v -0.40858483981299026366 0.36555038333942352358 -0.83632012167315072926
v -0.43094686448510943766 0.3389003600987451903 -0.83632012167315072926
v -0.29871502572190805624 0.51738960153458857238 0.80192102705431000942
v -0.45157361823395741895 0.31088570472071963557 -0.83632012167315072926
v -0.47038204440227215919 0.28161922233495589873 -0.83632012167315072926
v -0.11228349842858538488 -0.53662004254895689925 0.83632012167315072926
v -0.15919946422126721175 -0.57582827037218475841 0.80192102705431000942
v -0.12235765823822331022 -0.58476599579542809515 0.80192102705431000942
v -0.047346305801871518826 -0.59555100007898242875 0.80192102705431000942
v 0.58663371211981807374 -0.11306438065404576798 0.80192102705431000942
v -0.48729640809619023667 0.2512187587365991015 -0.83632012167315072926
v -0.50224860114293590208 0.21980672586290536663 -0.83632012167315072926
v -0.45157361823395741895 0.31088570472071963557 0.83632012167315072926
v -0.46961174082975420951 0.36930675493823322819 0.80192102705431000942
v -0.4920891424166913275 0.33877860363925843545 0.80192102705431000942
v -0.078022888954652827587 0.54266111237472725026 0.83632012167315072926
v -0.12235765823822343512 0.58476599579542809515 0.80192102705431000942
v 0.41997729291605773172 0.35240279158869647347 0.83632012167315072926
v 0.45765797106082034551 0.38402063472247660592 0.80192102705431000942
v 0.43238046361675269713 0.41227393933005579418 0.80192102705431000942
v -0.40858483981299031917 -0.36555038333942346807 0.83632012167315072926
v -0.469611740829754154 -0.3693067549382332837 0.80192102705431000942
v -0.44524337850903333846 -0.39834783827958974989 0.80192102705431000942
v -0.51258507470691305752 0.30688631047322528778 0.80192102705431000942
v 0.49502172707854957823 -0.2356313727091033372 0.83632012167315072926
v 0.52206387829694811398 -0.29046854106031844145 0.80192102705431000942
v 0.53943544821856259652 -0.25677239643972432637 0.80192102705431000942
v -0.5971292707339024286 -0.018955220941956649888 0.80192102705431000942
v 0.59262361485944281547 -0.075630136050963761574 0.80192102705431000942
v -0.51517841633839311921 0.18750960888357617873 -0.83632012167315072926
v -0.52603378988026749941 0.15445745688962062014 -0.83632012167315072926
v -0.36180942654152942195 -0.47541203732536063686 0.80192102705431000942
v 0.48109265138295520536 0.35422101455656013202 0.80192102705431000942
v -0.53477101101064228317 0.12078335923156774401 -0.83632012167315072926
v -0.54135489802377334545 0.086622909615623133739 -0.83632012167315072926
v 0.50259014139662450127 0.32299507138512434379 0.80192102705431000942
v 0.59622723146484080115 -0.037891355583189789691 0.80192102705431000942
v -0.54575893993040058838 0.052113660115672574835 -0.83632012167315072926
v -0.58275106775877905108 0.13162013293627755628 0.80192102705431000942
v -0.59472484191371244311 0.05678933684126332565 -0.8019210270543098984
v 0.54713763217763877744 0.034771619744459712764 0.83632012167315072926
v 0.59622723146484080115 0.037891355583189775813 0.80192102705431000942
v 0.59262361485944281547 0.075630136050963900352 0.80192102705431000942
v 0.10374263971667885276 -0.58835374654435224073 0.80192102705431000942
v 0.31801122350956073648 0.44658427626435598379 0.83632012167315072926
v 0.37671111233434162457 0.46369322208976010424 0.80192102705431000942
v 0.34654342932546178258 0.48665215293832736476 0.80192102705431000942
v 0.12925281346978254038 0.53278735373012753307 0.83632012167315072926
v 0.14084947296973640563 0.58058943525722883638 0.80192102705431000942
v 0.10374263971667911644 0.58835374654435212971 0.80192102705431000942
v 0.50259014139662450127 -0.32299507138512434379 0.80192102705431000942
v 0.026086377075006425552 0.54762044795250930385 -0.83632012167315072926
v -0.59712927073390265065 -0.018955220941956656827 -0.8019210270543098984
v -0.54575893993040058838 -0.052113660115672678919 -0.83632012167315072926
v 0.17738915510708841428 0.5704872952297481703 0.80192102705431000942
v -0.59472484191371244311 -0.056789336841263443612 -0.8019210270543098984
v -0.54135489802377334545 -0.086622909615623230883 -0.83632012167315072926
v -0.58992566605956286985 -0.094394782124553294755 -0.8019210270543098984
v -0.53477101101064228317 -0.12078335923156760523 -0.83632012167315072926
v 0.14084947296973651665 -0.58058943525722883638 0.80192102705431000942
v -0.59472484191371222106 -0.056789336841263422795 0.80192102705431000942
v -0.58275106775877927312 -0.13162013293627747301 -0.8019210270543098984
v -0.52603378988026749941 -0.15445745688962073117 -0.83632012167315072926
v 0.59743005144381589044 0 0.80192102705431000942
v -0.57322993658648924153 -0.16831549592717326425 -0.8019210270543098984
v -0.51517841633839311921 -0.18750960888357603995 -0.83632012167315072926
v 0.2277477164208398519 0.49869793638002868352 0.83632012167315072926
v 0.28214893249687006405 0.52660672826981347328 0.80192102705431000942
v 0.24818141258825046624 0.54344148977959083613 0.80192102705431000942
v -0.56140061077749969787 -0.20433311182187557931 -0.8019210270543098984
v -0.50224860114293590208 -0.21980672586290547765 -0.83632012167315072926
v -0.54731072285175630387 -0.23952795039336999272 -0.8019210270543098984
v -0.48729640809619034769 -0.25121875873659899048 -0.83632012167315072926
v -0.53101700781499827642 -0.27375829444852767258 -0.8019210270543098984
v -0.47038204440227204817 -0.28161922233495595425 -0.83632012167315072926
v -0.51258507470691316854 -0.30688631047322545431 -0.8019210270543098984
v -0.45157361823395747447 -0.31088570472071952455 -0.83632012167315072926
v -0.49208914241669160505 -0.33877860363925843545 -0.8019210270543098984
v -0.43094686448510938215 -0.33890036009874524581 -0.83632012167315072926
v 0.4810926513829553719 -0.354221014556560021 0.80192102705431000942
v -0.19540023015035143383 -0.56457188773915245594 0.80192102705431000942
v -0.3845775881984175304 0.39072846420512391541 0.83632012167315072926
v -0.41908217824893256864 0.42578491547058172628 0.80192102705431000942
v -0.44524337850903322744 0.3983478382795898054 0.80192102705431000942
v -0.46961174082975432054 -0.36930675493823345024 -0.8019210270543098984
v -0.40858483981299031917 -0.36555038333942346807 -0.83632012167315072926
v -0.445243378509033505 -0.39834783827958991642 -0.8019210270543098984
v -0.38457758819841747489 -0.39072846420512397092 -0.83632012167315072926
v -0.17931220449083656865 0.5180885903059850861 0.83632012167315072926
v -0.19540023015035132281 0.56457188773915245594 0.80192102705431000942
v -0.15919946422126743379 0.57582827037218475841 0.80192102705431000942
v -0.5899256660595626478 -0.094394782124553267 0.80192102705431000942
v -0.41908217824893262415 -0.42578491547058200384 -0.8019210270543098984
v -0.35902177837043314224 -0.41433321945064705005 -0.83632012167315072926
v -0.39123348196946672317 0.45150750708510650755 0.80192102705431000942
v -0.39123348196946694522 -0.45150750708510656306 -0.8019210270543098984
v -0.33202031455545033545 -0.43626960105777046195 -0.83632012167315072926
v -0.49208914241669143852 -0.33877860363925826892 0.80192102705431000942
v -0.30368192211825417726 -0.45644927896007136958 -0.83632012167315072926
v -0.27412070976332941763 -0.47479099671692903684 -0.83632012167315072926
v -0.33092849225129217228 -0.49740225108502172935 0.80192102705431000942
v -0.24345571005938460019 -0.49122089870453117255 -0.83632012167315072926
v -0.23081418831791339352 0.55104217337632455109 0.80192102705431000942
v -0.26529873921354868438 -0.5352936066682117966 -0.8019210270543098984
v -0.21181040013720647819 -0.50567282750640552003 -0.83632012167315072926
v 0.17738915510708838652 -0.5704872952297481703 0.80192102705431000942
v 0.52206387829694811398 0.29046854106031838594 0.80192102705431000942
v -0.23081418831791347679 -0.55104217337632477314 -0.8019210270543098984
v -0.17931220449083670743 -0.51808859030598497508 -0.83632012167315072926
v 0.45765797106082017898 -0.38402063472247677245 0.80192102705431000942
v -0.1954002301503515171 -0.56457188773915267799 -0.8019210270543098984
v -0.14609198188410713048 -0.52841819320854210851 -0.83632012167315072926
v -0.15919946422126726726 -0.57582827037218498045 -0.8019210270543098984
v -0.53101700781499805437 0.27375829444852767258 0.80192102705431000942
v 0.58663371211981796272 0.11306438065404604554 0.80192102705431000942
v -0.58275106775877905108 -0.1316201329362774175 0.80192102705431000942
v 0.21321455372522096772 -0.55808800421431326022 0.80192102705431000942
v 0.31498033823703242007 0.50765150732785713217 -0.8019210270543098984
v -0.51258507470691305752 -0.30688631047322534329 0.80192102705431000942
v -0.54731072285175619285 0.23952795039336982619 0.80192102705431000942
v -0.078022888954652827587 -0.54266111237472725026 -0.83632012167315072926
v -0.0094788035900350824797 0.59735485153354372923 0.80192102705431000942
v -0.04734630580187136617 0.59555100007898253978 0.80192102705431000942
v -0.085023161150827170074 -0.59134907494311783616 -0.8019210270543098984
v -0.043448108844592388256 -0.54651707742982269522 -0.83632012167315072926
v -0.047346305801871532704 -0.5955510000789826508 -0.8019210270543098984
v 0.3465434293254618936 0.48665215293832758681 -0.8019210270543098984
v 0.026086377075006536574 -0.54762044795250930385 -0.83632012167315072926
v 0.31498033823703230905 0.50765150732785691012 0.80192102705431000942
v 0.3767111123343417356 0.46369322208976027078 -0.8019210270543098984
v 0.40536191265169085884 0.43886716229347089158 -0.8019210270543098984
v 0.028426866418373740453 -0.59675336583365212739 -0.8019210270543098984
v 0.060766092051509817962 -0.54486341053643327914 -0.83632012167315072926
v -0.29871502572190772318 -0.51738960153458868341 0.80192102705431000942
v 0.43238046361675264162 -0.41227393933005579418 0.80192102705431000942
v 0.066218071468800890345 -0.59374896494993023577 -0.8019210270543098984
v 0.095201123422335220958 -0.53991240047227262444 -0.83632012167315072926
v 0.40536191265169074782 0.43886716229347072504 0.80192102705431000942
v 0.10374263971667889439 -0.58835374654435246278 -0.8019210270543098984
v 0.1292528134697826514 -0.53278735373012753307 -0.83632012167315072926
v 0.066218071468801015245 0.59374896494993001372 0.80192102705431000942
v 0.14084947296973657216 -0.58058943525722905843 -0.8019210270543098984
v 0.16278404805636187413 -0.52351696035848782618 -0.83632012167315072926
v 0.43238046361675286366 0.41227393933005596072 -0.8019210270543098984
v -0.57322993658648901949 -0.16831549592717320873 0.80192102705431000942
v 0.17738915510708844203 -0.57048729522974839234 -0.8019210270543098984
v 0.19565980873503360793 -0.51213854895953347945 -0.83632012167315072926
v 0.45765797106082051204 0.38402063472247671694 -0.8019210270543098984
v 0.21321455372522105098 -0.55808800421431348227 -0.8019210270543098984
v 0.22774771642084004619 -0.49869793638002862801 -0.83632012167315072926
v 0.24818141258825077156 -0.54344148977959094715 -0.8019210270543098984
v 0.2589185644347566928 -0.48324924322305068403 -0.83632012167315072926
v -0.26529873921354868438 0.53529360666821157455 0.80192102705431000942
v 0.28214893249687023058 -0.5266067282698135843 -0.8019210270543098984
v 0.28904683877338854803 -0.46585467592342266752 -0.83632012167315072926
v 0.48109265138295542741 0.35422101455656029856 -0.8019210270543098984
v 0.31498033823703242007 -0.50765150732785713217 -0.8019210270543098984
v 0.31801122350956056994 -0.4465842762643560393 -0.83632012167315072926
v 0.34654342932546178258 -0.48665215293832764232 -0.8019210270543098984
v 0.34569508928873982079 -0.42551563934391017918 -0.83632012167315072926
v 0.24818141258825068829 -0.54344148977959072511 0.80192102705431000942
v -0.085023161150827128441 -0.59134907494311761411 0.80192102705431000942
v 0.37671111233434195764 -0.46369322208976010424 -0.8019210270543098984
v 0.37198696295428046454 -0.40273360112692013768 -0.83632012167315072926
v 0.40536191265169096987 -0.43886716229347083607 -0.8019210270543098984
v 0.39678097641048493127 -0.37832989684050688517 -0.83632012167315072926
v 0.21321455372522110649 0.55808800421431326022 0.80192102705431000942
v 0.43238046361675280815 -0.41227393933005596072 -0.8019210270543098984
v 0.41997729291605756519 -0.35240279158869664 -0.83632012167315072926
v 0.53943544821856270755 0.25677239643972415983 0.80192102705431000942
v 0.45765797106082034551 -0.38402063472247693898 -0.8019210270543098984
v 0.44148250909142622289 -0.32505668467352771822 -0.83632012167315072926
v 0.48109265138295553843 -0.35422101455656013202 -0.8019210270543098984
v 0.40536191265169080333 -0.43886716229347066953 0.80192102705431000942
v 0.50259014139662461229 -0.32299507138512445481 -0.8019210270543098984
v -0.085023161150827128441 0.59134907494311761411 0.80192102705431000942
v 0.522063878296948225 -0.29046854106031855247 -0.8019210270543098984
v 0.50259014139662461229 0.32299507138512445481 -0.8019210270543098984
v 0.522063878296948225 0.29046854106031849696 -0.8019210270543098984
v 0.53943544821856281857 -0.25677239643972438188 -0.8019210270543098984
v -0.56140061077749947582 -0.20433311182187552379 0.80192102705431000942
v 0.55463490198058151837 -0.22204232000488433041 -0.8019210270543098984
v 0.55463490198058151837 0.2220423200048845247 -0.8019210270543098984
v -0.53101700781499816539 -0.27375829444852756156 0.80192102705431000942
v 0.56760103674725692624 -0.18641815751583831751 -0.8019210270543098984
v 0.5782816424702000857 -0.15004335490160314315 -0.8019210270543098984
v -0.5614006107774993648 0.20433311182187563482 0.80192102705431000942
v -0.26529873921354857336 -0.53529360666821157455 0.80192102705431000942
v 0.58663371211981829578 -0.11306438065404580962 -0.8019210270543098984
v 0.37671111233434179111 -0.46369322208975993771 0.80192102705431000942
v -0.23081418831791339352 -0.55104217337632455109 0.80192102705431000942
v 0.59262361485944303752 -0.075630136050963789329 -0.8019210270543098984
v 0.59622723146484102319 -0.037891355583189803569 -0.8019210270543098984
v 0.56760103674725692624 0.18641815751583831751 -0.8019210270543098984
v 0.59743005144381611249 0 -0.8019210270543098984
v 0.5782816424702000857 0.15004335490160303213 -0.8019210270543098984
v 0.31498033823703230905 -0.50765150732785691012 0.80192102705431000942
v -0.54731072285175619285 -0.23952795039336990945 0.80192102705431000942
v 0.53833398286126965537 0.10375537085533796666 -0.83632012167315072926
v 0.58663371211981818476 0.11306438065404608717 -0.8019210270543098984
v 0.59262361485944303752 0.075630136050963928107 -0.8019210270543098984
v -0.57322993658648901949 0.16831549592717312547 0.80192102705431000942
v 0.34654342932546161604 -0.48665215293832742027 0.80192102705431000942
v 0.59622723146484102319 0.037891355583189789691 -0.8019210270543098984
v 0.57828164247019986366 0.15004335490160297661 0.80192102705431000942
v -0.39123348196946677868 -0.45150750708510639653 0.80192102705431000942
v -0.45207689097269276868 -0.4593073406587929175 0.76463275594589308337
v -0.42203564205996657588 -0.48705509479484981883 0.76463275594589308337
v -0.39029500457151478088 -0.51284164996722869656 0.76463275594589308337
v 0.55463490198058129632 -0.22204232000488424714 0.80192102705431000942
v 0.58190568095752703837 -0.27698831564516424031 0.76463275594589308337
v 0.59830180123619725041 -0.23952390939551365667 0.76463275594589308337
v -0.42203564205996674241 -0.48705509479484998536 -0.76463275594589286133
v -0.36180942654152953297 -0.4754120373253608034 -0.8019210270543098984
v -0.48029778580319371084 -0.42971011797156671852 0.76463275594589308337
v 0.61228877132818182449 -0.20109502490119918194 0.76463275594589308337
v -0.50658469096837577261 -0.39838260430277777635 0.76463275594589308337
v -0.3309284922512922833 -0.49740225108502189588 -0.8019210270543098984
v 0.56316643188162518463 -0.31333738770901126136 0.76463275594589308337
v -0.2987150257219078342 -0.51738960153458890545 -0.8019210270543098984
v -0.53083175837893825655 -0.3654509444931191009 0.76463275594589308337
v -0.35698278685184364756 -0.53656317281945431485 0.76463275594589308337
v -0.55294135365227015111 -0.33104774271362047422 0.76463275594589308337
v -0.57282444925164965888 -0.2953115285154518932 0.76463275594589308337
v -0.59040098296871268424 -0.25838619902031562114 0.76463275594589308337
v 0.62381027064153415918 -0.16185640171684356758 0.76463275594589308337
v -0.60560018030570883507 -0.2204204394975231851 0.76463275594589308337
v -0.32223312544436971683 -0.55812414515136454796 0.76463275594589308337
v -0.12235765823822335185 -0.58476599579542831719 -0.8019210270543098984
v -0.61836083945942388329 -0.18156712466089511282 0.76463275594589308337
v -0.62863157775924094484 -0.14198270309624261287 0.76463275594589308337
v 0.54215951035061893393 -0.34842476070303263214 0.76463275594589308337
v -0.63637103856701970894 -0.10182656729813219232 0.76463275594589308337
v 0.63281990616496119895 -0.12196603992898207014 0.76463275594589308337
v -0.64154805780568191498 -0.061260411852564297663 0.76463275594589308337
v -0.28618594497090560358 -0.57743774853718921047 0.76463275594589308337
v -0.64414178944594990828 -0.020447582349947056313 0.76463275594589308337
v -0.009478803590034836149 -0.59735485153354395127 -0.8019210270543098984
v -0.64414178944594990828 0.020447582349946927943 0.76463275594589308337
v 0.030664938901030877605 -0.64373628921848480289 -0.76463275594589286133
v -0.64154805780568191498 0.061260411852564172763 0.76463275594589308337
v 0.63928139927610450055 -0.081584563945480914615 0.76463275594589308337
v -0.63637103856701970894 0.10182656729813206742 0.76463275594589308337
v -0.24898639470458966416 -0.59442621391270977771 0.76463275594589308337
v 0.51896950382325168771 -0.38210915016005098099 0.76463275594589308337
v -0.62863157775924094484 0.14198270309624277941 0.76463275594589308337
v 0.071431479145461204694 -0.64049534918036687969 -0.76463275594589286133
v -0.61836083945942388329 0.1815671246608950018 0.76463275594589308337
v 0.1119103900346682251 -0.63467536042994221468 -0.76463275594589286133
v -0.60560018030570883507 0.22042043949752332388 0.76463275594589308337
v 0.64316873182274925114 -0.040874575717734798475 0.76463275594589308337
v -0.59040098296871268424 0.25838619902031551012 0.76463275594589308337
v -0.57282444925164965888 0.29531152851545200422 0.76463275594589308337
v -0.21078426410499481736 -0.60902113472383212489 0.76463275594589308337
v 0.15193867728128102046 -0.62629975800777970552 -0.76463275594589286133
v -0.55294135365227026213 0.33104774271362041871 0.76463275594589308337
v -0.53083175837893825655 0.36545094449311921192 0.76463275594589308337
v 0.1913551611002909103 -0.61540226750871684924 -0.76463275594589286133
v -0.50658469096837577261 0.39838260430277772084 0.76463275594589308337
v 0.23000112522316171204 -0.60202676928079212892 -0.76463275594589286133
v -0.48029778580319365533 0.42971011797156677403 0.76463275594589308337
v -0.17173337966884122396 -0.62116374237563642957 0.76463275594589308337
v 0.49368979027104026303 -0.4142549209324188908 0.76463275594589308337
v 0.64446625088873998877 0 0.76463275594589308337
v 0.26772095599222328621 -0.58622712173457025564 -0.76463275594589286133
v -0.39029500457151494741 0.51284164996722869656 0.76463275594589308337
v 0.30436276896194680575 -0.56806694447433325745 -0.76463275594589286133
v -0.35698278685184348102 0.53656317281945431485 0.76463275594589308337
v 0.33977902048400338009 -0.54761936212438633298 -0.76463275594589286133
v 0.64446625088874021081 0 -0.76463275594589286133
v -0.32223312544437016092 0.55812414515136432591 0.76463275594589308337
v -0.13199098552498797488 -0.63080514287276601149 0.76463275594589308337
v 0.37382710181345896183 -0.52496670988200611063 -0.76463275594589286133
v -0.2861859449709057146 0.57743774853718909945 0.76463275594589308337
v 0.46642216217814302937 -0.44473263334688450943 0.76463275594589308337
v -0.091717110267821491676 -0.63790651369829154405 0.76463275594589308337
v -0.24898639470458966416 0.59442621391270977771 0.76463275594589308337
v 0.40636991334385835772 -0.50020020198265990885 -0.76463275594589286133
v 0.43727641665895028433 -0.47341956441247412535 -0.76463275594589286133
v -0.21078426410499467858 0.60902113472383223591 0.76463275594589308337
v 0.53943544821856292959 0.25677239643972421534 -0.8019210270543098984
v 0.46642216217814314039 -0.44473263334688467596 -0.76463275594589286133
v -0.051073922578589066312 -0.64243926013828311916 0.76463275594589308337
v -0.17173337966884147376 0.62116374237563631855 0.76463275594589308337
v 0.49368979027104042956 -0.41425492093241905733 -0.76463275594589286133
v -0.13199098552498811365 0.63080514287276601149 0.76463275594589308337
v -0.010225078229354795864 -0.64438513042263156905 0.76463275594589308337
v -0.091717110267821491676 0.63790651369829154405 0.76463275594589308337
v 0.51896950382325179874 -0.38210915016005114753 -0.76463275594589286133
v -0.051073922578588899779 0.64243926013828323018 0.76463275594589308337
v 0.54215951035061904495 -0.34842476070303274316 -0.76463275594589286133
v 0.56316643188162540667 -0.31333738770901137238 -0.76463275594589286133
v -0.010225078229355066481 0.64438513042263156905 0.76463275594589308337
v 0.28214893249687017507 0.52660672826981369532 -0.8019210270543098984
v 0.030664938901030863727 -0.64373628921848458084 0.76463275594589308337
v 0.24818141258825054951 0.54344148977959094715 -0.8019210270543098984
v 0.030664938901030735358 0.64373628921848458084 0.76463275594589308337
v 0.028426866418373608614 0.59675336583365190535 0.80192102705431000942
v 0.43727641665895017331 -0.47341956441247395881 0.76463275594589308337
v 0.58190568095752726041 -0.27698831564516429582 -0.76463275594589286133
v 0.21321455372522118976 0.55808800421431337124 -0.8019210270543098984
v 0.17738915510708846979 0.57048729522974839234 -0.8019210270543098984
v 0.071431479145461329594 0.64049534918036665765 0.76463275594589308337
v 0.14084947296973646114 0.58058943525722905843 -0.8019210270543098984
v 0.071431479145461176938 -0.64049534918036665765 0.76463275594589308337
v 0.1119103900346684749 0.63467536042994199263 0.76463275594589308337
v 0.10374263971667915807 0.58835374654435235175 -0.8019210270543098984
v 0.59830180123619747246 -0.23952390939551373994 -0.76463275594589286133
v 0.066218071468801029122 0.59374896494993023577 -0.8019210270543098984
v 0.028426866418373619022 0.59675336583365212739 -0.8019210270543098984
v 0.15193867728128082617 0.62629975800777948347 0.76463275594589308337
v 0.61228877132818193552 -0.20109502490119926521 -0.76463275594589286133
v -0.0094788035900350859492 0.59735485153354395127 -0.8019210270543098984
v -0.047346305801871386987 0.59555100007898276182 -0.8019210270543098984
v 0.11191039003466818347 -0.63467536042994199263 0.76463275594589308337
v 0.19135516110029085479 0.6154022675087166272 0.76463275594589308337
v -0.085023161150827170074 0.59134907494311783616 -0.8019210270543098984
v 0.62381027064153438122 -0.1618564017168436231 -0.76463275594589286133
v -0.12235765823822347675 0.58476599579542831719 -0.8019210270543098984
v 0.63281990616496142099 -0.12196603992898211177 -0.76463275594589286133
v -0.15919946422126748931 0.57582827037218498045 -0.8019210270543098984
v 0.23000112522316176755 0.60202676928079179586 0.76463275594589308337
v -0.19540023015035137832 0.56457188773915267799 -0.8019210270543098984
v 0.15193867728128096495 -0.62629975800777948347 0.76463275594589308337
v 0.4063699133438582467 -0.50020020198265968681 0.76463275594589308337
v -0.23081418831791347679 0.55104217337632477314 -0.8019210270543098984
v -0.2652987392135487954 0.5352936066682117966 -0.8019210270543098984
v -0.29871502572190816727 0.51738960153458879443 -0.8019210270543098984
v -0.33092849225129217228 0.4974022510850220069 -0.8019210270543098984
v 0.19135516110029082704 -0.6154022675087166272 0.76463275594589308337
v 0.33977902048400326906 0.54761936212438622196 0.76463275594589308337
v -0.36180942654152969951 0.47541203732536074789 -0.8019210270543098984
v -0.39123348196946683419 0.45150750708510667408 -0.8019210270543098984
v 0.37382710181345896183 0.52496670988200588859 0.76463275594589308337
v -0.41908217824893273518 0.42578491547058189282 -0.8019210270543098984
v -0.44524337850903339397 0.39834783827958997193 -0.8019210270543098984
v 0.40636991334385802466 0.50020020198265979783 0.76463275594589308337
v 0.23000112522316162877 -0.60202676928079190688 0.76463275594589308337
v -0.46961174082975437605 0.36930675493823333921 -0.8019210270543098984
v 0.3738271018134587953 -0.52496670988200599961 0.76463275594589308337
v 0.43727641665895006229 0.47341956441247406984 0.76463275594589308337
v -0.49208914241669154954 0.33877860363925854648 -0.8019210270543098984
v -0.51258507470691327956 0.3068863104732253988 -0.8019210270543098984
v 0.26772095599222317519 -0.58622712173457014462 0.76463275594589308337
v -0.64154805780568213702 -0.06126041185256431848 -0.76463275594589286133
v -0.53101700781499827642 0.2737582944485277836 -0.8019210270543098984
v 0.46642216217814308488 0.44473263334688450943 0.76463275594589308337
v -0.54731072285175630387 0.23952795039336990945 -0.8019210270543098984
v 0.33977902048400326906 -0.54761936212438622196 0.76463275594589308337
v -0.56140061077749958685 0.20433311182187571808 -0.8019210270543098984
v 0.49368979027104037405 0.41425492093241866876 0.76463275594589308337
v -0.57322993658648924153 0.16831549592717318098 -0.8019210270543098984
v 0.64316873182274925114 0.040874575717734791536 0.76463275594589308337
v -0.58275106775877927312 0.13162013293627761179 -0.8019210270543098984
v 0.51896950382325146567 0.38210915016005114753 0.76463275594589308337
v 0.30436276896194675023 -0.56806694447433303541 0.76463275594589308337
v 0.63928139927610450055 0.081584563945481067271 0.76463275594589308337
v 0.54215951035061893393 0.34842476070303263214 0.76463275594589308337
v 0.56316643188162518463 0.31333738770901115034 0.76463275594589308337
v 0.58190568095752703837 0.27698831564516401826 0.76463275594589308337
v 0.63281990616496119895 0.12196603992898236157 0.76463275594589308337
v -0.58992566605956286985 0.094394782124553183733 -0.8019210270543098984
v 0.59830180123619713939 0.23952390939551387872 0.76463275594589308337
v 0.28214893249687017507 -0.52660672826981347328 0.80192102705431000942
v 0.61228877132818182449 0.20109502490119918194 0.76463275594589308337
v 0.62381027064153415918 0.16185640171684345656 0.76463275594589308337
v 0.6767261644890724126 -0.13042827761101669082 -0.72458965124774743494
v 0.6392813992761047226 -0.081584563945480942371 -0.76463275594589286133
v 0.68363596838016038593 -0.087245057404921014244 -0.72458965124774743494
v 0.30436276896194663921 0.56806694447433314643 0.76463275594589308337
v 0.36335354034525940703 0.58561424335754796999 0.72458965124774754596
v -0.64761788186438817849 -0.23571363217716306826 0.72458965124774754596
v -0.6612639000147635393 -0.19416459986808190519 0.72458965124774754596
v -0.63136413507644073562 -0.27631352888312477045 0.72458965124774754596
v -0.67224724182875261747 -0.15183373524451732051 0.72458965124774754596
v 0.39976394283390714879 0.56138990667321064798 0.72458965124774754596
v -0.61256810775257797275 -0.31580080853141212494 0.72458965124774754596
v 0.43456463701895536866 0.53490505097376961352 0.72458965124774754596
v 0.26772095599222295315 0.58622712173457014462 0.76463275594589308337
v 0.3254800413930092895 0.60748051817278270192 0.72458965124774754596
v 0.28629594919022199884 0.62690068334779902592 0.72458965124774754596
v -0.59130548486089196114 -0.3540164697836712393 0.72458965124774754596
v 0.24595904424641695796 0.64379654073166359129 0.72458965124774754596
v -0.6805236812653722156 -0.10889148975789414431 0.72458965124774754596
v 0.4676154927876089995 0.50626632142546201809 0.72458965124774754596
v -0.56766188347925761182 -0.39080663166001838871 0.72458965124774754596
v -0.54173250804557671056 -0.42602315316343625229 0.72458965124774754596
v 0.49878342600878133872 0.47558903608431740695 0.72458965124774754596
v 0.20463174904114361796 0.65810005666997928309 0.72458965124774754596
v -0.513621767003109575 -0.45952422979128204616 0.72458965124774754596
v 0.52794293441591844118 0.44299672155104802274 0.72458965124774754596
v -0.68605989202412920314 -0.065510776674588377944 0.72458965124774754596
v -0.48344285238452283648 -0.49117496453197206918 0.72458965124774754596
v -0.45131728402752613327 -0.52084791104763472624 0.72458965124774754596
v 0.55497660296033157756 0.40862061557302509218 0.72458965124774754596
v -0.68883358173826869653 -0.021866274815234777035 0.72458965124774754596
v -0.41737442025737353513 -0.54842358685553349584 0.72458965124774754596
v 0.1624804740059823116 0.66975363595239911785 0.72458965124774754596
v -0.3817509370065456098 -0.57379095444185246322 0.72458965124774754596
v -0.34459027746900622313 -0.596847868370576351 0.72458965124774754596
v 0.60223999862119137472 0.33507733639477166321 0.72458965124774754596
v 0.64316873182274947318 0.040874575717734805413 -0.76463275594589286133
v 0.68918055493801300138 0 -0.72458965124774743494
v 0.68779301151163652062 -0.043710532145255089065 -0.72458965124774743494
v 0.64316873182274947318 -0.040874575717734812352 -0.76463275594589286133
v 0.68779301151163652062 0.043710532145255075187 -0.72458965124774743494
v 0.6392813992761047226 0.081584563945481095026 -0.76463275594589286133
v -0.68883358173826869653 0.021866274815234638257 0.72458965124774754596
v 0.11967494744846977894 0.67871035372821120202 0.72458965124774754596
v 0.68363596838016038593 0.087245057404921166899 -0.72458965124774743494
v 0.63281990616496142099 0.12196603992898241708 -0.76463275594589286133
v -0.30604207450509091082 -0.61750148658710768412 0.72458965124774754596
v -0.26626154812278679529 -0.63566864426045466274 0.72458965124774754596
v 0.6767261644890724126 0.13042827761101702388 -0.72458965124774743494
v 0.62381027064153438122 0.16185640171684351207 -0.76463275594589286133
v 0.66709142317986980242 0.17308630917702114149 -0.72458965124774743494
v 0.61228877132818193552 0.20109502490119926521 -0.76463275594589286133
v 0.65477054015528302067 0.21504738326570366214 -0.72458965124774743494
v 0.59830180123619736143 0.23952390939551396198 -0.76463275594589286133
v 0.63981312726267292046 0.25614253744160919712 -0.72458965124774743494
v 0.58190568095752726041 0.27698831564516412929 -0.76463275594589286133
v 0.07638753211610924132 0.68493414445614986263 0.72458965124774754596
v -0.22540888046154650137 -0.65127618865865177789 0.72458965124774754596
v 0.62227941272463260791 0.29620629602314985096 -0.72458965124774743494
v 0.56316643188162540667 0.31333738770901126136 -0.76463275594589286133
v 0.60223999862119137472 0.33507733639477166321 -0.72458965124774743494
v 0.54215951035061904495 0.34842476070303274316 -0.76463275594589286133
v -0.18364857079534677164 -0.66426127370899323843 0.72458965124774754596
v 0.57977557660015743846 0.37259913859618970511 -0.72458965124774743494
v 0.51896950382325168771 0.38210915016005125855 -0.76463275594589286133
v 0.55497660296033157756 0.40862061557302509218 -0.72458965124774743494
v 0.49368979027104054058 0.41425492093241883529 -0.76463275594589286133
v 0.032792531152420457963 0.68839994712760188555 0.72458965124774754596
v 0.52794293441591844118 0.44299672155104802274 -0.72458965124774743494
v 0.46642216217814325141 0.44473263334688467596 -0.76463275594589286133
v -0.68605989202412920314 0.065510776674588253043 0.72458965124774754596
v -0.63637103856701993099 -0.10182656729813222007 -0.76463275594589286133
v -0.14114877315217344567 -0.67457161305698587483 0.72458965124774754596
v 0.49878342600878133872 0.47558903608431740695 -0.72458965124774743494
v 0.43727641665895022882 0.47341956441247423637 -0.76463275594589286133
v 0.4676154927876089995 0.50626632142546201809 -0.72458965124774743494
v 0.40636991334385819119 0.50020020198266001987 -0.76463275594589286133
v -0.010934513760299441332 0.689093806178442847 0.72458965124774754596
v 0.43456463701895536866 0.53490505097376961352 -0.72458965124774743494
v 0.37382710181345907285 0.52496670988200611063 -0.76463275594589286133
v 0.39976394283390714879 0.56138990667321064798 -0.72458965124774743494
v 0.33977902048400338009 0.54761936212438633298 -0.76463275594589286133
v -0.098080619217096279283 -0.6821656906050453939 0.72458965124774754596
v 0.36335354034525940703 0.58561424335754796999 -0.72458965124774743494
v 0.30436276896194669472 0.56806694447433336848 -0.76463275594589286133
v 0.3254800413930092895 0.60748051817278270192 -0.72458965124774743494
v 0.26772095599222300866 0.58622712173457036666 -0.76463275594589286133
v -0.054617529245375114055 0.68701292768316823967 0.72458965124774754596
v -0.054617529245375287528 -0.68701292768316823967 0.72458965124774754596
v 0.28629594919022199884 0.62690068334779902592 -0.72458965124774743494
v 0.23000112522316185082 0.6020267692807920179 -0.76463275594589286133
v -0.010934513760299153368 -0.689093806178442847 0.72458965124774754596
v 0.65477054015528302067 0.21504738326570366214 0.72458965124774754596
v 0.24595904424641695796 0.64379654073166359129 -0.72458965124774743494
v 0.19135516110029093806 0.61540226750871684924 -0.76463275594589286133
v 0.20463174904114361796 0.65810005666997928309 -0.72458965124774743494
v 0.15193867728128088168 0.62629975800777970552 -0.76463275594589286133
v 0.1624804740059823116 0.66975363595239911785 -0.72458965124774743494
v 0.11191039003466851653 0.63467536042994210366 -0.76463275594589286133
v -0.098080619217096279283 0.6821656906050453939 0.72458965124774754596
v 0.11967494744846977894 0.67871035372821120202 -0.72458965124774743494
v 0.07143147914546135735 0.64049534918036687969 -0.76463275594589286133
v 0.07638753211610924132 0.68493414445614986263 -0.72458965124774743494
v 0.030664938901030745766 0.64373628921848480289 -0.76463275594589286133
v 0.032792531152420596741 -0.68839994712760188555 0.72458965124774754596
v -0.6805236812653722156 0.10889148975789400553 0.72458965124774754596
v 0.032792531152420457963 0.68839994712760188555 -0.72458965124774743494
v -0.01022507822935506995 0.64438513042263179109 -0.76463275594589286133
v 0.076387532116109088665 -0.68493414445614986263 0.72458965124774754596
v 0.66709142317986980242 0.17308630917702114149 0.72458965124774754596
v -0.14114877315217358444 0.67457161305698587483 0.72458965124774754596
v 0.66709142317986980242 -0.17308630917702128027 -0.72458965124774743494
v -0.010934513760299441332 0.689093806178442847 -0.72458965124774743494
v -0.051073922578588920596 0.64243926013828345223 -0.76463275594589286133
v 0.65477054015528302067 -0.21504738326570366214 -0.72458965124774743494
v -0.054617529245375114055 0.68701292768316823967 -0.72458965124774743494
v -0.091717110267821519431 0.63790651369829176609 -0.76463275594589286133
v -0.098080619217096279283 0.6821656906050453939 -0.72458965124774743494
v -0.13199098552498814141 0.63080514287276623353 -0.76463275594589286133
v -0.14114877315217358444 0.67457161305698587483 -0.72458965124774743494
v -0.17173337966884152928 0.62116374237563654059 -0.76463275594589286133
v 0.11967494744846947363 -0.67871035372821120202 0.72458965124774754596
v -0.18364857079534702144 0.66426127370899312741 0.72458965124774754596
v 0.16248047400598245038 -0.66975363595239911785 0.72458965124774754596
v 0.63981312726267303148 -0.25614253744160897508 -0.72458965124774743494
v -0.18364857079534702144 0.66426127370899312741 -0.72458965124774743494
v -0.21078426410499476185 0.60902113472383245796 -0.76463275594589286133
v -0.22540888046154633484 0.65127618865865177789 -0.72458965124774743494
v -0.24898639470458974743 0.59442621391270999975 -0.76463275594589286133
v -0.26626154812278679529 0.63566864426045466274 -0.72458965124774743494
v -0.28618594497090582562 0.5774377485371893215 -0.76463275594589286133
v -0.67224724182875261747 0.1518337352445175148 0.72458965124774754596
v 0.62227941272463249689 -0.29620629602315001749 -0.72458965124774743494
v -0.22540888046154633484 0.65127618865865177789 0.72458965124774754596
v -0.30604207450509107735 0.6175014865871075731 -0.72458965124774743494
v -0.32223312544437027194 0.55812414515136454796 -0.76463275594589286133
v 0.20463174904114359021 -0.65810005666997928309 0.72458965124774754596
v -0.34459027746900666722 0.59684786837057612896 -0.72458965124774743494
v -0.35698278685184359205 0.5365631728194545369 -0.76463275594589286133
v 0.6767261644890724126 0.13042827761101702388 0.72458965124774754596
v -0.61256810775257786172 0.31580080853141223596 0.72458965124774754596
v 0.60223999862119137472 -0.33507733639477177423 -0.72458965124774743494
v -0.38175093700654544326 0.57379095444185257424 -0.72458965124774743494
v -0.39029500457151505843 0.51284164996722880758 -0.76463275594589286133
v 0.57977557660015743846 -0.37259913859618970511 -0.72458965124774743494
v -0.26626154812278679529 0.63566864426045466274 0.72458965124774754596
v 0.24595904424641679142 -0.64379654073166370232 0.72458965124774754596
v -0.41737442025737364615 0.54842358685553338482 -0.72458965124774743494
v -0.4220356420599666869 0.48705509479485004087 -0.76463275594589286133
v -0.45131728402752607776 0.52084791104763483727 -0.72458965124774743494
v -0.45207689097269299072 0.45930734065879302852 -0.76463275594589286133
v 0.28629594919022222088 -0.6269006833477989149 0.72458965124774754596
v 0.68363596838016038593 0.087245057404921166899 0.72458965124774754596
v -0.6612639000147635393 0.19416459986808179417 0.72458965124774754596
v -0.48344285238452294751 0.49117496453197201367 -0.72458965124774743494
v -0.48029778580319382186 0.42971011797156694056 -0.76463275594589286133
v -0.51362176700310946398 0.45952422979128215719 -0.72458965124774743494
v -0.50658469096837599466 0.39838260430277783186 -0.76463275594589286133
v 0.55497660296033179961 -0.40862061557302498116 -0.72458965124774743494
v -0.30604207450509107735 0.6175014865871075731 0.72458965124774754596
v -0.54173250804557682159 0.42602315316343619678 -0.72458965124774743494
v -0.53083175837893836757 0.36545094449311932294 -0.76463275594589286133
v -0.5676618834792575008 0.39080663166001849973 -0.72458965124774743494
v -0.55294135365227037315 0.33104774271362052973 -0.76463275594589286133
v 0.32548004139300940052 -0.6074805181727825909 0.72458965124774754596
v -0.59130548486089207216 0.35401646978367118379 -0.72458965124774743494
v -0.5728244492516497699 0.29531152851545211524 -0.76463275594589286133
v -0.61256810775257786172 0.31580080853141223596 -0.72458965124774743494
v -0.59040098296871290628 0.25838619902031556563 -0.76463275594589286133
v -0.34459027746900666722 0.59684786837057612896 0.72458965124774754596
v 0.39976394283390703777 -0.561389906673210759 0.72458965124774754596
v -0.63136413507644073562 0.27631352888312465943 -0.72458965124774743494
v -0.60560018030570905712 0.22042043949752340715 -0.76463275594589286133
v 0.52794293441591821914 -0.44299672155104824478 -0.72458965124774743494
v -0.64761788186438806747 0.23571363217716323479 -0.72458965124774743494
v -0.61836083945942410534 0.18156712466089508506 -0.76463275594589286133
v 0.4987834260087812277 -0.47558903608431740695 -0.72458965124774743494
v 0.43456463701895559071 -0.5349050509737695025 0.72458965124774754596
v -0.6612639000147635393 0.19416459986808179417 -0.72458965124774743494
v -0.62863157775924116688 0.14198270309624283492 -0.76463275594589286133
v -0.38175093700654544326 0.57379095444185257424 0.72458965124774754596
v 0.46761549278760911053 -0.50626632142546190707 -0.72458965124774743494
v 0.68779301151163652062 0.043710532145255075187 0.72458965124774754596
v -0.67224724182875261747 0.1518337352445175148 -0.72458965124774743494
v -0.63637103856701993099 0.10182656729813209517 -0.76463275594589286133
v -0.64761788186438806747 0.23571363217716323479 0.72458965124774754596
v -0.6805236812653722156 0.10889148975789400553 -0.72458965124774743494
v -0.64154805780568213702 0.06126041185256419358 -0.76463275594589286133
v -0.64414178944595013032 0.020447582349946934882 -0.76463275594589286133
v -0.41737442025737364615 0.54842358685553338482 0.72458965124774754596
v 0.43456463701895559071 -0.5349050509737695025 -0.72458965124774743494
v 0.46761549278760911053 -0.50626632142546190707 0.72458965124774754596
v -0.64414178944595013032 -0.020447582349947063252 -0.76463275594589286133
v 0.4987834260087812277 -0.47558903608431740695 0.72458965124774754596
v -0.62863157775924116688 -0.14198270309624266838 -0.76463275594589286133
v -0.61836083945942410534 -0.18156712466089519609 -0.76463275594589286133
v -0.45131728402752607776 0.52084791104763483727 0.72458965124774754596
v 0.39976394283390703777 -0.561389906673210759 -0.72458965124774743494
v -0.60560018030570905712 -0.22042043949752326837 -0.76463275594589286133
v 0.36335354034525940703 -0.58561424335754796999 -0.72458965124774743494
v 0.68918055493801300138 0 0.72458965124774754596
v -0.63136413507644073562 0.27631352888312465943 0.72458965124774754596
v -0.59040098296871290628 -0.25838619902031567666 -0.76463275594589286133
v -0.57282444925164988092 -0.29531152851545194871 -0.76463275594589286133
v -0.42203564205996652037 0.48705509479484987434 0.76463275594589308337
v -0.48344285238452294751 0.49117496453197201367 0.72458965124774754596
v -0.45207689097269282419 0.45930734065879286199 0.76463275594589308337
v 0.52794293441591821914 -0.44299672155104824478 0.72458965124774754596
v -0.55294135365227037315 -0.33104774271362058524 -0.76463275594589286133
v 0.32548004139300940052 -0.6074805181727825909 -0.72458965124774743494
v 0.55497660296033179961 -0.40862061557302498116 0.72458965124774754596
v -0.53083175837893847859 -0.36545094449311921192 -0.76463275594589286133
v -0.50658469096837588364 -0.39838260430277788737 -0.76463275594589286133
v -0.48029778580319387737 -0.42971011797156688505 -0.76463275594589286133
v -0.51362176700310946398 0.45952422979128215719 0.72458965124774754596
v 0.57977557660015743846 -0.37259913859618970511 0.72458965124774754596
v 0.28629594919022222088 -0.6269006833477989149 -0.72458965124774743494
v -0.45207689097269293521 -0.45930734065879308403 -0.76463275594589286133
v -0.3902950045715148919 -0.51284164996722891861 -0.76463275594589286133
v -0.54173250804557682159 0.42602315316343619678 0.72458965124774754596
v -0.35698278685184375858 -0.53656317281945442588 -0.76463275594589286133
v -0.32223312544436982785 -0.55812414515136465898 -0.76463275594589286133
v 0.62227941272463249689 -0.29620629602315001749 0.72458965124774754596
v -0.34459027746900622313 -0.596847868370576351 -0.72458965124774743494
v -0.2861859449709057146 -0.57743774853718943252 -0.76463275594589286133
v 0.63981312726267303148 -0.25614253744160897508 0.72458965124774754596
v -0.30604207450509091082 -0.61750148658710768412 -0.72458965124774743494
v -0.24898639470458974743 -0.59442621391270999975 -0.76463275594589286133
v -0.5676618834792575008 0.39080663166001849973 0.72458965124774754596
v 0.65477054015528302067 -0.21504738326570366214 0.72458965124774754596
v -0.21078426410499490062 -0.60902113472383234694 -0.76463275594589286133
v -0.17173337966884127948 -0.62116374237563665162 -0.76463275594589286133
v 0.20463174904114359021 -0.65810005666997928309 -0.72458965124774743494
v -0.13199098552498803039 -0.63080514287276623353 -0.76463275594589286133
v 0.66709142317986980242 -0.17308630917702128027 0.72458965124774754596
v 0.6767261644890724126 -0.13042827761101669082 0.72458965124774754596
v -0.091717110267821519431 -0.63790651369829176609 -0.76463275594589286133
v -0.05107392257858908019 -0.64243926013828334121 -0.76463275594589286133
v 0.68363596838016038593 -0.087245057404921014244 0.72458965124774754596
v 0.68779301151163652062 -0.043710532145255089065 0.72458965124774754596
v -0.59130548486089207216 0.35401646978367118379 0.72458965124774754596
v -0.010225078229354799333 -0.64438513042263179109 -0.76463275594589286133
v 0.21717108578343100045 -0.69842683029807417494 -0.68193598102712749132
v 0.24595904424641679142 -0.64379654073166370232 -0.72458965124774743494
v 0.26103081729761073992 -0.68324682963151062154 -0.68193598102712749132
v 0.46119370286726130148 -0.5676827337661005668 0.68193598102712760234
v 0.36335354034525940703 -0.58561424335754796999 0.72458965124774754596
v 0.34542466807505955995 -0.64470544938429363846 0.68193598102712760234
v 0.38561896308753113027 -0.62149926233895591565 0.68193598102712760234
v 0.42426050663745934477 -0.59579051711847119677 0.68193598102712760234
v 0.49626983483105979733 -0.53728909240493771815 0.68193598102712760234
v 0.3038394698397339222 -0.66531563512973179719 0.68193598102712760234
v 0.63981312726267292046 0.25614253744160919712 0.72458965124774754596
v 0.69489328909531045131 0.22822496478446507862 0.68193598102712760234
v 0.70796916591695735477 0.18369261795569438722 0.68193598102712760234
v 0.62227941272463260791 0.29620629602314985096 0.72458965124774754596
v 0.66041118426306644196 0.31435709866459699002 0.68193598102712760234
v 0.6391438035183848454 0.35561006201262274073 0.68193598102712760234
v 0.67901932225673300447 0.27183833023062803358 0.68193598102712760234
v 0.61530281625875749008 0.39543110915127910321 0.68193598102712760234
v 0.57977557660015743846 0.37259913859618970511 0.72458965124774754596
v 0.71819430078076240687 0.13842060578758091927 0.68193598102712760234
v 0.26103081729761068441 -0.68324682963151051052 0.68193598102712760234
v -0.68605989202412920314 0.065510776674588253043 -0.72458965124774743494
v 0.58898422172535103147 0.43365989477832928012 0.68193598102712760234
v 0.52934766332533944588 -0.504731977501497453 0.68193598102712760234
v 0.21717108578343097269 -0.69842683029807406392 0.68193598102712760234
v 0.7255275206775264607 0.092591222694651156844 0.68193598102712760234
v -0.68883358173826869653 0.021866274815234638257 -0.72458965124774743494
v 0.5602939956093673235 -0.47014248506666500571 0.68193598102712760234
v 0.17243688295598288973 -0.71079451262442494563 0.68193598102712760234
v 0.12700833766139377201 -0.72030007631893144815 0.68193598102712760234
v -0.73104363116259074573 0.023206187045337785257 -0.68193598102712749132
v -0.68883358173826869653 -0.021866274815234777035 -0.72458965124774743494
v 0.08106837461784423271 -0.72690524583152504867 0.68193598102712760234
v 0.5889842217253511425 -0.43365989477832911358 0.68193598102712760234
v -0.68605989202412920314 -0.065510776674588377944 -0.72458965124774743494
v 0.034801977842286280218 -0.73058342447583224377 0.68193598102712760234
v 0.49626983483105968631 0.53728909240493782917 0.68193598102712760234
v 0.72993929731893969493 0.046389007427425139884 0.68193598102712760234
v 0.46119370286726102393 0.56768273376610067782 0.68193598102712760234
v -0.011604554214901328935 -0.73131980152464248768 0.68193598102712760234
v 0.61530281625875749008 -0.39543110915127910321 0.68193598102712760234
v -0.057964358828021284031 -0.72911141184747985111 0.68193598102712760234
v 0.4242605066374595113 0.59579051711847108574 0.68193598102712760234
v -0.6805236812653722156 -0.10889148975789414431 -0.72458965124774743494
v -0.10409076142629938855 -0.7239671478501370494 0.68193598102712760234
v 0.73141186603757601947 0 0.68193598102712760234
v 0.38561896308753113027 0.62149926233895591565 0.68193598102712760234
v 0.72993929731893980595 -0.046389007427425160701 -0.68193598102712749132
v 0.72552752067752657172 -0.092591222694651004188 -0.68193598102712749132
v -0.67224724182875261747 -0.15183373524451732051 -0.72458965124774743494
v 0.6391438035183848454 -0.35561006201262279625 0.68193598102712760234
v 0.60223999862119137472 -0.33507733639477177423 0.72458965124774754596
v -0.19490210932117760234 -0.70496559175801254415 0.68193598102712760234
v 0.73141186603757613049 0 -0.68193598102712749132
v -0.6612639000147635393 -0.19416459986808190519 -0.72458965124774743494
v -0.23922138937110501433 -0.69118481222313266077 0.68193598102712760234
v 0.71819430078076251789 -0.1384206057875805862 -0.68193598102712749132
v -0.28257740931773311921 -0.67462087539880311038 0.68193598102712760234
v 0.34542466807505944892 0.64470544938429374948 0.68193598102712760234
v 0.66041118426306633094 -0.31435709866459715656 0.68193598102712760234
v -0.32479558977097450212 -0.65534047841247677901 0.68193598102712760234
v 0.70796916591695746579 -0.183692617955694526 -0.68193598102712749132
v -0.64761788186438817849 -0.23571363217716306826 -0.72458965124774743494
v 0.67901932225673311549 -0.27183833023062781153 0.68193598102712760234
v -0.36570593301878773218 -0.63342125661792159086 0.68193598102712760234
v 0.30383946983973364464 0.66531563512973190821 0.68193598102712760234
v 0.69489328909531056233 -0.22822496478446510637 -0.68193598102712749132
v -0.40514370754796513729 -0.60895147098505142402 0.68193598102712760234
v -0.63136413507644073562 -0.27631352888312477045 -0.72458965124774743494
v -0.44295011135979334149 -0.58202965270415185639 0.68193598102712760234
v 0.26103081729761085095 0.68324682963151051052 0.68193598102712760234
v -0.47897291140965764233 -0.55276420643555179701 0.68193598102712760234
v 0.67901932225673322652 -0.27183833023062786705 -0.68193598102712749132
v -0.61256810775257797275 -0.31580080853141212494 -0.72458965124774743494
v 0.69489328909531045131 -0.22822496478446507862 0.68193598102712760234
v -0.51306705659577955814 -0.52127297380231818469 0.68193598102712760234
v 0.66041118426306644196 -0.31435709866459721207 -0.68193598102712749132
v 0.21717108578343100045 0.69842683029807406392 0.68193598102712760234
v -0.5450952618288109619 -0.48768275888363027404 0.68193598102712760234
v -0.59130548486089196114 -0.3540164697836712393 -0.72458965124774743494
v 0.6391438035183848454 -0.35561006201262285176 -0.68193598102712749132
v 0.70796916591695735477 -0.18369261795569449824 0.68193598102712760234
v -0.57492856083043364368 -0.45212881761950912685 0.68193598102712760234
v -0.10409076142629940243 0.72396714785013716043 -0.68193598102712749132
v 0.17243688295598275095 0.71079451262442494563 0.68193598102712760234
v 0.6153028162587576011 -0.39543110915127915872 -0.68193598102712749132
v -0.60244682543504546324 -0.41475431318288286109 0.68193598102712760234
v 0.58898422172535125352 -0.4336598947783291691 -0.68193598102712749132
v 0.12700833766139410508 0.72030007631893133713 0.68193598102712760234
v -0.56766188347925761182 -0.39080663166001838871 -0.72458965124774743494
v -0.6275392493034831487 -0.37570973951201980245 0.68193598102712760234
v -0.05796435882802110362 0.72911141184748007316 -0.68193598102712749132
v 0.71819430078076240687 -0.1384206057875805862 0.68193598102712760234
v -0.54173250804557671056 -0.42602315316343625229 -0.72458965124774743494
v -0.65010479410104371478 -0.33515231532455302954 0.68193598102712760234
v -0.011604554214901637715 0.7313198015246425987 -0.68193598102712749132
v 0.56029399560936743452 -0.47014248506666506122 -0.68193598102712749132
v -0.67005259634319525031 -0.29324535105319582406 0.68193598102712760234
v -0.513621767003109575 -0.45952422979128204616 -0.72458965124774743494
v 0.03480197784228614144 0.73058342447583235479 -0.68193598102712749132
v -0.68730233327076162286 -0.25015759125226649795 0.68193598102712760234
v 0.081068374617844413121 0.72690524583152515969 -0.68193598102712749132
v 0.081068374617844399244 0.72690524583152504867 0.68193598102712760234
v -0.70178454628132225235 -0.20606253512292765917 0.68193598102712760234
v 0.52934766332533955691 -0.504731977501497453 -0.68193598102712749132
v 0.7255275206775264607 -0.09259122269465099031 0.68193598102712760234
v 0.12700833766139413283 0.72030007631893144815 -0.68193598102712749132
v -0.71344092061449071451 -0.16113773789313620699 0.68193598102712760234
v -0.48344285238452283648 -0.49117496453197206918 -0.72458965124774743494
v 0.17243688295598277871 0.71079451262442505666 -0.68193598102712749132
v -0.72222452016487181936 -0.11556409586540992984 0.68193598102712760234
v 0.034801977842286134501 0.73058342447583224377 0.68193598102712760234
v 0.49626983483105985284 -0.53728909240493782917 -0.68193598102712749132
v 0.72993929731893980595 0.046389007427425146823 -0.68193598102712749132
v -0.72809997647719315594 -0.069525118011260850226 0.68193598102712760234
v 0.2171710857834310282 0.69842683029807417494 -0.68193598102712749132
v 0.26103081729761090646 0.68324682963151062154 -0.68193598102712749132
v -0.011604554214901635981 0.73131980152464248768 0.68193598102712760234
v -0.73104363116259063471 -0.023206187045337927505 0.68193598102712760234
v 0.46119370286726135699 -0.56768273376610067782 -0.68193598102712749132
v -0.45131728402752613327 -0.52084791104763472624 -0.72458965124774743494
v -0.73104363116259063471 0.023206187045337781788 0.68193598102712760234
v -0.41737442025737353513 -0.54842358685553349584 -0.72458965124774743494
v 0.42426050663745945579 -0.59579051711847130779 -0.68193598102712749132
v -0.72809997647719315594 0.069525118011260711448 0.68193598102712760234
v 0.30383946983973370015 0.66531563512973201924 -0.68193598102712749132
v -0.057964358828021096681 0.72911141184747996213 0.68193598102712760234
v -0.72222452016487181936 0.11556409586540979106 0.68193598102712760234
v -0.3817509370065456098 -0.57379095444185246322 -0.72458965124774743494
v 0.34542466807505950444 0.64470544938429374948 -0.68193598102712749132
v 0.38561896308753118578 -0.62149926233895602667 -0.68193598102712749132
v -0.71344092061449071451 0.16113773789313637352 0.68193598102712760234
v -0.70178454628132225235 0.20606253512292752039 0.68193598102712760234
v -0.10409076142629938855 0.7239671478501370494 0.68193598102712760234
v -0.68730233327076151184 0.25015759125226666448 0.68193598102712760234
v 0.38561896308753118578 0.62149926233895602667 -0.68193598102712749132
v 0.42426050663745962233 0.59579051711847119677 -0.68193598102712749132
v -0.26626154812278679529 -0.63566864426045466274 -0.72458965124774743494
v 0.72552752067752657172 0.092591222694651170722 -0.68193598102712749132
v -0.67005259634319525031 0.29324535105319571304 0.68193598102712760234
v 0.46119370286726113495 0.56768273376610078884 -0.68193598102712749132
v -0.65010479410104360376 0.33515231532455319607 0.68193598102712760234
v -0.22540888046154650137 -0.65127618865865177789 -0.72458965124774743494
v -0.14979802726649960043 0.71590772366809540816 0.68193598102712760234
v 0.49626983483105979733 0.53728909240493794019 -0.68193598102712749132
v -0.18364857079534677164 -0.66426127370899323843 -0.72458965124774743494
v -0.62753924930348325972 0.37570973951201974694 0.68193598102712760234
v 0.71819430078076251789 0.13842060578758094702 -0.68193598102712749132
v 0.34542466807505961546 -0.64470544938429374948 -0.68193598102712749132
v -0.60244682543504535222 0.41475431318288302762 0.68193598102712760234
v -0.14114877315217344567 -0.67457161305698587483 -0.72458965124774743494
v 0.30383946983973397771 -0.66531563512973190821 -0.68193598102712749132
v -0.5749285608304337547 0.45212881761950907133 0.68193598102712760234
v 0.70796916591695746579 0.18369261795569441498 -0.68193598102712749132
v -0.19490210932117790765 0.70496559175801243313 0.68193598102712760234
v -0.14979802726649946165 -0.71590772366809551919 -0.68193598102712749132
v -0.098080619217096279283 -0.6821656906050453939 -0.72458965124774743494
v -0.54509526182881085088 0.48768275888363032955 0.68193598102712760234
v 0.52934766332533966793 0.504731977501497453 -0.68193598102712749132
v -0.2392213893711048478 0.69118481222313277179 0.68193598102712760234
v -0.51306705659577966916 0.52127297380231807367 0.68193598102712760234
v 0.56029399560936754554 0.47014248506666483918 -0.68193598102712749132
v -0.10409076142629940243 -0.72396714785013716043 -0.68193598102712749132
v -0.054617529245375287528 -0.68701292768316823967 -0.72458965124774743494
v 0.58898422172535103147 0.43365989477832933563 -0.68193598102712749132
v -0.05796435882802129097 -0.72911141184747996213 -0.68193598102712749132
v -0.010934513760299153368 -0.689093806178442847 -0.72458965124774743494
v -0.47897291140965758682 0.55276420643555179701 0.68193598102712760234
v -0.44295011135979350803 0.58202965270415185639 0.68193598102712760234
v 0.6153028162587576011 0.39543110915127915872 -0.68193598102712749132
v 0.69489328909531056233 0.22822496478446510637 -0.68193598102712749132
v 0.032792531152420596741 -0.68839994712760188555 -0.72458965124774743494
v -0.40514370754796497076 0.60895147098505153505 0.68193598102712760234
v 0.67901932225673311549 0.27183833023062808909 -0.68193598102712749132
v 0.034801977842286287157 -0.73058342447583235479 -0.68193598102712749132
v 0.076387532116109088665 -0.68493414445614986263 -0.72458965124774743494
v -0.36570593301878817627 0.63342125661792147984 0.68193598102712760234
v 0.6391438035183848454 0.35561006201262279625 -0.68193598102712749132
v 0.66041118426306655298 0.31435709866459704553 -0.68193598102712749132
v 0.081068374617844246588 -0.72690524583152515969 -0.68193598102712749132
v 0.11967494744846947363 -0.67871035372821120202 -0.72458965124774743494
v 0.12700833766139379977 -0.72030007631893155917 -0.68193598102712749132
v 0.16248047400598245038 -0.66975363595239911785 -0.72458965124774743494
v -0.32479558977097461314 0.65534047841247666799 0.68193598102712760234
v -0.28257740931773311921 0.67462087539880311038 0.68193598102712760234
v 0.17243688295598291749 -0.71079451262442505666 -0.68193598102712749132
v 0.52934766332533955691 0.504731977501497453 0.68193598102712760234
v 0.52313620637503788213 0.56637610791534431787 0.63682541874692788486
v -0.1497980272664994339 -0.71590772366809540816 0.68193598102712760234
v 0.64861323110452673291 0.41683841290594370044 -0.63682541874692766282
v 0.67374488883561334251 0.37486158886405962498 -0.63682541874692766282
v 0.62086983681578045147 0.45713677577957595455 -0.63682541874692766282
v 0.48616117117851337381 0.5984151582940860914 0.63682541874692788486
v 0.76945574379608050464 -0.048900351502016832506 -0.63682541874692766282
v 0.76480512847841042312 -0.097603798547609213476 -0.63682541874692766282
v 0.7710080324080937908 0 -0.63682541874692766282
v 0.59062641882631716772 0.4955944102007204255 -0.63682541874692766282
v 0.55800475670615456991 0.53205646084894553383 -0.63682541874692766282
v 0.56029399560936743452 0.47014248506666472815 0.68193598102712760234
v 0.59062641882631694568 0.49559441020072025896 0.63682541874692788486
v 0.55800475670615434787 0.5320564608489454228 0.63682541874692788486
v 0.52313620637503799315 0.56637610791534442889 -0.63682541874692766282
v 0.75707491284156236411 -0.1459142295451028859 -0.63682541874692766282
v 0.62086983681578034044 0.45713677577957584353 0.63682541874692788486
v 0.4064950704178105223 0.65514513183249645234 0.63682541874692788486
v 0.48616117117851348484 0.59841515829408620242 -0.63682541874692766282
v 0.44722853653320909784 0.62804460203727907608 -0.63682541874692766282
v 0.74629622373557413795 -0.19363711543973718965 -0.63682541874692766282
v 0.364124792123741714 0.6796076234112163883 0.63682541874692788486
v 0.73251246313720475012 -0.24058029301350827844 -0.63682541874692766282
v 0.32028831180736705431 0.70133357495373527257 0.63682541874692788486
v 0.71577913338549126188 -0.28655473865862929328 -0.63682541874692766282
v 0.69616361369341916987 0.33137532950888187733 -0.63682541874692766282
v 0.64861323110452651086 0.4168384129059435339 0.63682541874692788486
v 0.40649507041781063332 0.65514513183249667438 -0.63682541874692766282
v 0.27516214350310802539 0.72023550372123057439 0.63682541874692788486
v 0.36412479212374182502 0.67960762341121661034 -0.63682541874692766282
v 0.32028831180736716533 0.70133357495373549462 -0.63682541874692766282
v 0.69616361369341905885 -0.33137532950888209937 -0.63682541874692766282
v 0.22892799436372590627 0.73623729831787365629 0.63682541874692788486
v 0.67374488883561334251 -0.37486158886405968049 -0.63682541874692766282
v 0.72993929731893969493 -0.046389007427425153762 0.68193598102712760234
v 0.76480512847841020108 -0.097603798547609185721 0.63682541874692788486
v 0.76945574379608028259 -0.048900351502016818628 0.63682541874692788486
v 0.2751621435031080809 0.72023550372123079644 -0.63682541874692766282
v 0.18177203298975014301 0.74927452516455739229 0.63682541874692788486
v 0.67374488883561312047 0.37486158886405951396 0.63682541874692788486
v 0.13388413979423108291 0.75929468795017829308 0.63682541874692788486
v 0.22892799436372596178 0.73623729831787387834 -0.63682541874692766282
v 0.18177203298975019852 0.74927452516455761433 -0.63682541874692766282
v 0.085457142421333523452 0.76625743901575260608 0.63682541874692788486
v 0.64861323110452673291 -0.41683841290594370044 -0.63682541874692766282
v 0.13388413979423111067 0.75929468795017851512 -0.63682541874692766282
v 0.036686039297470988962 0.77013474182019880931 0.63682541874692788486
v 0.08545714242133353733 0.76625743901575282813 -0.63682541874692766282
v 0.69616361369341894783 0.3313753295088817663 0.63682541874692788486
v 0.62086983681578067351 -0.45713677577957578801 -0.63682541874692766282
v -0.012232785558533309372 0.77091098383359335511 0.63682541874692788486
v 0.75707491284156214206 -0.14591422954510283039 0.63682541874692788486
v 0.03668603929747100284 0.77013474182019903136 -0.63682541874692766282
v -0.012232785558533312842 0.77091098383359357715 -0.63682541874692766282
v -0.061102353304578832516 0.76858303940331806903 0.63682541874692788486
v 0.7462962237355739159 -0.19363711543973713414 0.63682541874692788486
v 0.59062641882631694568 -0.49559441020072064754 -0.63682541874692766282
v 0.71577913338549092881 0.28655473865862945981 0.63682541874692788486
v -0.10972588343956171664 0.76316028233996024976 -0.63682541874692766282
v -0.14979802726649960043 0.71590772366809551919 -0.68193598102712749132
v 0.55800475670615445889 -0.53205646084894553383 -0.63682541874692766282
v -0.15790758616900030242 0.75466454817228556529 -0.63682541874692766282
v -0.19490210932117793541 0.70496559175801254415 -0.68193598102712749132
v -0.10972588343956168888 0.76316028233996002772 0.63682541874692788486
v -0.15790758616900024691 0.75466454817228534324 0.63682541874692788486
v -0.20545345078143487094 0.74313004622327083482 -0.63682541874692766282
v -0.23922138937110487555 0.69118481222313288281 -0.68193598102712749132
v -0.25217202686108786125 0.72860322186123427368 -0.63682541874692766282
v -0.28257740931773311921 0.67462087539880311038 -0.68193598102712749132
v 0.71577913338549103983 -0.28655473865862923777 0.63682541874692788486
v -0.29787519519111682609 0.71114256948072951392 -0.63682541874692766282
v -0.32479558977097466865 0.65534047841247677901 -0.68193598102712749132
v -0.20545345078143481543 0.74313004622327061277 0.63682541874692788486
v 0.71577913338549115085 0.28655473865862957084 -0.63682541874692766282
v 0.73251246313720452807 0.24058029301350822293 0.63682541874692788486
v 0.6961636136934188368 -0.33137532950888198835 0.63682541874692788486
v 0.52313620637503810418 -0.56637610791534431787 -0.63682541874692766282
v -0.25217202686108780574 0.72860322186123405164 0.63682541874692788486
v -0.36570593301878823178 0.63342125661792159086 -0.68193598102712749132
v 0.48616117117851376239 -0.5984151582940860914 -0.63682541874692766282
v -0.29787519519111671507 0.71114256948072929188 0.63682541874692788486
v -0.40514370754796502627 0.60895147098505164607 -0.68193598102712749132
v 0.7462962237355739159 0.19363711543973699536 0.63682541874692788486
v -0.4270768185527752947 0.64191804546424779954 -0.63682541874692766282
v -0.44295011135979356354 0.58202965270415185639 -0.68193598102712749132
v 0.67374488883561312047 -0.37486158886405956947 0.63682541874692788486
v -0.3423789252433050434 0.69081839696626434755 0.63682541874692788486
v -0.47897291140965764233 0.55276420643555190804 -0.68193598102712749132
v -0.38550401620404695091 0.66771254258726475683 0.63682541874692788486
v -0.51306705659577966916 0.52127297380231818469 -0.68193598102712749132
v -0.42707681855277518368 0.64191804546424757749 0.63682541874692788486
v 0.64861323110452651086 -0.4168384129059435339 0.63682541874692788486
v 0.62086983681578045147 -0.45713677577957567699 0.63682541874692788486
v 0.75707491284156203104 0.14591422954510319121 0.63682541874692788486
v -0.46692993328729365254 0.61353877093311992574 0.63682541874692788486
v -0.5450952618288109619 0.48768275888363044057 -0.68193598102712749132
v -0.57492856083043386572 0.45212881761950912685 -0.68193598102712749132
v 0.4472285365332089313 -0.6280446020372791871 -0.63682541874692766282
v -0.50490288598047428081 0.58268899231613091594 0.63682541874692788486
v 0.59062641882631683465 -0.49559441020072053652 0.63682541874692788486
v 0.76480512847841020108 0.097603798547609352254 0.63682541874692788486
v 0.40649507041781063332 -0.65514513183249667438 -0.63682541874692766282
v -0.60244682543504546324 0.41475431318288313864 -0.68193598102712749132
v -0.54084277295413918374 0.54949293078353367292 0.63682541874692788486
v 0.55800475670615434787 -0.5320564608489454228 0.63682541874692788486
v -0.57460487696820428116 0.51408425515877709255 0.63682541874692788486
v 0.73251246313720475012 0.24058029301350827844 -0.63682541874692766282
v -0.62753924930348337075 0.37570973951201980245 -0.68193598102712749132
v 0.36412479212374199156 -0.67960762341121649932 -0.63682541874692766282
v -0.66151210327708009906 0.39604939496953395217 -0.63682541874692766282
v -0.65010479410104371478 0.33515231532455325159 -0.68193598102712749132
v -0.68529927040199778432 0.35329632891425544194 -0.63682541874692766282
v -0.67005259634319536133 0.29324535105319576855 -0.68193598102712749132
v -0.60605324994592935095 0.47660554368133062342 0.63682541874692788486
v 0.52313620637503799315 -0.56637610791534420684 0.63682541874692788486
v 0.32028831180736744288 -0.70133357495373538359 -0.63682541874692766282
v 0.76945574379608028259 0.048900351502016811689 0.63682541874692788486
v 0.74629622373557413795 0.19363711543973705087 -0.63682541874692766282
v -0.63506126038884014307 0.43720770989443635823 0.63682541874692788486
v -0.70632697923711396104 0.30912066323617676256 -0.63682541874692766282
v -0.68730233327076162286 0.25015759125226671999 -0.68193598102712749132
v -0.72451055862054813961 0.26370027774945820065 -0.63682541874692766282
v -0.70178454628132236337 0.20606253512292754815 -0.68193598102712749132
v 0.48616117117851365137 -0.59841515829408586935 0.63682541874692788486
v -0.73977678969590465741 0.21721806431561213602 -0.63682541874692766282
v -0.71344092061449082554 0.16113773789313640128 -0.68193598102712749132
v -0.66151210327707998804 0.39604939496953384115 0.63682541874692788486
v -0.68529927040199756227 0.35329632891425533092 0.63682541874692788486
v -0.75206420073876389942 0.16986119040252967149 -0.63682541874692766282
v -0.72222452016487193038 0.11556409586540980494 -0.68193598102712749132
v 0.77100803240809356875 0 0.63682541874692788486
v -0.72809997647719326697 0.069525118011260725326 -0.68193598102712749132
v 0.44722853653320876477 -0.62804460203727896506 0.63682541874692788486
v -0.706326979237113739 0.30912066323617665153 0.63682541874692788486
v 0.27516214350310791437 -0.72023550372123090746 -0.63682541874692766282
v -0.72451055862054802859 0.26370027774945814514 0.63682541874692788486
v -0.73104363116259074573 -0.023206187045337930974 -0.68193598102712749132
v -0.72809997647719326697 -0.069525118011260864104 -0.68193598102712749132
v 0.4064950704178105223 -0.65514513183249645234 0.63682541874692788486
v 0.75707491284156225309 0.14591422954510324672 -0.63682541874692766282
v -0.73977678969590443536 0.21721806431561208051 0.63682541874692788486
v 0.22892799436372590627 -0.73623729831787387834 -0.63682541874692766282
v -0.72222452016487193038 -0.1155640958654099576 -0.68193598102712749132
v 0.36412479212374188053 -0.6796076234112163883 0.63682541874692788486
v -0.71344092061449082554 -0.16113773789313623475 -0.68193598102712749132
v -0.75206420073876367738 0.16986119040252961598 0.63682541874692788486
v 0.18177203298975036505 -0.74927452516455761433 -0.63682541874692766282
v -0.70178454628132236337 -0.20606253512292768693 -0.68193598102712749132
v 0.27516214350310785886 -0.72023550372123068541 0.63682541874692788486
v -0.76132331468162128818 0.12182034542714458014 0.63682541874692788486
v 0.22892799436372585076 -0.73623729831787365629 0.63682541874692788486
v -0.68730233327076173389 -0.25015759125226655346 -0.68193598102712749132
v -0.67005259634319536133 -0.29324535105319587958 -0.68193598102712749132
v 0.76480512847841042312 0.09760379854760938001 -0.63682541874692766282
v -0.76751684834057598561 0.073288972916456238127 0.63682541874692788486
v 0.1338841397942307776 -0.75929468795017862615 -0.63682541874692766282
v -0.65010479410104371478 -0.33515231532455308505 -0.68193598102712749132
v 0.18177203298975030954 -0.74927452516455739229 0.63682541874692788486
v -0.7706198625415522363 0.024462491578719984531 0.63682541874692788486
v -0.62753924930348325972 -0.37570973951201985797 -0.68193598102712749132
v 0.76945574379608050464 0.048900351502016825567 -0.63682541874692766282
v -0.7706198625415522363 -0.024462491578720140656 0.63682541874692788486
v -0.76751684834057598561 -0.073288972916456390783 0.63682541874692788486
v -0.60244682543504557426 -0.41475431318288297211 -0.68193598102712749132
v -0.76132331468162128818 -0.1218203454271447328 0.63682541874692788486
v 0.085457142421333356919 -0.76625743901575282813 -0.63682541874692766282
v -0.5749285608304337547 -0.45212881761950923787 -0.68193598102712749132
v 0.13388413979423072209 -0.7592946879501784041 0.63682541874692788486
v -0.75206420073876367738 -0.16986119040252942169 0.63682541874692788486
v -0.54509526182881107292 -0.48768275888363032955 -0.68193598102712749132
v -0.51306705659577955814 -0.52127297380231818469 -0.68193598102712749132
v -0.73977678969590443536 -0.21721806431561219153 0.63682541874692788486
v -0.72451055862054802859 -0.26370027774945792309 0.63682541874692788486
v -0.706326979237113739 -0.30912066323617676256 0.63682541874692788486
v -0.6852992704019976733 -0.35329632891425516439 0.63682541874692788486
v 0.036686039297471148557 -0.77013474182019880931 0.63682541874692788486
v -0.47897291140965775336 -0.55276420643555179701 -0.68193598102712749132
v -0.012232785558532988449 -0.77091098383359357715 -0.63682541874692766282
v -0.011604554214901330669 -0.7313198015246425987 -0.68193598102712749132
v -0.442950111359793397 -0.58202965270415196741 -0.68193598102712749132
v -0.66151210327707987702 -0.39604939496953389666 0.63682541874692788486
v -0.63506126038884025409 -0.4372077098944361917 0.63682541874692788486
v -0.46692993328729359703 -0.61353877093312014779 -0.63682541874692766282
v -0.40514370754796519281 -0.60895147098505153505 -0.68193598102712749132
v -0.60605324994592923993 -0.47660554368133067893 0.63682541874692788486
v -0.57460487696820439218 -0.51408425515877709255 0.63682541874692788486
v -0.012232785558532984979 -0.77091098383359335511 0.63682541874692788486
v -0.061102353304579047621 -0.76858303940331818005 -0.63682541874692766282
v -0.54084277295413918374 -0.54949293078353378394 0.63682541874692788486
v -0.42707681855277551675 -0.64191804546424768851 -0.63682541874692766282
v -0.36570593301878778769 -0.63342125661792170188 -0.68193598102712749132
v -0.50490288598047439184 -0.58268899231613080492 0.63682541874692788486
v -0.38550401620404661784 -0.6677125425872650899 -0.63682541874692766282
v -0.32479558977097455763 -0.65534047841247689004 -0.68193598102712749132
v -0.46692993328729348601 -0.61353877093311992574 0.63682541874692788486
v -0.061102353304579026805 -0.768583039403317958 0.63682541874692788486
v -0.34237892524330498789 -0.69081839696626468061 -0.63682541874692766282
v -0.28257740931773311921 -0.67462087539880311038 -0.68193598102712749132
v -0.42707681855277535021 -0.64191804546424746647 0.63682541874692788486
v -0.29787519519111682609 -0.71114256948072951392 -0.63682541874692766282
v -0.23922138937110504209 -0.69118481222313277179 -0.68193598102712749132
v -0.10972588343956171664 -0.76316028233996024976 -0.63682541874692766282
v -0.25217202686108802778 -0.72860322186123416266 -0.63682541874692766282
v -0.1949021093211776301 -0.70496559175801265518 -0.68193598102712749132
v -0.38550401620404650682 -0.66771254258726497888 0.63682541874692788486
v -0.34237892524330487687 -0.69081839696626445857 0.63682541874692788486
v -0.10972588343956168888 -0.76316028233996002772 0.63682541874692788486
v -0.29787519519111671507 -0.71114256948072929188 0.63682541874692788486
v -0.25217202686108797227 -0.72860322186123394061 0.63682541874692788486
v -0.15790758616900013589 -0.75466454817228556529 -0.63682541874692766282
v -0.15790758616900008038 -0.75466454817228534324 0.63682541874692788486
v -0.20545345078143456563 -0.74313004622327094584 -0.63682541874692766282
v -0.20545345078143451012 -0.74313004622327072379 0.63682541874692788486
v 0.61883092182939725134 0.51926079826814341978 -0.58942048960797821522
v 0.65051857012471503428 0.47896667561865663432 -0.58942048960797821522
v 0.4472285365332089313 0.62804460203727896506 0.63682541874692788486
v 0.42590664949535922412 0.68643063185286856687 0.58942048960797821522
v 0.6505185701247151453 -0.47896667561865646778 -0.58942048960797821522
v 0.67958680973461627062 -0.43674392321475713485 -0.58942048960797821522
v -0.40391319811015452546 0.69959818097442072471 0.58942048960797821522
v -0.35872873134308241871 0.72380742172160250636 0.58942048960797821522
v -0.31209979058596232226 0.74510214544483066579 0.58942048960797821522
v 0.76749252719766858366 -0.25206885393881417468 -0.58942048960797821522
v 0.74996012169487091814 -0.30023874216647244983 -0.58942048960797821522
v 0.58465145982439048478 0.55746404095286761216 -0.58942048960797821522
v 0.78193451117514611859 -0.20288397340247565914 -0.58942048960797821522
v -0.21526458060030265185 -0.77861713747468142 0.58942048960797821522
v -0.26421413412582905877 -0.76339660580751178554 0.58942048960797821522
v 0.67958680973461627062 0.43674392321475713485 -0.58942048960797821522
v -0.78797792950558209757 0.17797266375032744223 -0.58942048960797821522
v -0.76132331468162151022 0.1218203454271446079 -0.63682541874692766282
v -0.40391319811015402585 -0.69959818097442094675 -0.58942048960797821522
v -0.35872873134308230769 -0.72380742172160261738 -0.58942048960797821522
v 0.73251246313720452807 -0.24058029301350822293 0.63682541874692788486
v 0.74996012169487091814 -0.30023874216647244983 0.58942048960797821522
v 0.76749252719766858366 -0.25206885393881417468 0.58942048960797821522
v 0.78193451117514611859 -0.20288397340247565914 0.58942048960797821522
v -0.77510375107370721448 0.2275909960911454144 -0.58942048960797821522
v 0.32028831180736738737 -0.70133357495373516155 0.63682541874692788486
v 0.28830211024924423668 -0.7546292994948736732 0.58942048960797821522
v 0.33558321288912690283 -0.73482473669392900373 0.58942048960797821522
v -0.48922749107652985234 -0.64283741988566212022 0.58942048960797821522
v -0.52901378672920618129 -0.61051445509563262437 0.58942048960797821522
v -0.44747124898708307006 0.6725719052712736401 0.58942048960797821522
v -0.79767919892723815334 0.12763769830692922591 -0.58942048960797821522
v -0.76751684834057620765 0.073288972916456252005 -0.63682541874692766282
v 0.54811781273976034612 0.59342257269813414311 -0.58942048960797821522
v -0.064020207048234634151 -0.80528560121226078206 0.58942048960797821522
v 0.72940789147575968432 -0.34719967494682013598 0.58942048960797821522
v -0.26421413412582889224 0.76339660580751189656 0.58942048960797821522
v -0.56666993057484327245 -0.5757331640722059829 0.58942048960797821522
v 0.70591859311764604268 0.39276255717811808799 -0.58942048960797821522
v -0.48922749107653001888 0.6428374198856620092 0.58942048960797821522
v 0.23986011676582175145 -0.77139523644846130779 0.58942048960797821522
v 0.50937708867799391665 0.62699160118794439178 -0.58942048960797821522
v 0.72940789147575979534 0.34719967494681991393 -0.58942048960797821522
v 0.79322792085503501802 -0.1528821507118788281 -0.58942048960797821522
v 0.46858528286159051301 0.65803595579254969827 -0.58942048960797821522
v 0.72940789147575968432 -0.34719967494682013598 -0.58942048960797821522
v 0.42590664949535922412 0.68643063185286856687 -0.58942048960797821522
v 0.74996012169487080712 0.30023874216647272739 -0.58942048960797821522
v 0.38151304037270833414 -0.71206129403013007639 0.58942048960797821522
v -0.52901378672920607027 0.61051445509563273539 0.58942048960797821522
v -0.77061986254155245835 0.02446249157871999147 -0.63682541874692766282
v 0.80132728166249223012 -0.10226472555916843454 -0.58942048960797821522
v 0.79322792085503501802 -0.1528821507118788281 0.58942048960797821522
v -0.21526458060030265185 -0.77861713747468142 -0.58942048960797821522
v -0.26421413412582905877 -0.76339660580751178554 -0.58942048960797821522
v -0.21526458060030295716 0.77861713747468130897 0.58942048960797821522
v 0.38151304037270822311 0.71206129403013018742 -0.58942048960797821522
v -0.16544823258499186114 -0.79070245273730721536 0.58942048960797821522
v 0.33558321288912662528 0.73482473669392911475 -0.58942048960797821522
v -0.77061986254155245835 -0.024462491578720147595 -0.63682541874692766282
v 0.67958680973461627062 -0.43674392321475713485 0.58942048960797821522
v -0.56666993057484338348 0.57573316407220587188 0.58942048960797821522
v -0.7591085034042974744 0.27629289981752858107 -0.58942048960797821522
v -0.31209979058596232226 -0.74510214544483066579 0.58942048960797821522
v 0.76749252719766858366 0.25206885393881417468 -0.58942048960797821522
v -0.76751684834057620765 -0.07328897291645640466 -0.63682541874692766282
v 0.28830211024924440322 0.7546292994948736732 -0.58942048960797821522
v -0.16544823258499186114 -0.79070245273730721536 -0.58942048960797821522
v -0.11496568293098406721 -0.79960388829626360963 -0.58942048960797821522
v 0.8061999803301655998 -0.051235516450328914828 -0.58942048960797821522
v 0.70591859311764604268 -0.39276255717811819901 -0.58942048960797821522
v -0.16544823258499202767 0.79070245273730721536 0.58942048960797821522
v 0.036686039297471155496 -0.77013474182019903136 -0.63682541874692766282
v -0.60204429461267650048 0.53863359879849304068 0.58942048960797821522
v 0.23986011676582180696 0.77139523644846130779 -0.58942048960797821522
v -0.7400565937142948858 0.32388226955220356107 -0.58942048960797821522
v -0.4474712489870832921 -0.67257190527127352908 -0.58942048960797821522
v 0.78193451117514611859 0.20288397340247552036 -0.58942048960797821522
v -0.6020442946126766115 -0.53863359879849292966 0.58942048960797821522
v -0.012816944387234380232 -0.80772471323271133326 0.58942048960797821522
v 0.19045229124931681297 0.78505503704401302656 -0.58942048960797821522
v 0.8061999803301655998 0.051235516450328907889 0.58942048960797821522
v 0.6505185701247151453 -0.47896667561865646778 0.58942048960797821522
v -0.63499443876388694807 0.49936514612979093775 0.58942048960797821522
v 0.14027758157490030633 0.79555369808567188983 -0.58942048960797821522
v 0.089538023589579976425 0.8028489451708602509 -0.58942048960797821522
v 0.80132728166249223012 0.10226472555916861495 0.58942048960797821522
v 0.1904522912493169795 -0.78505503704401302656 0.58942048960797821522
v -0.76132331468162151022 -0.12182034542714476055 -0.63682541874692766282
v -0.66538768442752538324 0.45808592626544103465 0.58942048960797821522
v 0.038437927585151729359 0.80691140291437812859 -0.58942048960797821522
v 0.793227920855034907 0.15288215071187921668 0.58942048960797821522
v 0.61883092182939714032 -0.51926079826814364182 0.58942048960797821522
v 0.80132728166249223012 -0.10226472555916843454 0.58942048960797821522
v -0.11496568293098406721 0.79960388829626360963 0.58942048960797821522
v 0.78193451117514611859 0.20288397340247552036 0.58942048960797821522
v -0.35872873134308230769 -0.72380742172160261738 0.58942048960797821522
v 0.793227920855034907 0.15288215071187921668 -0.58942048960797821522
v -0.69310164873041146816 0.41496215605459318976 0.58942048960797821522
v 0.76749252719766858366 0.25206885393881417468 0.58942048960797821522
v -0.63499443876388683705 -0.49936514612979104877 0.58942048960797821522
v -0.061102353304578853332 0.76858303940331829107 -0.63682541874692766282
v -0.064020207048234425984 0.80528560121226089308 -0.58942048960797821522
v -0.75206420073876389942 -0.16986119040252947721 -0.63682541874692766282
v -0.71802473731976801385 0.37016747969962104925 0.58942048960797821522
v 0.80132728166249223012 0.10226472555916861495 -0.58942048960797821522
v 0.74996012169487080712 0.30023874216647272739 0.58942048960797821522
v -0.7400565937142948858 0.32388226955220356107 0.58942048960797821522
v -0.48922749107652985234 -0.64283741988566212022 -0.58942048960797821522
v 0.72940789147575979534 0.34719967494681991393 0.58942048960797821522
v -0.78797792950558209757 -0.17797266375032722019 -0.58942048960797821522
v -0.73977678969590465741 -0.21721806431561227479 -0.63682541874692766282
v 0.58465145982439037375 -0.55746404095286761216 0.58942048960797821522
v -0.11496568293098406721 0.79960388829626360963 -0.58942048960797821522
v -0.16544823258499202767 0.79070245273730721536 -0.58942048960797821522
v 0.70591859311764604268 0.39276255717811808799 0.58942048960797821522
v -0.7591085034042974744 0.27629289981752858107 0.58942048960797821522
v -0.064020207048234634151 -0.80528560121226078206 -0.58942048960797821522
v 0.1402775815748999455 -0.79555369808567200085 0.58942048960797821522
v -0.77510375107370721448 0.2275909960911454144 0.58942048960797821522
v -0.77510375107370721448 -0.22759099609114555318 -0.58942048960797821522
v -0.72451055862054825063 -0.26370027774945803412 -0.63682541874692766282
v 0.67958680973461627062 0.43674392321475713485 0.58942048960797821522
v -0.31209979058596232226 -0.74510214544483066579 -0.58942048960797821522
v -0.66538768442752549426 -0.45808592626544086812 0.58942048960797821522
v 0.65051857012471503428 0.47896667561865663432 0.58942048960797821522
v -0.78797792950558209757 0.17797266375032744223 0.58942048960797821522
v -0.75910850340429758543 -0.27629289981752835903 -0.58942048960797821522
v -0.70632697923711396104 -0.30912066323617687358 -0.63682541874692766282
v 0.54811781273976045714 -0.59342257269813403209 0.58942048960797821522
v -0.064020207048234425984 0.80528560121226089308 0.58942048960797821522
v 0.61883092182939725134 0.51926079826814341978 0.58942048960797821522
v -0.79767919892723815334 0.12763769830692922591 0.58942048960797821522
v 0.58465145982439048478 0.55746404095286761216 0.58942048960797821522
v -0.40391319811015402585 -0.69959818097442094675 0.58942048960797821522
v -0.34237892524330515442 0.69081839696626456959 -0.63682541874692766282
v 0.54811781273976034612 0.59342257269813414311 0.58942048960797821522
v -0.71802473731976801385 0.37016747969962104925 -0.58942048960797821522
v -0.7400565937142948858 -0.32388226955220367209 -0.58942048960797821522
v -0.68529927040199778432 -0.35329632891425527541 -0.63682541874692766282
v -0.80741968986806744724 0.025630662177261606671 0.58942048960797821522
v 0.50937708867799391665 0.62699160118794439178 0.58942048960797821522
v 0.5093770886779941387 -0.62699160118794428076 0.58942048960797821522
v 0.089538023589579782135 -0.8028489451708602509 0.58942048960797821522
v 0.085457142421333329163 -0.76625743901575260608 0.63682541874692788486
v 0.54811781273976045714 -0.59342257269813403209 -0.58942048960797821522
v -0.35872873134308241871 0.72380742172160250636 -0.58942048960797821522
v -0.38550401620404706193 0.66771254258726497888 -0.63682541874692766282
v -0.80741968986806744724 -0.025630662177261769735 0.58942048960797821522
v 0.46858528286159051301 0.65803595579254969827 0.58942048960797821522
v -0.71802473731976812488 -0.3701674796996208272 -0.58942048960797821522
v -0.66151210327707998804 -0.39604939496953400768 -0.63682541874692766282
v 0.38151304037270822311 0.71206129403013018742 0.58942048960797821522
v -0.80416849575071713829 -0.07678878090137945811 0.58942048960797821522
v -0.44747124898708307006 0.6725719052712736401 -0.58942048960797821522
v -0.46692993328729376357 0.61353877093312003677 -0.63682541874692766282
v 0.46858528286159034648 -0.6580359557925498093 0.58942048960797821522
v -0.63506126038884047613 -0.43720770989443630272 -0.63682541874692766282
v 0.58465145982439037375 -0.55746404095286761216 -0.58942048960797821522
v -0.79767919892723815334 -0.12763769830692939244 0.58942048960797821522
v -0.012816944387234718503 0.80772471323271133326 0.58942048960797821522
v -0.78797792950558209757 -0.17797266375032722019 0.58942048960797821522
v 0.33558321288912662528 0.73482473669392911475 0.58942048960797821522
v -0.4474712489870832921 -0.67257190527127352908 0.58942048960797821522
v 0.038437927585151888954 -0.80691140291437812859 0.58942048960797821522
v -0.66538768442752549426 -0.45808592626544086812 -0.58942048960797821522
v -0.60605324994592946197 -0.47660554368133084546 -0.63682541874692766282
v -0.69310164873041135714 -0.41496215605459330078 0.58942048960797821522
v -0.77510375107370721448 -0.22759099609114555318 0.58942048960797821522
v -0.48922749107653001888 0.6428374198856620092 -0.58942048960797821522
v -0.50490288598047450286 0.58268899231613102696 -0.63682541874692766282
v 0.28830211024924440322 0.7546292994948736732 0.58942048960797821522
v -0.52901378672920607027 0.61051445509563273539 -0.58942048960797821522
v -0.54084277295413940578 0.54949293078353378394 -0.63682541874692766282
v -0.63499443876388683705 -0.49936514612979104877 -0.58942048960797821522
v -0.57460487696820450321 -0.51408425515877720358 -0.63682541874692766282
v -0.75910850340429758543 -0.27629289981752835903 0.58942048960797821522
v -0.6020442946126766115 -0.53863359879849292966 -0.58942048960797821522
v -0.54084277295413929476 -0.54949293078353389497 -0.63682541874692766282
v 0.23986011676582180696 0.77139523644846130779 0.58942048960797821522
v 0.61883092182939714032 -0.51926079826814364182 -0.58942048960797821522
v 0.42590664949535922412 -0.68643063185286856687 0.58942048960797821522
v 0.19045229124931681297 0.78505503704401302656 0.58942048960797821522
v -0.56666993057484338348 0.57573316407220587188 -0.58942048960797821522
v -0.57460487696820439218 0.5140842551587773146 -0.63682541874692766282
v -0.7400565937142948858 -0.32388226955220367209 0.58942048960797821522
v -0.69310164873041146816 0.41496215605459318976 -0.58942048960797821522
v -0.60204429461267650048 0.53863359879849304068 -0.58942048960797821522
v -0.60605324994592957299 0.47660554368133073444 -0.63682541874692766282
v 0.14027758157490030633 0.79555369808567188983 0.58942048960797821522
v -0.71802473731976812488 -0.3701674796996208272 0.58942048960797821522
v -0.56666993057484327245 -0.5757331640722059829 -0.58942048960797821522
v -0.50490288598047450286 -0.58268899231613091594 -0.63682541874692766282
v -0.63499443876388694807 0.49936514612979093775 -0.58942048960797821522
v -0.63506126038884036511 0.43720770989443646926 -0.63682541874692766282
v 0.089538023589579976425 0.8028489451708602509 0.58942048960797821522
v -0.52901378672920618129 -0.61051445509563262437 -0.58942048960797821522
v 0.038437927585151729359 0.80691140291437812859 0.58942048960797821522
v -0.66538768442752538324 0.45808592626544103465 -0.58942048960797821522
v -0.11496568293098406721 -0.79960388829626360963 0.58942048960797821522
v -0.11979128185024738584 -0.83316666599504496382 0.5398919850001255849
v -0.066707407559437909006 -0.83908686457918235657 0.5398919850001255849
v -0.066707407559437922884 -0.83908686457918246759 -0.53989198500012547388
v -0.012816944387234380232 -0.80772471323271133326 -0.58942048960797821522
v -0.80416849575071713829 0.076788780901379305455 0.58942048960797821522
v -0.83116118922318504847 0.13299519563399619937 0.5398919850001255849
v -0.83792286944786509295 0.080011932790553852435 0.5398919850001255849
v -0.17239279892863240695 -0.82389159930792854603 0.5398919850001255849
v -0.013354926082349657945 -0.84162835651014000771 -0.53989198500012547388
v 0.038437927585151888954 -0.80691140291437812859 -0.58942048960797821522
v -0.84131053001693412163 0.026706490133477429894 0.5398919850001255849
v -0.83116118922318515949 0.13299519563399622712 -0.53989198500012547388
v -0.80416849575071713829 0.076788780901379305455 -0.58942048960797821522
v -0.82105271624266595865 0.18544293376444603849 -0.53989198500012547388
v 0.040051330968533534194 -0.84078090809691519159 -0.53989198500012547388
v 0.089538023589579782135 -0.8028489451708602509 -0.58942048960797821522
v 0.73554900032430237111 0.40924847300209155065 0.5398919850001255849
v 0.76002424448712380123 0.36177312272251616054 0.5398919850001255849
v 0.78143913926321695307 0.31284103976330657204 0.5398919850001255849
v 0.093296315445474148342 -0.83654793171516650396 -0.53989198500012547388
v 0.1402775815748999455 -0.79555369808567200085 -0.58942048960797821522
v -0.11979128185024739972 -0.83316666599504507484 -0.53989198500012547388
v 0.1461656285884690154 -0.82894647206678073736 -0.53989198500012547388
v 0.1904522912493169795 -0.78505503704401302656 -0.58942048960797821522
v -0.80763815375927738849 0.23714395865155396548 0.5398919850001255849
v 0.70591859311764604268 -0.39276255717811819901 0.58942048960797821522
v 0.70811195994461118008 -0.45507592412258590642 0.5398919850001255849
v 0.73554900032430237111 -0.40924847300209166168 0.5398919850001255849
v -0.80763815375927749951 0.23714395865155402099 -0.53989198500012547388
v -0.17239279892863243471 -0.82389159930792865705 -0.53989198500012547388
v 0.19844638433338665506 -0.81800713754687381929 -0.53989198500012547388
v 0.23986011676582175145 -0.77139523644846130779 -0.58942048960797821522
v 0.76002424448712380123 -0.36177312272251638259 0.5398919850001255849
v 0.79970745442957202886 0.26264925635226571421 0.5398919850001255849
v -0.79097151748155414275 0.28789008851565500713 0.5398919850001255849
v 0.24992806652900781406 -0.80377397699458785763 -0.53989198500012547388
v 0.28830211024924423668 -0.7546292994948736732 -0.58942048960797821522
v 0.34966906832141964045 0.76566845774907987821 0.5398919850001255849
v 0.39752676610695714121 0.7419495365327541947 0.5398919850001255849
v 0.3004033766112704229 -0.78630430232396131274 -0.53989198500012547388
v 0.33558321288912690283 -0.73482473669392900373 -0.58942048960797821522
v -0.37378610267463935335 -0.75418869918603803626 0.5398919850001255849
v -0.22430015105069603387 -0.81129901193780540325 -0.53989198500012547388
v 0.81475562992870198542 0.2113998770863127763 0.5398919850001255849
v -0.013354926082349656211 -0.84162835651013989668 0.5398919850001255849
v -0.77111991807140112254 0.33747698660231595369 0.5398919850001255849
v 0.38151304037270833414 -0.71206129403013007639 -0.58942048960797821522
v 0.42590664949535922412 -0.68643063185286856687 -0.58942048960797821522
v 0.67782360262592711297 -0.4990709451128501617 0.5398919850001255849
v -0.83792286944786509295 -0.080011932790554018968 0.5398919850001255849
v 0.30040337661127058944 0.78630430232396109069 0.5398919850001255849
v 0.46858528286159034648 -0.6580359557925498093 -0.58942048960797821522
v -0.46625352140492948294 -0.70080261009083522072 0.5398919850001255849
v 0.8265230720690318611 0.1592992651276025351 0.5398919850001255849
v 0.67782360262592689093 0.49907094511285038374 0.5398919850001255849
v -0.27530432562981982381 -0.79543960978953920371 -0.53989198500012547388
v 0.5093770886779941387 -0.62699160118794428076 -0.58942048960797821522
v 0.78143913926321706409 -0.31284103976330629449 0.5398919850001255849
v -0.72219407424195247724 0.43237988350804834603 0.5398919850001255849
v -0.79097151748155425377 0.28789008851565500713 -0.53989198500012547388
v 0.83496239751430767484 0.10655721125190643905 0.5398919850001255849
v -0.83116118922318504847 -0.1329951956339963659 0.5398919850001255849
v -0.32519994685657788169 -0.77637725307810456776 -0.53989198500012547388
v -0.69331683692768619753 0.47731374185666641807 0.5398919850001255849
v 0.040051330968533534194 -0.84078090809691508056 0.5398919850001255849
v -0.37378610267463940886 -0.75418869918603814728 -0.53989198500012547388
v 0.79970745442957202886 -0.26264925635226571421 0.5398919850001255849
v 0.70811195994461129111 -0.45507592412258596193 -0.53989198500012547388
v 0.8400396240795688918 0.053386089095202669819 0.5398919850001255849
v -0.82105271624266584762 -0.18544293376444578869 0.5398919850001255849
v 0.73554900032430248213 -0.40924847300209171719 -0.53989198500012547388
v 0.64480588889308487754 0.54105638355112561921 0.5398919850001255849
v -0.77111991807140123356 0.3374769866023160092 -0.53989198500012547388
v 0.76002424448712380123 -0.3617731227225164381 -0.53989198500012547388
v 0.78143913926321717511 -0.31284103976330635 -0.53989198500012547388
v -0.42086715378270589394 -0.72896329358855138647 -0.53989198500012547388
v -0.83792286944786520397 0.080011932790553866313 -0.53989198500012547388
v -0.80741968986806744724 0.025630662177261606671 -0.58942048960797821522
v 0.093296315445474134465 -0.83654793171516639294 0.5398919850001255849
v 0.84173430756541234299 0 0.5398919850001255849
v 0.80782639622030871784 0 0.58942048960797821522
v -0.59045547887800575726 0.59989913485149237715 0.5398919850001255849
v -0.74816329091314459632 0.38570498397432934068 -0.53989198500012547388
v -0.80763815375927738849 -0.23714395865155413201 0.5398919850001255849
v 0.79970745442957213989 -0.26264925635226571421 -0.53989198500012547388
v 0.81475562992870209644 -0.21139987708631294283 -0.53989198500012547388
v 0.6448058888930846555 -0.54105638355112595228 0.5398919850001255849
v 0.82652307206903208314 -0.15929926512760217427 -0.53989198500012547388
v -0.46625352140492953845 -0.70080261009083533175 -0.53989198500012547388
v 0.8061999803301655998 -0.051235516450328914828 0.58942048960797821522
v -0.84131053001693423266 0.026706490133477433363 -0.53989198500012547388
v -0.80741968986806744724 -0.025630662177261769735 -0.58942048960797821522
v 0.83496239751430778586 -0.10655721125190627252 -0.53989198500012547388
v -0.79097151748155425377 -0.28789008851565478508 0.5398919850001255849
v 0.81475562992870198542 -0.21139987708631291508 0.5398919850001255849
v -0.50976245065772995968 0.66982004182619792054 0.5398919850001255849
v -0.50976245065772984866 -0.66982004182619814259 -0.53989198500012547388
v 0.60919176942589103874 0.5808631788953197983 0.5398919850001255849
v 0.84003962407956900282 -0.053386089095202690635 -0.53989198500012547388
v -0.72219407424195258827 0.43237988350804840154 -0.53989198500012547388
v 0.80782639622030871784 0 -0.58942048960797821522
v 0.84173430756541245401 0 -0.53989198500012547388
v 0.8061999803301655998 0.051235516450328907889 -0.58942048960797821522
v 0.84003962407956900282 0.053386089095202676758 -0.53989198500012547388
v 0.19844638433338662731 -0.81800713754687370827 0.5398919850001255849
v -0.55121874643921242587 -0.63614034466193669637 -0.53989198500012547388
v -0.42086715378270633803 0.7289632935885510534 0.5398919850001255849
v 0.83496239751430778586 0.10655721125190646681 -0.53989198500012547388
v -0.74816329091314459632 -0.38570498397432906312 0.5398919850001255849
v -0.42086715378270639354 0.72896329358855116443 -0.53989198500012547388
v -0.37378610267463951988 0.75418869918603803626 -0.53989198500012547388
v 0.82652307206903197212 0.15929926512760256285 -0.53989198500012547388
v -0.69331683692768630856 0.47731374185666647358 -0.53989198500012547388
v 0.81475562992870209644 0.21139987708631280405 -0.53989198500012547388
v 0.82652307206903197212 -0.15929926512760214652 0.5398919850001255849
v -0.37378610267463946437 0.75418869918603792524 0.5398919850001255849
v 0.79970745442957213989 0.26264925635226571421 -0.53989198500012547388
v -0.84131053001693423266 -0.026706490133477603366 -0.53989198500012547388
v -0.80416849575071713829 -0.07678878090137945811 -0.58942048960797821522
v 0.78143913926321706409 0.31284103976330662755 -0.53989198500012547388
v -0.6616478574129698309 0.52032562623173839178 -0.53989198500012547388
v 0.76002424448712391225 0.36177312272251621605 -0.53989198500012547388
v -0.72219407424195236622 -0.43237988350804840154 0.5398919850001255849
v 0.2499280665290077863 -0.8037739769945877466 0.5398919850001255849
v 0.19844638433338648853 0.81800713754687370827 0.5398919850001255849
v 0.60919176942589092771 -0.5808631788953197983 0.5398919850001255849
v 0.73554900032430248213 0.40924847300209160617 -0.53989198500012547388
v 0.70811195994461129111 0.45507592412258596193 -0.53989198500012547388
v 0.57112464971365806132 0.61833104323014187464 0.5398919850001255849
v 0.67782360262592700195 0.49907094511285043925 -0.53989198500012547388
v 0.83496239751430767484 -0.10655721125190625864 0.5398919850001255849
v -0.6273146555009395664 0.56124234295566288733 -0.53989198500012547388
v -0.2753043256298197683 -0.79543960978953909269 0.5398919850001255849
v 0.64480588889308498857 0.54105638355112573024 -0.53989198500012547388
v 0.60919176942589114976 0.58086317889531990932 -0.53989198500012547388
v 0.3004033766112704229 -0.78630430232396120172 0.5398919850001255849
v 0.57112464971365817235 0.61833104323014198567 -0.53989198500012547388
v -0.22430015105069633918 0.8112990119378051812 0.5398919850001255849
v 0.53075781261191457006 0.65330910668996500235 -0.53989198500012547388
v 0.34966906832141997352 -0.76566845774907976718 0.5398919850001255849
v 0.48825380112644556352 0.68565652495852591475 -0.53989198500012547388
v -0.66164785741296960886 -0.5203256262317385028 0.5398919850001255849
v 0.53075781261191457006 0.65330910668996500235 0.5398919850001255849
v -0.17239279892863257349 0.82389159930792854603 0.5398919850001255849
v -0.69310164873041135714 -0.41496215605459330078 -0.58942048960797821522
v 0.44378376390997698042 0.71524304639927682725 -0.53989198500012547388
v 0.39752676610695719672 0.74194953653275430572 -0.53989198500012547388
v -0.59045547887800586828 0.59989913485149248817 -0.53989198500012547388
v 0.39752676610695730774 -0.7419495365327541947 0.5398919850001255849
v 0.34966906832141969597 0.76566845774907998923 -0.53989198500012547388
v 0.48825380112644550801 0.68565652495852591475 0.5398919850001255849
v -0.6273146555009395664 -0.56124234295566266528 0.5398919850001255849
v 0.30040337661127064495 0.78630430232396120172 -0.53989198500012547388
v 0.24992806652900786957 0.80377397699458785763 -0.53989198500012547388
v 0.57112464971365817235 -0.61833104323014187464 0.5398919850001255849
v 0.44378376390997692491 -0.71524304639927682725 0.5398919850001255849
v 0.19844638433338651629 0.81800713754687381929 -0.53989198500012547388
v -0.32519994685657788169 -0.77637725307810445674 0.5398919850001255849
v 0.14616562858846937623 0.82894647206678051532 0.5398919850001255849
v -0.55121874643921231485 0.63614034466193680739 -0.53989198500012547388
v -0.066707407559437700839 0.83908686457918246759 0.5398919850001255849
v 0.14616562858846940398 0.82894647206678062634 -0.53989198500012547388
v 0.093296315445474342631 0.83654793171516650396 -0.53989198500012547388
v -0.5097624506577300707 0.66982004182619803156 -0.53989198500012547388
v -0.79097151748155436479 -0.2878900885156548406 -0.53989198500012547388
v 0.04005133096853336766 0.84078090809691519159 -0.53989198500012547388
v -0.013354926082350010094 0.84162835651013989668 0.5398919850001255849
v 0.48825380112644528596 -0.68565652495852591475 0.5398919850001255849
v -0.80763815375927749951 -0.23714395865155415977 -0.53989198500012547388
v -0.012816944387234718503 0.80772471323271133326 -0.58942048960797821522
v -0.013354926082350011829 0.84162835651014000771 -0.53989198500012547388
v -0.83792286944786520397 -0.080011932790554032846 -0.53989198500012547388
v -0.79767919892723815334 -0.12763769830692939244 -0.58942048960797821522
v -0.066707407559437714717 0.83908686457918257862 -0.53989198500012547388
v -0.46625352140492937192 0.70080261009083544277 -0.53989198500012547388
v -0.82105271624266595865 -0.18544293376444581645 -0.53989198500012547388
v -0.55121874643921231485 -0.63614034466193658535 0.5398919850001255849
v 0.040051330968533360721 0.84078090809691508056 0.5398919850001255849
v -0.11979128185024739972 0.83316666599504507484 -0.53989198500012547388
v -0.17239279892863260124 0.82389159930792865705 -0.53989198500012547388
v -0.21526458060030295716 0.77861713747468130897 -0.58942048960797821522
v 0.093296315445474328754 0.83654793171516639294 0.5398919850001255849
v -0.22430015105069636694 0.81129901193780529223 -0.53989198500012547388
v -0.26421413412582889224 0.76339660580751189656 -0.58942048960797821522
v 0.5307578126119147921 -0.6533091066899647803 0.5398919850001255849
v -0.83116118922318515949 -0.13299519563399639366 -0.53989198500012547388
v -0.27530432562981965727 0.79543960978953931473 -0.53989198500012547388
v -0.31209979058596232226 0.74510214544483066579 -0.58942048960797821522
v -0.40391319811015452546 0.69959818097442072471 -0.58942048960797821522
v -0.32519994685657788169 0.77637725307810456776 -0.53989198500012547388
v 0.70268655922350486964 0.51737715221360969231 -0.48841834717173260305
v 0.41210827476762168509 0.76916466898453372814 -0.48841834717173260305
v 0.46006200565024396587 0.74147856955080482244 -0.48841834717173260305
v 0.15152706726598672016 0.85935270176557987387 0.48841834717173288061
v 0.096718477542881986508 0.86723298729223829984 0.48841834717173288061
v 0.31142234391414519434 -0.81514639289949175627 -0.48841834717173260305
v 0.34966906832142002903 -0.76566845774907987821 -0.53989198500012547388
v -0.33712846650816025162 0.80485521382164693094 -0.48841834717173260305
v -0.28540264541795062891 0.82461678865668763816 -0.48841834717173260305
v -0.11979128185024738584 0.83316666599504496382 0.5398919850001255849
v -0.12418529443681497471 0.86372769481571798345 0.48841834717173288061
v -0.59045547887800575726 -0.59989913485149248817 0.5398919850001255849
v -0.61211372283303022712 -0.62190377749738823265 0.48841834717173288061
v -0.22430015105069600612 -0.81129901193780529223 0.5398919850001255849
v -0.28540264541795079545 -0.82461678865668752714 0.48841834717173288061
v -0.23252760860572788126 -0.84105792272716506375 0.48841834717173288061
v 0.70811195994461118008 0.45507592412258590642 0.5398919850001255849
v 0.76252935745498717779 0.42425994056158194967 0.48841834717173288061
v 0.73408591077506757383 0.47176836874420918777 0.48841834717173288061
v 0.70268655922350475862 0.51737715221360958129 0.48841834717173288061
v 0.50616322921213063868 -0.71080679761773568615 0.48841834717173288061
v 0.55022631209713857015 -0.67727285758548960715 0.48841834717173288061
v 0.78790236754242071182 0.37504316733821552177 0.48841834717173288061
v 0.59207382782227890861 -0.64101177879498216772 0.48841834717173288061
v 0.04152043664689585023 0.87162123166354987802 0.48841834717173288061
v 0.59207382782227890861 0.64101177879498227874 -0.48841834717173260305
v 0.63153727121154734636 0.60216957181238028873 -0.48841834717173260305
v 0.5502263120971383481 0.67727285758548994021 -0.48841834717173260305
v -0.23252760860572826984 0.84105792272716506375 -0.48841834717173260305
v 0.25909557065036636914 -0.83325686520747843655 -0.48841834717173260305
v -0.84131053001693412163 -0.026706490133477599896 0.5398919850001255849
v -0.87217028041786559545 0.027686099433728864061 0.48841834717173288061
v -0.87217028041786559545 -0.027686099433729041003 0.48841834717173288061
v 0.20572551096974572848 -0.84801210621209288654 -0.48841834717173260305
v -0.74816329091314448529 0.38570498397432928517 0.5398919850001255849
v -0.77560634742196343794 0.39985286291934080127 0.48841834717173288061
v -0.79940503676638663411 0.34985583507862866304 0.48841834717173288061
v -0.77111991807140112254 -0.33747698660231606471 0.5398919850001255849
v -0.81998480417277797017 -0.29845006126949202852 0.48841834717173288061
v -0.79940503676638663411 -0.34985583507862877406 0.48841834717173288061
v -0.17871626518282113238 0.85411241338897325726 -0.48841834717173260305
v -0.38749679025113298314 0.78185277110917894561 -0.48841834717173260305
v -0.27530432562981960176 0.79543960978953920371 0.5398919850001255849
v -0.23252760860572821433 0.84105792272716495273 0.48841834717173288061
v -0.82105271624266584762 0.18544293376444601074 0.5398919850001255849
v -0.85116939847264516672 0.19224508641249626884 0.48841834717173288061
v 0.15152706726598635933 -0.85935270176558009592 -0.48841834717173260305
v 0.44378376390997692491 0.71524304639927682725 0.5398919850001255849
v 0.46006200565024391036 0.74147856955080471142 0.48841834717173288061
v 0.41210827476762162958 0.76916466898453361711 0.48841834717173288061
v 0.36249512931355781786 0.79375361376813891034 -0.48841834717173260305
v -0.46625352140492931641 0.70080261009083533175 0.5398919850001255849
v -0.48335596667424246542 0.72650844979700079929 0.48841834717173288061
v 0.66845773690679133328 0.56090264049608784536 0.48841834717173288061
v 0.85684041007281042113 0.16514245308911620902 -0.48841834717173260305
v 0.84464133143875852472 0.21915414522977688661 -0.48841834717173260305
v -0.86865835852568862308 -0.082946816150403196444 0.48841834717173288061
v -0.69331683692768630856 -0.47731374185666625154 0.5398919850001255849
v -0.71874809420188323639 -0.49482188232453228061 0.48841834717173288061
v 0.81010277288099208359 0.32431622764912704238 0.48841834717173288061
v 0.24992806652900784181 0.8037739769945877466 0.5398919850001255849
v 0.096718477542881806097 -0.86723298729223841086 -0.48841834717173260305
v 0.36249512931355815093 -0.79375361376813879932 -0.48841834717173260305
v 0.39752676610695736326 -0.7419495365327541947 -0.53989198500012547388
v -0.42086715378270583843 -0.72896329358855127545 0.5398919850001255849
v -0.4363048011843416174 -0.75570208323751808521 0.48841834717173288061
v -0.38749679025113281661 -0.78185277110917894561 0.48841834717173288061
v 0.14616562858846898765 -0.82894647206678062634 0.5398919850001255849
v 0.15152706726598633158 -0.85935270176557998489 0.48841834717173288061
v 0.20572551096974570073 -0.84801210621209277551 0.48841834717173288061
v 0.41210827476762185162 -0.76916466898453361711 -0.48841834717173260305
v 0.44378376390997698042 -0.71524304639927682725 -0.53989198500012547388
v 0.2057255109697455342 0.84801210621209277551 0.48841834717173288061
v 0.46006200565024391036 -0.74147856955080471142 0.48841834717173288061
v -0.74868456506189950961 0.44823982440665283145 0.48841834717173288061
v 0.041520436646896030641 -0.87162123166354987802 0.48841834717173288061
v 0.86558929479198265522 0.11046579057586543293 -0.48841834717173260305
v -0.66164785741296971988 0.52032562623173839178 0.5398919850001255849
v -0.50976245065772984866 -0.66982004182619803156 0.5398919850001255849
v -0.57143776465485984772 -0.65947433556757129036 0.48841834717173288061
v -0.52846082828382234808 -0.69438942324578145637 0.48841834717173288061
v 0.041520436646896030641 -0.87162123166354998904 -0.48841834717173260305
v 0.8400396240795688918 -0.053386089095202683696 0.5398919850001255849
v 0.8655892947919825442 -0.11046579057586522477 0.48841834717173288061
v 0.87260960236868390094 0 0.48841834717173288061
v -0.62731465550093945538 0.5612423429556627763 0.5398919850001255849
v -0.65032491509107626104 0.58182903241228600688 0.48841834717173288061
v -0.77560634742196354896 -0.39985286291934057923 0.48841834717173288061
v -0.65032491509107637206 -0.58182903241228589586 0.48841834717173288061
v 0.63153727121154723534 0.60216957181238028873 0.48841834717173288061
v -0.12418529443681498858 0.86372769481571809447 -0.48841834717173260305
v -0.77111991807140123356 -0.33747698660231612022 -0.53989198500012547388
v 0.46006200565024396587 -0.74147856955080482244 -0.48841834717173260305
v 0.48825380112644534147 -0.68565652495852602577 -0.53989198500012547388
v -0.43630480118434217252 0.75570208323751797419 -0.48841834717173260305
v 0.87085275692537555958 0.055344321312178118566 -0.48841834717173260305
v -0.12418529443681497471 -0.86372769481571798345 0.48841834717173288061
v 0.85684041007281042113 -0.16514245308911576493 0.48841834717173288061
v -0.01384479239308738889 -0.87249976496823489214 -0.48841834717173260305
v -0.55121874643921231485 0.63614034466193669637 0.5398919850001255849
v -0.5714377646548597367 0.65947433556757140138 0.48841834717173288061
v -0.86164865601128359796 0.13787353531400181605 0.48841834717173288061
v 0.63153727121154712432 -0.60216957181238028873 0.48841834717173288061
v -0.069154273340537614212 0.86986504966274802442 -0.48841834717173260305
v -0.83726278218129268627 -0.24584253439971273658 0.48841834717173288061
v 0.59207382782227879758 0.64101177879498227874 0.48841834717173288061
v -0.38749679025113292763 0.78185277110917894561 0.48841834717173288061
v -0.48335596667424252093 0.72650844979700091031 -0.48841834717173260305
v 0.82904118027389750445 0.27228338097668713935 0.48841834717173288061
v -0.6859174784441771644 -0.53941146716659116311 0.48841834717173288061
v 0.50616322921213097175 0.71080679761773568615 -0.48841834717173260305
v -0.52846082828382257013 0.69438942324578145637 -0.48841834717173260305
v -0.069154273340537822379 -0.86986504966274791339 -0.48841834717173260305
v -0.74816329091314470734 -0.38570498397432911863 -0.53989198500012547388
v 0.41210827476762179611 -0.76916466898453350609 0.48841834717173288061
v 0.8446413314387584137 -0.21915414522977699763 0.48841834717173288061
v -0.32519994685657788169 0.77637725307810445674 0.5398919850001255849
v -0.28540264541795062891 0.82461678865668752714 0.48841834717173288061
v -0.33712846650816019611 0.80485521382164681992 0.48841834717173288061
v -0.48335596667424263195 -0.72650844979700068826 0.48841834717173288061
v 0.5061632292121307497 -0.71080679761773579717 -0.48841834717173260305
v 0.53075781261191490312 -0.65330910668996489132 -0.53989198500012547388
v -0.013844792393087754917 0.87249976496823489214 -0.48841834717173260305
v -0.17871626518282113238 0.85411241338897314623 0.48841834717173288061
v -0.013844792393087753182 0.87249976496823478112 0.48841834717173288061
v -0.57143776465485984772 0.65947433556757151241 -0.48841834717173260305
v -0.52846082828382245911 0.69438942324578134535 0.48841834717173288061
v 0.82904118027389761547 0.27228338097668713935 -0.48841834717173260305
v -0.81998480417277797017 0.29845006126949219505 0.48841834717173288061
v -0.72219407424195247724 -0.43237988350804845705 -0.53989198500012547388
v -0.12418529443681498858 -0.86372769481571809447 -0.48841834717173260305
v 0.8446413314387584137 0.21915414522977685885 0.48841834717173288061
v 0.55022631209713868117 -0.67727285758548971817 -0.48841834717173260305
v 0.57112464971365817235 -0.61833104323014187464 -0.53989198500012547388
v 0.096718477542881792219 -0.86723298729223829984 0.48841834717173288061
v -0.61211372283303033814 0.62190377749738823265 -0.48841834717173260305
v 0.82904118027389750445 -0.27228338097668713935 0.48841834717173288061
v 0.66845773690679133328 0.56090264049608784536 -0.48841834717173260305
v 0.041520436646895857169 0.87162123166354998904 -0.48841834717173260305
v 0.36249512931355809542 -0.7937536137681386883 0.48841834717173288061
v -0.33712846650816019611 -0.80485521382164681992 0.48841834717173288061
v -0.85116939847264516672 -0.19224508641249604679 0.48841834717173288061
v -0.17871626518282096585 -0.85411241338897325726 -0.48841834717173260305
v -0.23252760860572790902 -0.84105792272716517477 -0.48841834717173260305
v -0.74868456506189950961 -0.44823982440665294247 -0.48841834717173260305
v -0.69331683692768641958 -0.47731374185666630705 -0.53989198500012547388
v 0.66845773690679111123 -0.5609026404960880674 0.48841834717173288061
v 0.59207382782227901963 -0.64101177879498216772 -0.48841834717173260305
v 0.60919176942589103874 -0.58086317889531990932 -0.53989198500012547388
v 0.36249512931355776235 0.79375361376813879932 0.48841834717173288061
v 0.096718477542882000386 0.86723298729223841086 -0.48841834717173260305
v 0.5502263120971383481 0.67727285758548982919 0.48841834717173288061
v 0.81010277288099219462 0.32431622764912709789 -0.48841834717173260305
v 0.81010277288099219462 -0.32431622764912676482 0.48841834717173288061
v -0.65032491509107637206 0.5818290324122861179 -0.48841834717173260305
v -0.68591747844417727542 0.53941146716659105209 -0.48841834717173260305
v 0.8568404100728103101 0.16514245308911618126 0.48841834717173288061
v -0.28540264541795085096 -0.82461678865668763816 -0.48841834717173260305
v -0.17871626518282096585 -0.85411241338897314623 0.48841834717173288061
v -0.71874809420188323639 0.49482188232453255816 -0.48841834717173260305
v -0.33712846650816025162 -0.80485521382164693094 -0.48841834717173260305
v 0.78790236754242082284 0.37504316733821557728 -0.48841834717173260305
v 0.25909557065036636914 0.83325686520747832553 0.48841834717173288061
v 0.7879023675424206008 -0.37504316733821574381 0.48841834717173288061
v 0.31142234391414513883 -0.81514639289949175627 0.48841834717173288061
v 0.87260960236868401196 0 -0.48841834717173260305
v 0.87085275692537555958 -0.055344321312178125505 -0.48841834717173260305
v 0.64480588889308476652 -0.54105638355112595228 -0.53989198500012547388
v 0.15152706726598674791 0.85935270176557998489 -0.48841834717173260305
v -0.38749679025113287212 -0.78185277110917905663 -0.48841834717173260305
v 0.8655892947919825442 0.11046579057586541905 0.48841834717173288061
v -0.069154273340537600334 0.86986504966274791339 0.48841834717173288061
v -0.71874809420188334741 -0.49482188232453239163 -0.48841834717173260305
v -0.66164785741296971988 -0.5203256262317385028 -0.53989198500012547388
v 0.20572551096974556195 0.84801210621209288654 -0.48841834717173260305
v -0.8686583585256887341 0.082946816150403043788 -0.48841834717173260305
v -0.74868456506189962063 0.44823982440665288696 -0.48841834717173260305
v -0.86164865601128359796 -0.13787353531400198259 0.48841834717173288061
v -0.71874809420188323639 0.49482188232453250265 0.48841834717173288061
v 0.76252935745498717779 -0.42425994056158206069 0.48841834717173288061
v -0.77560634742196354896 0.39985286291934085678 -0.48841834717173260305
v 0.25909557065036636914 0.83325686520747843655 -0.48841834717173260305
v 0.86558929479198265522 -0.11046579057586523864 -0.48841834717173260305
v 0.677823602625927224 -0.49907094511285027272 -0.53989198500012547388
v -0.61211372283303033814 0.62190377749738812163 0.48841834717173288061
v -0.83726278218129268627 0.24584253439971257005 0.48841834717173288061
v -0.79940503676638674513 0.34985583507862866304 -0.48841834717173260305
v 0.73408591077506768485 -0.47176836874420924328 -0.48841834717173260305
v -0.43630480118434167291 -0.75570208323751819623 -0.48841834717173260305
v 0.87085275692537544856 0.055344321312178111627 0.48841834717173288061
v -0.6859174784441771644 -0.53941146716659116311 -0.48841834717173260305
v -0.62731465550093967742 -0.5612423429556627763 -0.53989198500012547388
v 0.85684041007281053215 -0.16514245308911579269 -0.48841834717173260305
v -0.81998480417277808119 0.29845006126949225056 -0.48841834717173260305
v 0.84464133143875852472 -0.21915414522977702538 -0.48841834717173260305
v 0.50616322921213086072 0.71080679761773557512 0.48841834717173288061
v 0.73408591077506757383 -0.47176836874420918777 0.48841834717173288061
v 0.25909557065036631363 -0.83325686520747832553 0.48841834717173288061
v -0.48335596667424274298 -0.72650844979700079929 -0.48841834717173260305
v 0.76252935745498728881 -0.4242599405615821162 -0.48841834717173260305
v -0.86164865601128370898 0.13787353531400184381 -0.48841834717173260305
v -0.83726278218129279729 0.24584253439971262556 -0.48841834717173260305
v -0.65032491509107648309 -0.58182903241228600688 -0.48841834717173260305
v -0.59045547887800575726 -0.5998991348514925992 -0.53989198500012547388
v -0.52846082828382234808 -0.6943894232457815674 -0.48841834717173260305
v 0.82904118027389761547 -0.27228338097668713935 -0.48841834717173260305
v 0.31142234391414536088 0.81514639289949175627 -0.48841834717173260305
v -0.85116939847264527774 0.19224508641249629659 -0.48841834717173260305
v 0.81010277288099230564 -0.32431622764912682033 -0.48841834717173260305
v 0.70268655922350498066 -0.51737715221360935924 0.48841834717173288061
v 0.78790236754242071182 -0.37504316733821579932 -0.48841834717173260305
v -0.57143776465485984772 -0.65947433556757140138 -0.48841834717173260305
v -0.61211372283303022712 -0.62190377749738834368 -0.48841834717173260305
v -0.436304801184342117 0.75570208323751786317 0.48841834717173288061
v -0.3998113969438363835 0.8066999688409842717 0.43518502633451583428
v 0.31142234391414536088 0.81514639289949164525 0.48841834717173288061
v 0.37401518588647558738 0.81897901901119041224 0.43518502633451583428
v -0.74868456506189939859 -0.44823982440665288696 0.48841834717173288061
v -0.80025503447476631358 -0.4125601442844634148 0.43518502633451583428
v -0.77247768074076683664 -0.46248483825050173968 0.43518502633451583428
v -0.6859174784441771644 0.53941146716659105209 0.48841834717173288061
v -0.67099217157756774199 0.60031949704790255051 0.43518502633451583428
v -0.70771586280038467631 0.55655390609979005223 0.43518502633451583428
v -0.54525525708050481821 0.71645704510479879534 -0.43518502633451550121
v -0.4987169677764893283 0.74959681089639862428 -0.43518502633451550121
v -0.74158983202760819786 0.51054726900404701073 0.43518502633451583428
v -0.74158983202760830888 -0.51054726900404678869 0.43518502633451583428
v -0.87217028041786570647 0.02768609943372886753 -0.48841834717173260305
v -0.63156663170231397419 0.64166781326042887645 0.43518502633451583428
v -0.45017052126228451758 0.77971821489604187239 -0.43518502633451550121
v -0.87217028041786570647 -0.027686099433729044472 -0.48841834717173260305
v -0.5895979959087020994 0.68043235966161175199 0.43518502633451583428
v 0.63153727121154723534 -0.60216957181238028873 -0.48841834717173260305
v -0.77247768074076694766 0.46248483825050162865 0.43518502633451583428
v 0.87085275692537544856 -0.055344321312178118566 0.48841834717173288061
v 0.89309763032134148464 -0.11397638162633225156 0.43518502633451583428
v 0.8985283647203257118 -0.057103157944585772321 0.43518502633451583428
v -0.5895979959087020994 0.68043235966161186301 -0.43518502633451550121
v -0.82481004362996379609 -0.36097421622792408291 0.43518502633451583428
v -0.3998113969438363835 0.80669996884098438272 -0.43518502633451550121
v -0.70771586280038456529 -0.55655390609979016325 0.43518502633451583428
v -0.54525525708050470719 0.71645704510479868432 0.43518502633451583428
v 0.88407070697829681638 -0.17039066264652316662 0.43518502633451583428
v -0.80025503447476631358 0.41256014428446363684 0.43518502633451583428
v -0.34784237324083694398 0.83043342673113129671 -0.43518502633451550121
v 0.87148394292549757889 -0.2261188406065599843 0.43518502633451583428
v 0.85538802061936480836 -0.28093651780270917362 0.43518502633451583428
v -0.67099217157756785301 -0.60031949704790243949 0.43518502633451583428
v -0.8686583585256887341 -0.082946816150403210322 -0.48841834717173260305
v -0.45017052126228446207 0.77971821489604187239 0.43518502633451583428
v -0.82481004362996379609 0.36097421622792391638 0.43518502633451583428
v 0.21226344578104028304 0.87496184056185355438 -0.43518502633451550121
v 0.26732960026984525781 0.85973767957080482471 -0.43518502633451550121
v 0.87148394292549768991 -0.22611884060656001205 -0.43518502633451550121
v 0.85538802061936491938 -0.28093651780270922913 -0.43518502633451550121
v -0.29447271106959477249 0.85082302230813544597 -0.43518502633451550121
v 0.83584775265806965372 -0.33462296279646025488 0.43518502633451583428
v -0.34784237324083694398 0.83043342673113118568 0.43518502633451583428
v -0.23991731122318379898 0.86778665386698872197 -0.43518502633451550121
v 0.81294182080407606517 -0.38696199922212032307 0.43518502633451583428
v 0.89852836472032582282 -0.05710315794458577926 -0.43518502633451550121
v 0.89309763032134159566 -0.11397638162633226544 -0.43518502633451550121
v -0.63156663170231386317 -0.64166781326042887645 0.43518502633451583428
v 0.66845773690679122225 -0.56090264049608817842 -0.48841834717173260305
v -0.86164865601128370898 -0.13787353531400201034 -0.48841834717173260305
v 0.78676245916045495221 -0.4377428762527386108 0.43518502633451583428
v -0.29447271106959471698 0.85082302230813533495 0.43518502633451583428
v 0.75741508277670199778 -0.48676111721930764853 0.43518502633451583428
v -0.23991731122318377123 0.86778665386698861095 0.43518502633451583428
v -0.18439584904179709413 0.88125601485061189067 -0.43518502633451550121
v -0.84604383385102865933 0.30793477240623506885 0.43518502633451583428
v 0.72501786317954131089 -0.53381934296613764435 0.43518502633451583428
v -0.84604383385102877035 -0.30793477240623484681 0.43518502633451583428
v 0.68970125253789293929 -0.57872806662705444936 0.43518502633451583428
v 0.70268655922350509169 -0.51737715221360947027 -0.48841834717173260305
v 0.72501786317954131089 -0.53381934296613764435 -0.43518502633451550121
v -0.58959799590870221042 -0.68043235966161164097 0.43518502633451583428
v -0.18439584904179706637 0.88125601485061177964 0.43518502633451583428
v 0.65160745837803457636 -0.6213064566221284668 0.43518502633451583428
v -0.85116939847264527774 -0.19224508641249607455 -0.48841834717173260305
v -0.12813188985768500516 0.89117686889625058466 -0.43518502633451550121
v 0.8985283647203257118 0.057103157944585758443 0.43518502633451583428
v 0.61088987096407998401 -0.6613830648026275405 0.43518502633451583428
v 0.56771244564952649814 -0.69879651681219789872 0.43518502633451583428
v 0.7574150827767021088 -0.48676111721930770404 -0.43518502633451550121
v -0.07135198877646807547 0.89750926822616705625 -0.43518502633451550121
v 0.90034104252456859108 0 -0.43518502633451550121
v -0.12813188985768497741 0.89117686889625047364 0.43518502633451583428
v 0.89309763032134148464 0.11397638162633244585 0.43518502633451583428
v 0.52224904268691163534 -0.73339616188444223255 0.43518502633451583428
v -0.86387090415907485941 0.25365538393972503206 0.43518502633451583428
v 0.88407070697829670536 0.17039066264652358296 0.43518502633451583428
v 0.47468272715394282946 -0.76504267946038295722 0.43518502633451583428
v -0.83726278218129279729 -0.24584253439971276434 -0.48841834717173260305
v -0.071351988776468061593 0.89750926822616694523 0.43518502633451583428
v -0.54525525708050448515 -0.71645704510479879534 0.43518502633451583428
v 0.89852836472032582282 0.057103157944585765382 -0.43518502633451550121
v 0.87148394292549757889 0.22611884060655981776 0.43518502633451583428
v -0.29447271106959499454 -0.85082302230813533495 -0.43518502633451550121
v -0.87821947123392507528 0.19835461476817728421 0.43518502633451583428
v -0.014284778419688160672 0.90022771450324012843 0.43518502633451583428
v -0.74158983202760830888 0.51054726900404701073 -0.43518502633451550121
v -0.34784237324083694398 -0.83043342673113129671 -0.43518502633451550121
v 0.85538802061936480836 0.28093651780270917362 0.43518502633451583428
v 0.42520503181503571666 -0.79360864018318333368 0.43518502633451583428
v -0.49871696777648943932 -0.74959681089639840224 0.43518502633451583428
v 0.8358477526580695427 0.33462296279646053243 0.43518502633451583428
v -0.39981139694383627248 -0.80669996884098438272 -0.43518502633451550121
v -0.86387090415907497043 0.25365538393972508757 -0.43518502633451550121
v -0.014284778419688162407 0.90022771450324023945 -0.43518502633451550121
v 0.37401518588647597596 -0.81897901901119041224 0.43518502633451583428
v 0.78676245916045506323 -0.43774287625273866631 -0.43518502633451550121
v -0.88903175846020610074 0.14225514157098298473 0.43518502633451583428
v 0.042839951698064294983 0.89932126150377111884 0.43518502633451583428
v -0.89626422857338750028 0.085582857126748138055 0.43518502633451583428
v -0.86865835852568862308 0.08294681615040302991 0.48841834717173288061
v 0.32131931281067988015 -0.84105165838318118876 0.43518502633451583428
v 0.81294182080407617619 0.38696199922212004552 0.43518502633451583428
v -0.45017052126228396247 -0.77971821489604209443 -0.43518502633451550121
v -0.86387090415907485941 -0.25365538393972519859 0.43518502633451583428
v 0.81294182080407617619 -0.38696199922212037858 -0.43518502633451550121
v 0.26732960026984514679 -0.85973767957080471369 0.43518502633451583428
v 0.78676245916045495221 0.43774287625273849978 0.43518502633451583428
v 0.85538802061936491938 0.28093651780270922913 -0.43518502633451550121
v 0.099792180450422859894 0.89479355919406189379 0.43518502633451583428
v 0.8840707069782969274 -0.17039066264652319438 -0.43518502633451550121
v -0.49871696777648955035 -0.74959681089639851326 -0.43518502633451550121
v 0.83584775265806965372 0.33462296279646058794 -0.43518502633451550121
v -0.77247768074076694766 0.46248483825050168416 -0.43518502633451550121
v -0.89988775896897843509 0.028565960722800411153 0.43518502633451583428
v 0.75741508277670199778 0.48676111721930764853 0.43518502633451583428
v 0.21226344578104044958 -0.87496184056185344335 0.43518502633451583428
v -0.54525525708050459617 -0.71645704510479890637 -0.43518502633451550121
v -0.45017052126228390696 -0.77971821489604198341 0.43518502633451583428
v -0.81998480417277808119 -0.29845006126949202852 -0.48841834717173260305
v 0.15634258131313560902 0.88666283903328912963 0.43518502633451583428
v 0.76252935745498728881 0.42425994056158200518 -0.48841834717173260305
v 0.72501786317954108885 0.53381934296613786639 0.43518502633451583428
v 0.15634258131313522044 -0.88666283903328924065 0.43518502633451583428
v -0.80025503447476631358 0.41256014428446369235 -0.43518502633451550121
v 0.73408591077506768485 0.47176836874420924328 -0.48841834717173260305
v -0.79940503676638674513 -0.34985583507862882957 -0.48841834717173260305
v 0.09979218045042263785 -0.89479355919406189379 0.43518502633451583428
v 0.099792180450422859894 0.89479355919406189379 -0.43518502633451550121
v 0.68970125253789316133 0.57872806662705411629 0.43518502633451583428
v -0.58959799590870221042 -0.68043235966161175199 -0.43518502633451550121
v -0.89988775896897843509 -0.028565960722800595034 0.43518502633451583428
v 0.042839951698064475394 -0.89932126150377111884 0.43518502633451583428
v -0.63156663170231397419 -0.64166781326042898748 -0.43518502633451550121
v 0.65160745837803468739 0.6213064566221284668 0.43518502633451583428
v 0.15634258131313563678 0.88666283903328924065 -0.43518502633451550121
v 0.83584775265806976474 -0.33462296279646025488 -0.43518502633451550121
v 0.21226344578104025529 0.87496184056185344335 0.43518502633451583428
v -0.014284778419687782502 -0.90022771450324012843 0.43518502633451583428
v -0.013844792393087387156 -0.87249976496823478112 0.48841834717173288061
v -0.89626422857338750028 -0.085582857126748318466 0.43518502633451583428
v 0.65160745837803479841 0.6213064566221284668 -0.43518502633451550121
v 0.61088987096407987298 0.66138306480262765152 0.43518502633451583428
v -0.67099217157756796404 -0.60031949704790255051 -0.43518502633451550121
v 0.2673296002698452023 0.85973767957080471369 0.43518502633451583428
v -0.069154273340537822379 -0.86986504966274780237 0.48841834717173288061
v 0.56771244564952616507 0.69879651681219812076 0.43518502633451583428
v -0.39981139694383621697 -0.80669996884098438272 0.43518502633451583428
v -0.70771586280038467631 -0.55655390609979016325 -0.43518502633451550121
v 0.52224904268691185738 0.73339616188444212153 0.43518502633451583428
v -0.12813188985768497741 -0.89117686889625047364 0.43518502633451583428
v -0.88903175846020610074 -0.14225514157098317902 0.43518502633451583428
v 0.47468272715394282946 0.76504267946038295722 0.43518502633451583428
v -0.18439584904179689984 -0.88125601485061177964 0.43518502633451583428
v -0.77560634742196365998 -0.39985286291934063474 -0.48841834717173260305
v 0.3213193128106801022 0.84105165838318107774 0.43518502633451583428
v -0.23991731122318341041 -0.86778665386698872197 0.43518502633451583428
v 0.3740151858864756429 0.81897901901119052326 -0.43518502633451550121
v 0.42520503181503560564 0.79360864018318344471 0.43518502633451583428
v -0.29447271106959493903 -0.85082302230813522392 0.43518502633451583428
v 0.32131931281068015771 0.84105165838318118876 -0.43518502633451550121
v -0.87821947123392507528 -0.19835461476817706217 0.43518502633451583428
v -0.34784237324083694398 -0.83043342673113118568 0.43518502633451583428
v -0.071351988776468297515 -0.8975092682261668342 0.43518502633451583428
v -0.13161684924301958466 -0.91541529382467845544 0.3803838125199569542
v -0.073292635895815597125 -0.92191992314746384896 0.3803838125199569542
v 0.77801542516022881291 -0.50000015338550718447 -0.38038381251995684318
v 0.74473705884292473733 -0.54833827912956467632 -0.38038381251995684318
v -0.49871696777648927279 0.74959681089639851326 0.43518502633451583428
v -0.51228118180165260753 0.76998451019788993754 0.3803838125199569542
v -0.56008522975691077406 0.73594340175106587321 0.3803838125199569542
v 0.90034104252456848005 0 0.43518502633451583428
v 0.92482871666746069295 0 0.3803838125199569542
v 0.92296673725271716204 0.058656262222000689344 0.3803838125199569542
v -0.60563401217052947878 0.69893890897202837209 0.3803838125199569542
v -0.64874412017188831658 0.6591200358926929681 0.3803838125199569542
v 0.91738829654241560441 0.11707633637839562346 0.3803838125199569542
v -0.30248184477789141766 -0.87396389442158639582 -0.38038381251995684318
v -0.23991731122318343816 -0.86778665386698883299 -0.43518502633451550121
v -0.46241435833373056852 0.80092516278338177216 0.3803838125199569542
v -0.88736665543934134526 0.26055435898710183062 -0.38038381251995684318
v -0.8782194712339251863 0.19835461476817731197 -0.43518502633451550121
v -0.56008522975691077406 0.73594340175106587321 -0.38038381251995684318
v -0.68924196457150954664 0.61664711906112745776 0.3803838125199569542
v -0.410685555451064499 0.82864077241989053668 0.3803838125199569542
v -0.72696447484345805279 0.57169118192286083602 0.3803838125199569542
v -0.82202054730807938565 0.42378104603215538404 -0.38038381251995684318
v -0.82481004362996390711 0.36097421622792397189 -0.43518502633451550121
v -0.41068555545106433247 -0.8286407724198906477 -0.38038381251995684318
v -0.60563401217052947878 0.69893890897202837209 -0.38038381251995684318
v -0.63156663170231408522 0.64166781326042887645 -0.43518502633451550121
v -0.76175975575279331053 0.52443324616983133524 0.3803838125199569542
v -0.35730306678550499688 0.85301973812946163545 0.3803838125199569542
v -0.18439584904179692759 -0.88125601485061189067 -0.43518502633451550121
v 0.90811585694842056338 0.17502498544955819026 0.3803838125199569542
v -0.79348769898407145451 0.47506360282992204924 0.3803838125199569542
v -0.82202054730807938565 0.42378104603215538404 0.3803838125199569542
v 0.92482871666746069295 0 -0.38038381251995684318
v 0.92296673725271716204 -0.058656262222000696283 -0.38038381251995684318
v -0.8472434090151079733 0.37079207253289636625 0.3803838125199569542
v -0.86905472054331434073 0.31631005022629932188 0.3803838125199569542
v -0.30248184477789119562 0.87396389442158650684 0.3803838125199569542
v -0.51228118180165260753 0.76998451019788993754 -0.38038381251995684318
v 0.89518675531232727582 0.23226887067829335431 0.3803838125199569542
v -0.88736665543934134526 0.26055435898710183062 0.3803838125199569542
v -0.24644263514043912577 0.89138890657098635018 0.3803838125199569542
v -0.79348769898407145451 0.47506360282992204924 -0.38038381251995684318
v -0.90210547800444562672 0.20374950730530105858 -0.38038381251995684318
v -0.88903175846020621176 0.14225514157098301249 -0.43518502633451550121
v -0.46241435833373001341 -0.8009251627833819942 -0.38038381251995684318
v -0.90210547800444562672 0.20374950730530105858 0.3803838125199569542
v 0.92296673725271716204 0.058656262222000689344 -0.38038381251995684318
v 0.89309763032134159566 0.11397638162633245973 -0.43518502633451550121
v -0.12813188985768500516 -0.89117686889625058466 -0.43518502633451550121
v -0.18941108799166894716 0.90522461020378508501 0.3803838125199569542
v -0.91321184020213330701 0.14612422826970047907 0.3803838125199569542
v -0.92064102063175556889 0.08791055854049360796 0.3803838125199569542
v -0.92436310460580528581 0.029342904019528447818 0.3803838125199569542
v -0.13161684924301958466 0.91541529382467845544 0.3803838125199569542
v 0.91738829654241560441 0.11707633637839562346 -0.38038381251995684318
v 0.88407070697829681638 0.17039066264652361071 -0.43518502633451550121
v -0.92436310460580528581 -0.029342904019528635168 0.3803838125199569542
v -0.13161684924301958466 -0.91541529382467845544 -0.38038381251995684318
v -0.071351988776468297515 -0.89750926822616694523 -0.43518502633451550121
v -0.8472434090151079733 0.37079207253289636625 -0.38038381251995684318
v -0.84604383385102877035 0.30793477240623506885 -0.43518502633451550121
v -0.86905472054331434073 0.31631005022629932188 -0.38038381251995684318
v -0.92064102063175556889 -0.087910558540493788371 0.3803838125199569542
v -0.91321184020213330701 0.14612422826970047907 -0.38038381251995684318
v -0.8962642285733876113 0.085582857126748151932 -0.43518502633451550121
v -0.07329263589581537508 0.92191992314746395998 0.3803838125199569542
v -0.46241435833373056852 0.80092516278338177216 -0.38038381251995684318
v -0.91321184020213330701 -0.1461242282697006456 0.3803838125199569542
v 0.90811585694842056338 0.17502498544955819026 -0.38038381251995684318
v 0.87148394292549768991 0.22611884060655984552 -0.43518502633451550121
v 0.89518675531232727582 0.23226887067829335431 -0.38038381251995684318
v -0.90210547800444562672 -0.20374950730530083653 0.3803838125199569542
v -0.64874412017188831658 0.6591200358926929681 -0.38038381251995684318
v -0.67099217157756785301 0.60031949704790266154 -0.43518502633451550121
v -0.014673298972037852536 0.92471230632562662066 0.3803838125199569542
v -0.88736665543934134526 -0.26055435898710199716 0.3803838125199569542
v 0.044005122147850621317 0.92378119941766245748 0.3803838125199569542
v -0.8472434090151079733 -0.37079207253289653279 0.3803838125199569542
v 0.10250635017218355516 0.91913035166246137564 0.3803838125199569542
v -0.073292635895815597125 -0.92191992314746384896 -0.38038381251995684318
v -0.014284778419687784237 -0.90022771450324023945 -0.43518502633451550121
v -0.82202054730807949667 -0.423781046032155162 0.3803838125199569542
v -0.410685555451064499 0.82864077241989053668 -0.38038381251995684318
v -0.79348769898407134349 -0.47506360282992216026 0.3803838125199569542
v -0.68924196457150954664 0.61664711906112745776 -0.38038381251995684318
v -0.70771586280038478733 0.55655390609979005223 -0.43518502633451550121
v 0.16059482130335045458 0.91077849038244595992 0.3803838125199569542
v -0.76175975575279342156 -0.52443324616983111319 0.3803838125199569542
v 0.21803663377007026503 0.89875924557525332936 0.3803838125199569542
v -0.72696447484345794177 -0.57169118192286094704 0.3803838125199569542
v -0.35730306678550499688 0.85301973812946163545 -0.38038381251995684318
v -0.92064102063175556889 0.08791055854049360796 -0.38038381251995684318
v -0.89988775896897854611 0.028565960722800414623 -0.43518502633451550121
v -0.68924196457150965767 -0.61664711906112734674 0.3803838125199569542
v 0.81294182080407628721 0.38696199922212010103 -0.43518502633451550121
v -0.92436310460580528581 0.029342904019528447818 -0.38038381251995684318
v -0.89988775896897854611 -0.028565960722800598504 -0.43518502633451550121
v -0.014673298972037463958 -0.92471230632562662066 -0.38038381251995684318
v 0.042839951698064482333 -0.89932126150377122986 -0.43518502633451550121
v -0.64874412017188820556 -0.65912003589269307913 0.3803838125199569542
v -0.6056340121705295898 -0.69893890897202826107 0.3803838125199569542
v 0.27460048966726924302 0.88312101449760449512 0.3803838125199569542
v -0.56008522975691055201 -0.73594340175106598423 0.3803838125199569542
v 0.044005122147850808667 -0.92378119941766245748 -0.38038381251995684318
v 0.099792180450422651727 -0.89479355919406189379 -0.43518502633451550121
v 0.85858132408647747091 0.34372411190181778595 0.3803838125199569542
v 0.3300586263111098817 0.8639267667866329381 0.3803838125199569542
v -0.51228118180165282958 -0.76998451019788982652 0.3803838125199569542
v -0.46241435833373001341 -0.8009251627833819942 0.3803838125199569542
v -0.41068555545106433247 -0.8286407724198906477 0.3803838125199569542
v 0.10250635017218334699 -0.91913035166246137564 -0.38038381251995684318
v 0.1563425813131352482 -0.88666283903328935168 -0.43518502633451550121
v 0.83505239164860867174 0.39748667697763268025 -0.38038381251995684318
v 0.78676245916045506323 0.43774287625273855529 -0.43518502633451550121
v -0.30248184477789119562 0.87396389442158650684 -0.38038381251995684318
v -0.35730306678550499688 -0.85301973812946163545 0.3803838125199569542
v 0.83505239164860867174 0.39748667697763268025 0.3803838125199569542
v -0.30248184477789141766 -0.87396389442158639582 0.3803838125199569542
v -0.24644263514043876495 -0.8913889065709864612 0.3803838125199569542
v -0.92436310460580528581 -0.029342904019528635168 -0.38038381251995684318
v -0.8962642285733876113 -0.085582857126748332344 -0.43518502633451550121
v -0.18941108799166878063 -0.90522461020378508501 0.3803838125199569542
v -0.76175975575279331053 0.52443324616983133524 -0.38038381251995684318
v 0.80816099795610918388 0.44964870349570451591 -0.38038381251995684318
v 0.7574150827767021088 0.48676111721930770404 -0.43518502633451550121
v -0.014673298972037463958 -0.92471230632562662066 0.3803838125199569542
v 0.80816099795610918388 0.44964870349570451591 0.3803838125199569542
v 0.38418773335893113829 0.84125379090338070487 0.3803838125199569542
v 0.044005122147850808667 -0.92378119941766245748 0.3803838125199569542
v 0.10250635017218334699 -0.91913035166246137564 0.3803838125199569542
v 0.160594821303350066 -0.91077849038244607094 0.3803838125199569542
v -0.24644263514043912577 0.89138890657098635018 -0.38038381251995684318
v 0.43676985200118251251 0.81519338291944409836 0.3803838125199569542
v 0.77801542516022881291 0.50000015338550718447 -0.38038381251995684318
v 0.72501786317954119987 0.53381934296613786639 -0.43518502633451550121
v 0.21803663377007043156 -0.89875924557525332936 0.3803838125199569542
v 0.160594821303350066 -0.91077849038244607094 -0.38038381251995684318
v 0.21226344578104047733 -0.87496184056185355438 -0.43518502633451550121
v -0.92064102063175556889 -0.087910558540493788371 -0.38038381251995684318
v -0.88903175846020621176 -0.14225514157098317902 -0.43518502633451550121
v 0.27460048966726918751 -0.88312101449760449512 0.3803838125199569542
v -0.18941108799166894716 0.90522461020378508501 -0.38038381251995684318
v 0.33005862631110965966 -0.86392676678663304912 0.3803838125199569542
v 0.38418773335893147136 -0.84125379090338070487 0.3803838125199569542
v 0.21803663377007043156 -0.89875924557525332936 -0.38038381251995684318
v 0.2673296002698452023 -0.85973767957080482471 -0.43518502633451550121
v 0.43676985200118267905 -0.81519338291944398733 0.3803838125199569542
v 0.48759325260462277329 -0.78585047889991566095 0.3803838125199569542
v 0.53645328727282426406 -0.75334323236288713854 0.3803838125199569542
v -0.91321184020213330701 -0.1461242282697006456 -0.38038381251995684318
v -0.8782194712339251863 -0.19835461476817706217 -0.43518502633451550121
v 0.62750498833717660574 -0.67937150719230365858 0.3803838125199569542
v 0.74473705884292451529 0.54833827912956489836 -0.38038381251995684318
v 0.68970125253789327235 0.57872806662705422731 -0.43518502633451550121
v 0.70845989923996399718 0.59446844015614674905 -0.38038381251995684318
v 0.48759325260462277329 0.78585047889991566095 0.3803838125199569542
v 0.66933002166927102472 -0.63820488658815155425 0.3803838125199569542
v -0.72696447484345805279 0.57169118192286083602 -0.38038381251995684318
v -0.90210547800444562672 -0.20374950730530083653 -0.38038381251995684318
v -0.86387090415907497043 -0.25365538393972519859 -0.43518502633451550121
v 0.70845989923996377513 -0.59446844015614708212 0.3803838125199569542
v 0.27460048966726918751 -0.88312101449760449512 -0.38038381251995684318
v 0.32131931281067993567 -0.84105165838318129978 -0.43518502633451550121
v 0.74473705884292473733 -0.54833827912956467632 0.3803838125199569542
v 0.77801542516022881291 -0.50000015338550718447 0.3803838125199569542
v 0.33005862631110965966 -0.86392676678663304912 -0.38038381251995684318
v 0.37401518588647597596 -0.81897901901119041224 -0.43518502633451550121
v 0.80816099795610918388 -0.44964870349570462693 0.3803838125199569542
v -0.6056340121705295898 -0.69893890897202826107 -0.38038381251995684318
v 0.83505239164860856071 -0.39748667697763295781 0.3803838125199569542
v 0.85858132408647758194 -0.34372411190181745289 0.3803838125199569542
v 0.77801542516022881291 0.50000015338550718447 0.3803838125199569542
v 0.38418773335893147136 -0.84125379090338070487 -0.38038381251995684318
v 0.42520503181503577217 -0.79360864018318344471 -0.43518502633451550121
v -0.13161684924301958466 0.91541529382467845544 -0.38038381251995684318
v 0.87865305256317849381 -0.28857749114265757173 0.3803838125199569542
v 0.89518675531232727582 -0.23226887067829352085 0.3803838125199569542
v 0.9081158569484206744 -0.17502498544955774618 0.3803838125199569542
v 0.91738829654241560441 -0.11707633637839542917 0.3803838125199569542
v 0.92296673725271716204 -0.058656262222000696283 0.3803838125199569542
v 0.53645328727282448611 0.75334323236288702752 0.3803838125199569542
v -0.64874412017188820556 -0.65912003589269307913 -0.38038381251995684318
v -0.88736665543934134526 -0.26055435898710199716 -0.38038381251995684318
v -0.84604383385102888138 -0.30793477240623490232 -0.43518502633451550121
v 0.43676985200118267905 -0.81519338291944398733 -0.38038381251995684318
v 0.47468272715394288497 -0.76504267946038306825 -0.43518502633451550121
v 0.61088987096407998401 0.66138306480262765152 -0.43518502633451550121
v 0.48759325260462277329 -0.78585047889991566095 -0.38038381251995684318
v 0.52224904268691174636 -0.73339616188444234357 -0.43518502633451550121
v 0.58315321389102359184 0.7178025385169325423 0.3803838125199569542
v -0.014673298972037852536 0.92471230632562662066 -0.38038381251995684318
v 0.044005122147850621317 0.92378119941766245748 -0.38038381251995684318
v 0.042839951698064301921 0.89932126150377122986 -0.43518502633451550121
v -0.86905472054331445175 -0.31631005022629909984 -0.38038381251995684318
v -0.82481004362996390711 -0.36097421622792408291 -0.43518502633451550121
v -0.68924196457150965767 -0.61664711906112734674 -0.38038381251995684318
v 0.62750498833717649472 0.67937150719230365858 -0.38038381251995684318
v 0.56771244564952627609 0.69879651681219823178 -0.43518502633451550121
v 0.53645328727282426406 -0.75334323236288713854 -0.38038381251995684318
v 0.56771244564952649814 -0.69879651681219800974 -0.43518502633451550121
v 0.58315321389102381389 -0.71780253851693232026 -0.38038381251995684318
v 0.61088987096408009503 -0.66138306480262765152 -0.43518502633451550121
v 0.10250635017218355516 0.91913035166246137564 -0.38038381251995684318
v 0.62750498833717649472 0.67937150719230365858 0.3803838125199569542
v 0.58315321389102359184 0.7178025385169325423 -0.38038381251995684318
v 0.5222490426869119684 0.73339616188444223255 -0.43518502633451550121
v 0.91738829654241560441 -0.11707633637839542917 -0.38038381251995684318
v -0.8472434090151079733 -0.37079207253289653279 -0.38038381251995684318
v -0.8002550344747664246 -0.41256014428446347031 -0.43518502633451550121
v 0.9081158569484206744 -0.17502498544955774618 -0.38038381251995684318
v -0.82202054730807949667 -0.423781046032155162 -0.38038381251995684318
v -0.77247768074076694766 -0.46248483825050179519 -0.43518502633451550121
v 0.89518675531232727582 -0.23226887067829352085 -0.38038381251995684318
v 0.16059482130335045458 0.91077849038244595992 -0.38038381251995684318
v 0.62750498833717660574 -0.67937150719230365858 -0.38038381251995684318
v 0.65160745837803468739 -0.6213064566221284668 -0.43518502633451550121
v 0.66933002166927113574 0.63820488658815155425 0.3803838125199569542
v -0.72696447484345794177 -0.57169118192286094704 -0.38038381251995684318
v 0.87865305256317849381 -0.28857749114265757173 -0.38038381251995684318
v 0.21803663377007026503 0.89875924557525332936 -0.38038381251995684318
v 0.27460048966726924302 0.88312101449760449512 -0.38038381251995684318
v 0.53645328727282448611 0.75334323236288702752 -0.38038381251995684318
v 0.47468272715394288497 0.76504267946038306825 -0.43518502633451550121
v 0.85858132408647758194 -0.34372411190181745289 -0.38038381251995684318
v 0.66933002166927102472 -0.63820488658815155425 -0.38038381251995684318
v 0.68970125253789305031 -0.57872806662705456038 -0.43518502633451550121
v -0.79348769898407134349 -0.47506360282992216026 -0.38038381251995684318
v -0.74158983202760841991 -0.51054726900404689971 -0.43518502633451550121
v -0.76175975575279342156 -0.52443324616983111319 -0.38038381251995684318
v 0.83505239164860856071 -0.39748667697763295781 -0.38038381251995684318
v 0.70845989923996377513 -0.59446844015614708212 -0.38038381251995684318
v 0.3300586263111098817 0.8639267667866329381 -0.38038381251995684318
v 0.74473705884292451529 0.54833827912956489836 0.3803838125199569542
v 0.80816099795610918388 -0.44964870349570462693 -0.38038381251995684318
v 0.48759325260462277329 0.78585047889991566095 -0.38038381251995684318
v 0.42520503181503566115 0.79360864018318355573 -0.43518502633451550121
v 0.43676985200118251251 0.81519338291944409836 -0.38038381251995684318
v 0.38418773335893113829 0.84125379090338070487 -0.38038381251995684318
v 0.9440798274842733262 0.059998038590480827492 -0.32421214459449237966
v 0.93837377857606574239 0.11975448625549166282 -0.32421214459449237966
v 0.87865305256317849381 0.28857749114265757173 0.3803838125199569542
v 0.58315321389102381389 -0.71780253851693232026 0.3803838125199569542
v 0.54872478764446197541 -0.77057614336415825029 0.32421214459449249068
v 0.59649298652503146556 -0.73422244743939046874 0.32421214459449249068
v 0.64185931867734646872 -0.69491229685802247129 0.32421214459449249068
v 0.87822158221812396395 -0.35158688517027331111 -0.32421214459449237966
v -0.86905472054331445175 -0.31631005022629909984 0.3803838125199569542
v -0.90766538507778016243 -0.26651460378194086198 0.32421214459449249068
v -0.88893456018478000935 -0.32354572011777787965 0.32421214459449249068
v 0.91566437165120084796 -0.2375820779984287312 -0.32421214459449237966
v 0.68464110989359494575 -0.6528039797221721896 0.32421214459449249068
v 0.49874706771304366804 -0.80382700112964633465 0.32421214459449249068
v 0.72466609300011541883 -0.60806705136307781512 0.32421214459449249068
v 0.44676106936961462734 -0.83384113126731651544 0.32421214459449249068
v 0.94598440013429396789 0 -0.32421214459449237966
v 0.39297612188136976652 -0.86049767746840466476 0.32421214459449249068
v 0.76177310151650701187 -0.56088165160162029022 0.32421214459449249068
v 0.79581271861616043051 -0.51143777938884771306 0.32421214459449249068
v 0.33760879824878137212 -0.88368930322962113699 0.32421214459449249068
v 0.82664787877508683067 -0.45993452774725357424 0.32421214459449249068
v 0.85415441968640370973 -0.40657928209344684767 0.32421214459449249068
v 0.92888922965471032445 0.17902872487095133902 -0.32421214459449237966
v 0.87822158221812385293 -0.3515868851702732556 0.32421214459449249068
v 0.89875245640108636369 -0.29517877195092001585 0.32421214459449249068
v 0.93837377857606574239 -0.11975448625549144077 -0.32421214459449237966
v 0.28088204314256748351 -0.90332262405936480931 0.32421214459449249068
v 0.91566437165120073693 -0.23758207799842870345 0.32421214459449249068
v 0.92888922965471032445 -0.17902872487095086718 0.32421214459449249068
v 0.93837377857606563136 -0.11975448625549142689 0.32421214459449249068
v 0.16426846718466403541 -0.93161277148085552824 0.32421214459449249068
v 0.94407982748427321518 -0.059998038590480834431 0.32421214459449249068
v 0.10485120804532270522 -0.94015568363376722516 0.32421214459449249068
v 0.94598440013429385687 0 0.32421214459449249068
v 0.89875245640108647471 0.29517877195092007137 -0.32421214459449237966
v 0.85858132408647747091 0.34372411190181778595 -0.38038381251995684318
v 0.045011750097763404688 -0.94491292067077603534 0.32421214459449249068
v 0.79581271861616054153 -0.51143777938884782408 -0.32421214459449237966
v -0.015008954280822876803 -0.94586532687737101543 0.32421214459449249068
v 0.85415441968640393178 0.40657928209344662562 -0.32421214459449237966
v 0.82664787877508694169 0.45993452774725351873 -0.32421214459449237966
v -0.074969222897838014297 -0.94300906724990396501 0.32421214459449249068
v 0.76177310151650712289 -0.56088165160162029022 -0.32421214459449237966
v 0.79581271861616054153 0.51143777938884782408 -0.32421214459449237966
v -0.13462761691416277876 -0.93635564293779594003 0.32421214459449249068
v -0.19374391303315272039 -0.92593184493246694089 0.32421214459449249068
v 0.66933002166927113574 0.63820488658815155425 -0.38038381251995684318
v 0.68464110989359505677 0.65280397972217230063 -0.32421214459449237966
v -0.25208007079506500325 -0.91177964618946982789 0.32421214459449249068
v -0.30940119108197655651 -0.89395603261821210417 0.32421214459449249068
v 0.59649298652503124352 0.7342224474393908018 -0.32421214459449237966
v 0.54872478764446230848 0.77057614336415825029 -0.32421214459449237966
v -0.3654764619736227127 -0.87253277361981240734 0.32421214459449249068
v 0.49874706771304372355 0.80382700112964644568 -0.32421214459449237966
v -0.4200800881455409308 -0.84759613309705139628 0.32421214459449249068
v 0.44676106936961457183 0.83384113126731673749 -0.32421214459449237966
v -0.47299220006714653985 -0.81924652210008197528 0.32421214459449249068
v -0.52399973933873222887 -0.78759809450657036756 0.32421214459449249068
v 0.28088204314256759453 0.90332262405936492033 -0.32421214459449237966
v 0.22302427518418527219 0.91931858350411299607 -0.32421214459449237966
v 0.68464110989359494575 -0.65280397972217230063 -0.32421214459449237966
v -0.57289731660244291866 -0.75277828736432084167 0.32421214459449249068
v -0.61948803857273404549 -0.71492730774726076515 0.32421214459449249068
v -0.66358430085613551164 -0.67419756819104126322 0.32421214459449249068
v 0.045011750097763217338 0.94491292067077614636 -0.32421214459449237966
v -0.07329263589581537508 0.92191992314746395998 -0.38038381251995684318
v -0.70500854336793350452 -0.63075307298154670299 0.32421214459449249068
v -0.74359396530396093539 -0.58476875776752246239 0.32421214459449249068
v -0.77918519678856623667 -0.53642978515645745041 0.32421214459449249068
v -0.81163892449426366937 -0.48593079913011766324 0.32421214459449249068
v -0.19374391303315291468 0.92593184493246705191 -0.32421214459449237966
v -0.84082446871392368948 -0.43347514128192821126 0.32421214459449249068
v -0.86662430956182967545 -0.37927403203214676841 0.32421214459449249068
v -0.47299220006714720599 0.81924652210008186426 -0.32421214459449237966
v -0.52399973933873211784 0.7875980945065705896 -0.32421214459449237966
v -0.70500854336793350452 0.63075307298154692504 -0.32421214459449237966
v -0.9227413618199138412 -0.20841032720134225475 0.32421214459449249068
v -0.93410178477381267115 -0.14946685579023061274 0.32421214459449249068
v -0.74359396530396115743 0.58476875776752246239 -0.32421214459449237966
v -0.77918519678856623667 0.53642978515645767246 -0.32421214459449237966
v -0.94170090952583163091 -0.089921534104246664265 0.32421214459449249068
v 0.49874706771304372355 -0.80382700112964644568 -0.32421214459449237966
v -0.94550813708265812885 -0.030014130137670489568 0.32421214459449249068
v -0.94550813708265812885 0.030014130137670298748 0.32421214459449249068
v -0.84082446871392368948 0.4334751412819284333 -0.32421214459449237966
v -0.94170090952583163091 0.089921534104246483854 0.32421214459449249068
v -0.93410178477381267115 0.14946685579023041845 0.32421214459449249068
v -0.9227413618199138412 0.2084103272013424768 0.32421214459449249068
v -0.90766538507778016243 0.26651460378194069545 0.32421214459449249068
v -0.88893456018478000935 0.3235457201177781017 0.32421214459449249068
v -0.86662430956182967545 0.37927403203214665739 0.32421214459449249068
v -0.84082446871392357846 0.4334751412819284333 0.32421214459449249068
v -0.92274136181991395222 0.20841032720134250456 -0.32421214459449237966
v -0.8116389244942637804 0.48593079913011755222 0.32421214459449249068
v -0.94170090952583174193 0.089921534104246497732 -0.32421214459449237966
v -0.77918519678856612565 0.53642978515645767246 0.32421214459449249068
v -0.74359396530396104641 0.58476875776752235137 0.32421214459449249068
v -0.7050085433679333935 0.63075307298154681401 0.32421214459449249068
v -0.66358430085613562266 0.6741975681910411522 0.32421214459449249068
v -0.61948803857273393447 0.71492730774726087617 0.32421214459449249068
v 0.33760879824878142763 -0.88368930322962124801 -0.32421214459449237966
v -0.57289731660244314071 0.75277828736432073065 0.32421214459449249068
v -0.93410178477381278217 -0.1494668557902306405 -0.32421214459449237966
v 0.28088204314256753902 -0.90332262405936492033 -0.32421214459449237966
v -0.52399973933873200682 0.78759809450657047858 0.32421214459449249068
v -0.47299220006714715048 0.81924652210008175324 0.32421214459449249068
v 0.22302427518418543873 -0.91931858350411299607 -0.32421214459449237966
v -0.42008008814554109733 0.84759613309705128525 0.32421214459449249068
v -0.3654764619736227127 0.87253277361981240734 0.32421214459449249068
v -0.88893456018478012037 -0.32354572011777793517 -0.32421214459449237966
v -0.30940119108197633446 0.89395603261821221519 0.32421214459449249068
v -0.25208007079506539183 0.91177964618946971687 0.32421214459449249068
v -0.19374391303315288693 0.92593184493246694089 0.32421214459449249068
v -0.13462761691416277876 0.93635564293779594003 0.32421214459449249068
v -0.77918519678856634769 -0.53642978515645745041 -0.32421214459449237966
v -0.074969222897837778374 0.94300906724990407604 0.32421214459449249068
v -0.015008954280823274055 0.94586532687737101543 0.32421214459449249068
v 0.045011750097763210399 0.94491292067077603534 0.32421214459449249068
v -0.74359396530396104641 -0.58476875776752257341 -0.32421214459449237966
v 0.10485120804532292726 0.94015568363376722516 0.32421214459449249068
v -0.70500854336793361554 -0.63075307298154681401 -0.32421214459449237966
v -0.66358430085613551164 -0.67419756819104137424 -0.32421214459449237966
v -0.61948803857273415652 -0.71492730774726087617 -0.32421214459449237966
v -0.56008522975691055201 -0.73594340175106598423 -0.38038381251995684318
v 0.16426846718466445174 0.93161277148085541722 0.32421214459449249068
v 0.22302427518418524444 0.91931858350411288505 0.32421214459449249068
v -0.51228118180165282958 -0.76998451019788982652 -0.38038381251995684318
v 0.28088204314256753902 0.90332262405936480931 0.32421214459449249068
v -0.47299220006714659537 -0.8192465221000820863 -0.32421214459449237966
v 0.39297612188136943345 0.86049767746840477578 0.32421214459449249068
v -0.42008008814554098631 -0.84759613309705139628 -0.32421214459449237966
v -0.35730306678550499688 -0.85301973812946163545 -0.38038381251995684318
v 0.44676106936961451632 0.83384113126731662646 0.32421214459449249068
v -0.30940119108197661202 -0.89395603261821221519 -0.32421214459449237966
v -0.24644263514043876495 -0.8913889065709864612 -0.38038381251995684318
v 0.49874706771304366804 0.80382700112964633465 0.32421214459449249068
v 0.94407982748427321518 0.059998038590480820553 0.32421214459449249068
v 0.54872478764446219746 0.77057614336415813927 0.32421214459449249068
v 0.59649298652503113249 0.73422244743939069078 0.32421214459449249068
v -0.18941108799166878063 -0.90522461020378508501 -0.38038381251995684318
v -0.074969222897838014297 -0.94300906724990407604 -0.32421214459449237966
v 0.93837377857606563136 0.11975448625549164894 0.32421214459449249068
v 0.6418593186773463577 0.69491229685802258231 0.32421214459449249068
v 0.68464110989359505677 0.6528039797221721896 0.32421214459449249068
v 0.92888922965471021342 0.17902872487095131127 0.32421214459449249068
v 0.72466609300011564088 0.60806705136307748205 0.32421214459449249068
v 0.70845989923996399718 0.59446844015614674905 0.3803838125199569542
v 0.76177310151650678982 0.56088165160162051226 0.32421214459449249068
v 0.79581271861616043051 0.51143777938884771306 0.32421214459449249068
v -0.13462761691416277876 -0.93635564293779605105 -0.32421214459449237966
v 0.82664787877508683067 0.45993452774725346321 0.32421214459449249068
v 0.85415441968640382076 0.40657928209344662562 0.32421214459449249068
v 0.8782215822181237419 0.35158688517027358866 0.32421214459449249068
v -0.42008008814554115284 0.84759613309705139628 -0.32421214459449237966
v 0.22302427518418541097 -0.91931858350411288505 0.32421214459449249068
v 0.1673502834750867363 -0.94909062018013157225 0.26687239892297098809
v 0.22720840045303378196 -0.93656578277058177839 0.26687239892297098809
v -0.015290535040646478435 0.9636105656494585725 0.26687239892297098809
v 0.045856208849276255957 0.96264029149161955967 0.26687239892297098809
v -0.076375709342659595102 0.96070072015977192592 0.26687239892297098809
v 0.10681830597082611622 -0.95779380463783625466 0.26687239892297098809
v 0.28615162939414479082 -0.92026972550887198299 0.26687239892297098809
v 0.10681830597082633827 0.95779380463783625466 0.26687239892297098809
v 0.045856208849276450246 -0.96264029149161955967 0.26687239892297098809
v -0.13715334561948053227 0.95392247194333457116 0.26687239892297098809
v 0.16735028347508718038 0.94909062018013146123 0.26687239892297098809
v 0.22720840045303358767 0.93656578277058177839 0.26687239892297098809
v 0.34394262671912012586 -0.90026806686600335805 0.26687239892297098809
v -0.015290535040646074244 -0.9636105656494585725 0.26687239892297098809
v -0.19737871378091051411 0.94330311461337401635 0.26687239892297098809
v 0.28615162939414484633 0.92026972550887198299 0.26687239892297098809
v 0.40034868847870525022 -0.87664134646186941957 0.26687239892297098809
v -0.25680930752553188245 0.92888540857382162486 0.26687239892297098809
v -0.076375709342659831025 -0.9607007201597718149 0.26687239892297098809
v 0.45514268737036073231 -0.84948470076063453682 0.26687239892297098809
v -0.13715334561948053227 -0.95392247194333457116 0.26687239892297098809
v -0.31520582082799281087 0.91072740883825931135 0.26687239892297098809
v 0.50810398729975125853 -0.81890747998976831656 0.26687239892297098809
v 0.3439426267191203479 0.90026806686600324703 0.26687239892297098809
v -0.19737871378091031982 -0.94330311461337401635 0.26687239892297098809
v -0.37233311153990977793 0.88890223126286938005 0.26687239892297098809
v 0.55901933180442187066 -0.78503280782527573578 0.26687239892297098809
v -0.25680930752553149388 -0.92888540857382173588 0.26687239892297098809
v 0.33760879824878159416 0.88368930322962102597 0.32421214459449249068
v 0.40034868847870486164 0.87664134646186953059 0.26687239892297098809
v -0.31520582082799297741 -0.91072740883825920033 0.26687239892297098809
v -0.48186593641102593022 0.83461628430065026851 0.26687239892297098809
v 0.6076837027623066545 -0.74799708561610800395 0.26687239892297098809
v 0.65390114592734316368 -0.70794944314407526331 0.26687239892297098809
v -0.37233311153990977793 -0.88890223126286938005 0.26687239892297098809
v -0.53383042054339679972 0.80237410526235131147 0.26687239892297098809
v 0.69748555996806516077 -0.66505113813084570928 0.26687239892297098809
v -0.58364535798436023573 0.766901048895101356 0.26687239892297098809
v 0.45514268737036056578 0.84948470076063464784 0.26687239892297098809
v -0.42796114822430691982 -0.86349775813468765406 0.26687239892297098809
v 0.73826144583197794713 -0.61947490691001860785 0.26687239892297098809
v 0.50810398729975125853 0.81890747998976831656 0.26687239892297098809
v -0.6311101615627127126 0.72833995267689755071 0.26687239892297098809
v 0.5590193318044220927 0.78503280782527562476 0.26687239892297098809
v -0.4818659364110253196 -0.83461628430065049056 0.26687239892297098809
v 0.96179156876770388607 -0.061123652872336245445 -0.26687239892297087707
v 0.9440798274842733262 -0.05999803859048084137 -0.32421214459449237966
v 0.77606461341830301759 -0.57140426887887241225 0.26687239892297098809
v 0.91566437165120084796 0.23758207799842859242 -0.32421214459449237966
v 0.81074284271356134024 -0.52103278753052784111 0.26687239892297098809
v 0.60768370276230632143 0.74799708561610822599 0.26687239892297098809
v -0.67603370726685130254 0.68684608853231154946 0.26687239892297098809
v 0.87822158221812385293 0.35158688517027358866 -0.32421214459449237966
v 0.84215649672784687052 -0.46856329104207350422 0.26687239892297098809
v -0.71823510383371058641 0.64258653760725303883 0.26687239892297098809
v -0.53383042054339702176 -0.80237410526235120045 0.26687239892297098809
v 0.8701790837636970144 -0.41420705555708658974 0.26687239892297098809
v 0.76177310151650690084 0.56088165160162051226 -0.32421214459449237966
v 0.72466609300011564088 0.60806705136307748205 -0.32421214459449237966
v 0.89469776675351653239 -0.35818295445116982156 0.26687239892297098809
v -0.58364535798436001368 -0.76690104889510146702 0.26687239892297098809
v 0.64185931867734646872 0.69491229685802269334 -0.32421214459449237966
v 0.65390114592734305266 0.70794944314407537433 0.26687239892297098809
v 0.91561381761462101725 -0.30071657700612081099 0.26687239892297098809
v 0.93284301479238307397 -0.24203932004151021418 0.26687239892297098809
v 0.6974855599680652718 0.66505113813084570928 0.26687239892297098809
v 0.94631598239070557899 -0.18238745616136137206 0.26687239892297098809
v 0.39297612188136948896 0.8604976774684048868 -0.32421214459449237966
v 0.33760879824878164968 0.88368930322962113699 -0.32421214459449237966
v 0.95597846952426990264 -0.12200118236776776037 0.26687239892297098809
v -0.75754442113403597236 0.59573951749216447205 0.26687239892297098809
v 0.96179156876770388607 -0.061123652872336245445 0.26687239892297098809
v 0.96373187282205141635 0 0.26687239892297098809
v 0.1642684671846644795 0.93161277148085552824 -0.32421214459449237966
v 0.10485120804532294114 0.94015568363376733618 -0.32421214459449237966
v -0.7938033744210375442 0.54649366460268566925 0.26687239892297098809
v -0.63111016156271282362 -0.72833995267689743969 0.26687239892297098809
v -0.01500895428082327579 0.94586532687737112646 -0.32421214459449237966
v -0.074969222897837778374 0.94300906724990418706 -0.32421214459449237966
v -0.13462761691416277876 0.93635564293779605105 -0.32421214459449237966
v -0.25208007079506539183 0.91177964618946982789 -0.32421214459449237966
v -0.30940119108197638997 0.89395603261821232621 -0.32421214459449237966
v -0.67603370726685119152 -0.68684608853231166048 0.26687239892297098809
v -0.3654764619736227127 0.87253277361981251836 -0.32421214459449237966
v 0.77606461341830279554 0.5714042688788726343 0.26687239892297098809
v -0.82686596168720050137 0.49504727460738512379 0.26687239892297098809
v -0.71823510383371069743 -0.64258653760725303883 0.26687239892297098809
v -0.57289731660244325173 0.75277828736432084167 -0.32421214459449237966
v -0.61948803857273404549 0.71492730774726098719 -0.32421214459449237966
v -0.66358430085613562266 0.67419756819104126322 -0.32421214459449237966
v -0.85659905156283766559 0.44160750396109177407 0.26687239892297098809
v -0.75754442113403586134 -0.59573951749216458307 0.26687239892297098809
v -0.8116389244942637804 0.48593079913011760773 -0.32421214459449237966
v -0.82686596168720050137 0.49504727460738512379 -0.26687239892297087707
v 0.81074284271356134024 0.52103278753052784111 0.26687239892297098809
v -0.88288291938912899504 0.38638953575896350934 0.26687239892297098809
v -0.85659905156283766559 0.44160750396109177407 -0.26687239892297087707
v -0.86662430956182978647 0.37927403203214665739 -0.32421214459449237966
v -0.88893456018478000935 0.3235457201177781017 -0.32421214459449237966
v 0.84215649672784687052 0.4685632910420733932 0.26687239892297098809
v -0.90766538507778027345 0.26651460378194075096 -0.32421214459449237966
v -0.94005277532148778796 0.21232028236479694172 -0.26687239892297087707
v -0.93410178477381278217 0.14946685579023044621 -0.32421214459449237966
v -0.79380337442103765522 -0.54649366460268544721 0.26687239892297098809
v -0.95936802028312695434 0.091608538636593753179 -0.26687239892297087707
v -0.94550813708265823987 0.030014130137670302217 -0.32421214459449237966
v 0.87017908376369712542 0.41420705555708631218 0.26687239892297098809
v -0.94550813708265823987 -0.030014130137670493037 -0.32421214459449237966
v -0.94170090952583174193 -0.089921534104246678143 -0.32421214459449237966
v 0.89469776675351642137 0.35818295445117015463 0.26687239892297098809
v -0.95162632948142655831 -0.15227098124989521533 -0.26687239892297087707
v -0.92274136181991395222 -0.20841032720134228251 -0.32421214459449237966
v -0.90766538507778027345 -0.26651460378194086198 -0.32421214459449237966
v -0.90561172930706523854 0.32961571327011329746 0.26687239892297098809
v -0.90561172930706523854 -0.32961571327011313093 -0.26687239892297087707
v -0.86662430956182978647 -0.37927403203214682392 -0.32421214459449237966
v -0.82686596168720039035 -0.49504727460738523481 0.26687239892297098809
v -0.8408244687139238005 -0.43347514128192826677 -0.32421214459449237966
v -0.8116389244942637804 -0.48593079913011771875 -0.32421214459449237966
v 0.91561381761462101725 0.30071657700612081099 0.26687239892297098809
v -0.79380337442103765522 -0.54649366460268544721 -0.26687239892297087707
v -0.75754442113403586134 -0.59573951749216458307 -0.26687239892297087707
v -0.71823510383371069743 -0.64258653760725303883 -0.26687239892297087707
v 0.89875245640108636369 0.29517877195092001585 0.32421214459449249068
v 0.91566437165120073693 0.23758207799842856467 0.32421214459449249068
v 0.93284301479238307397 0.24203932004151004764 0.26687239892297098809
v -0.67603370726685119152 -0.68684608853231166048 -0.26687239892297087707
v -0.85659905156283777661 -0.44160750396109155202 0.26687239892297098809
v -0.63111016156271282362 -0.72833995267689743969 -0.26687239892297087707
v -0.57289731660244302969 -0.75277828736432095269 -0.32421214459449237966
v -0.88288291938912899504 -0.38638953575896367587 0.26687239892297098809
v -0.52399973933873233989 -0.78759809450657047858 -0.32421214459449237966
v -0.4818659364110253196 -0.83461628430065049056 -0.26687239892297087707
v -0.92469396042109874845 0.27151464463973606911 0.26687239892297098809
v -0.42796114822430691982 -0.86349775813468765406 -0.26687239892297087707
v -0.3654764619736227127 -0.87253277361981251836 -0.32421214459449237966
v -0.31520582082799297741 -0.91072740883825920033 -0.26687239892297087707
v -0.25208007079506505876 -0.91177964618946993891 -0.32421214459449237966
v 0.94631598239070546796 0.18238745616136184391 0.26687239892297098809
v -0.94005277532148778796 0.21232028236479694172 0.26687239892297098809
v -0.19374391303315274815 -0.92593184493246705191 -0.32421214459449237966
v -0.13715334561948053227 -0.95392247194333457116 -0.26687239892297087707
v -0.015008954280822878538 -0.94586532687737112646 -0.32421214459449237966
v 0.045011750097763404688 -0.94491292067077614636 -0.32421214459449237966
v 0.1048512080453227191 -0.94015568363376733618 -0.32421214459449237966
v -0.95162632948142655831 0.15227098124989502104 0.26687239892297098809
v 0.95597846952426990264 0.12200118236776796854 0.26687239892297098809
v 0.16426846718466406316 -0.93161277148085563926 -0.32421214459449237966
v -0.90561172930706523854 -0.32961571327011313093 0.26687239892297098809
v 0.96179156876770388607 0.061123652872336231567 0.26687239892297098809
v 0.39297612188136982203 -0.86049767746840477578 -0.32421214459449237966
v -0.95936802028312695434 0.091608538636593753179 0.26687239892297098809
v 0.44676106936961468286 -0.83384113126731662646 -0.32421214459449237966
v 0.54872478764446208643 -0.77057614336415836132 -0.32421214459449237966
v -0.92469396042109874845 -0.27151464463973623564 0.26687239892297098809
v 0.59649298652503146556 -0.73422244743939057976 -0.32421214459449237966
v 0.64185931867734657974 -0.69491229685802258231 -0.32421214459449237966
v 0.72466609300011552985 -0.60806705136307781512 -0.32421214459449237966
v 0.82664787877508694169 -0.45993452774725362975 -0.32421214459449237966
v 0.85415441968640382076 -0.40657928209344690318 -0.32421214459449237966
v -0.94005277532148778796 -0.21232028236479669192 0.26687239892297098809
v 0.89875245640108647471 -0.29517877195092007137 -0.32421214459449237966
v 0.92888922965471043547 -0.17902872487095089493 -0.32421214459449237966
v 0.94631598239070557899 -0.18238745616136137206 -0.26687239892297087707
v -0.96324667467011182431 0.030577220770866244542 0.26687239892297098809
v -0.95162632948142655831 -0.15227098124989521533 0.26687239892297098809
v -0.96324667467011182431 -0.030577220770866438831 0.26687239892297098809
v -0.95936802028312695434 -0.091608538636593947468 0.26687239892297098809
v -0.42796114822430708635 0.86349775813468754304 0.26687239892297098809
v -0.43430034165263292634 0.87628835685247696841 0.20857116024319485859
v -0.48900359689750966252 0.84697907491041690697 0.20857116024319485859
v 0.046535455970169094242 -0.97689944336787093437 0.20857116024319485859
v -0.015517026766933445306 -0.97788408975456897476 0.20857116024319485859
v 0.94666079319018303639 0.24562453817023466307 0.20857116024319485859
v -0.83911395030061197708 0.50238018424865216183 -0.20857116024319474756
v -0.7938033744210375442 0.54649366460268566925 -0.26687239892297087707
v -0.37784831221552062086 0.90206913486200712704 0.20857116024319485859
v -0.54173780724845210788 0.81425930716967953593 0.20857116024319485859
v -0.75754442113403597236 0.59573951749216447205 -0.26687239892297087707
v -0.8692874628845381757 0.44814883463707699818 -0.20857116024319474756
v -0.88288291938912899504 0.38638953575896350934 -0.26687239892297087707
v -0.76876558136328376758 0.60456393543278785785 -0.20857116024319474756
v -0.71823510383371058641 0.64258653760725303883 -0.26687239892297087707
v -0.59229063065258891196 0.7782608045867183133 0.20857116024319485859
v -0.72887399306257394382 0.6521048791044478099 -0.20857116024319474756
v -0.67603370726685130254 0.68684608853231154946 -0.26687239892297087707
v -0.6311101615627127126 0.72833995267689755071 -0.26687239892297087707
v -0.31987482098432373778 0.9242175988451282187 0.20857116024319485859
v -0.58364535798436023573 0.766901048895101356 -0.26687239892297087707
v -0.53383042054339679972 0.80237410526235131147 -0.26687239892297087707
v -0.54173780724845210788 0.81425930716967953593 -0.20857116024319474756
v -0.48186593641102593022 0.83461628430065026851 -0.26687239892297087707
v -0.64045850873237475387 0.73912852042598808922 0.20857116024319485859
v -0.90561172930706523854 0.32961571327011329746 -0.26687239892297087707
v -0.48900359689750966252 0.84697907491041690697 -0.20857116024319474756
v -0.42796114822430708635 0.86349775813468754304 -0.26687239892297087707
v -0.68604748644333535257 0.6970200265843078391 0.20857116024319485859
v -0.43430034165263292634 0.87628835685247696841 -0.20857116024319474756
v -0.37233311153990977793 0.88890223126286938005 -0.26687239892297087707
v -0.92469396042109874845 0.27151464463973606911 -0.26687239892297087707
v -0.31520582082799281087 0.91072740883825931135 -0.26687239892297087707
v -0.25680930752553188245 0.92888540857382162486 -0.26687239892297087707
v -0.26061330674684785036 0.94264456475454250217 0.20857116024319485859
v -0.19737871378091051411 0.94330311461337401635 -0.26687239892297087707
v -0.72887399306257394382 0.6521048791044478099 0.20857116024319485859
v -0.20030239470494509701 0.95727583370221569492 -0.20857116024319474756
v -0.13715334561948053227 0.95392247194333457116 -0.26687239892297087707
v -0.076375709342659595102 0.96070072015977192592 -0.26687239892297087707
v -0.76876558136328376758 0.60456393543278785785 0.20857116024319485859
v -0.015290535040646478435 0.9636105656494585725 -0.26687239892297087707
v -0.20030239470494509701 0.95727583370221569492 0.20857116024319485859
v -0.95162632948142655831 0.15227098124989502104 -0.26687239892297087707
v -0.80556162199886505171 0.554588626170213983 0.20857116024319485859
v 0.045856208849276255957 0.96264029149161955967 -0.26687239892297087707
v -0.83911395030061197708 0.50238018424865216183 0.20857116024319485859
v 0.046535455970168893014 0.97689944336787093437 -0.20857116024319474756
v 0.10681830597082633827 0.95779380463783625466 -0.26687239892297087707
v 0.16735028347508718038 0.94909062018013146123 -0.26687239892297087707
v -0.13918493561504763356 0.96805249073211030453 0.20857116024319485859
v 0.22720840045303358767 0.93656578277058177839 -0.26687239892297087707
v -0.8692874628845381757 0.44814883463707699818 0.20857116024319485859
v 0.23057393492967581672 0.95043870483364323309 -0.20857116024319474756
v 0.28615162939414484633 0.92026972550887198299 -0.26687239892297087707
v 0.97013894286810931078 -0.12380833027528850843 0.20857116024319485859
v 0.97603814890108508973 -0.062029049682797404719 0.20857116024319485859
v 0.97800719379501888096 0 0.20857116024319485859
v 0.29039026305536991268 0.93390126150329222376 -0.20857116024319474756
v 0.3439426267191203479 0.90026806686600324703 -0.26687239892297087707
v 0.40034868847870486164 0.87664134646186953059 -0.26687239892297087707
v -0.89596066166502186245 0.39211294783975664258 0.20857116024319485859
v 0.97603814890108508973 0.062029049682797390841 0.20857116024319485859
v 0.45514268737036056578 0.84948470076063464784 -0.26687239892297087707
v 0.96033332971669849165 -0.18508907841913971315 0.20857116024319485859
v 0.46188450854898893683 0.86206773044655060634 -0.20857116024319474756
v 0.50810398729975125853 0.81890747998976831656 -0.26687239892297087707
v -0.077507027913884071757 0.97493114204992148419 0.20857116024319485859
v -0.91902614308471297644 0.33449816059530756984 0.20857116024319485859
v 0.51563030007501409191 0.83103758324119048062 -0.20857116024319474756
v 0.5590193318044220927 0.78503280782527562476 -0.26687239892297087707
v 0.94666079319018303639 -0.2456245381702348296 0.20857116024319485859
v 0.56729983037113851374 0.79666114099765472645 -0.20857116024319474756
v 0.60768370276230632143 0.74799708561610822599 -0.26687239892297087707
v -0.93839103059075268387 0.27553646731718228757 0.20857116024319485859
v 0.6166850444752985938 0.75907682551590693887 -0.20857116024319474756
v 0.65390114592734305266 0.70794944314407537433 -0.26687239892297087707
v 0.92917638776751898533 -0.30517095459776771849 0.20857116024319485859
v -0.015517026766933856435 0.97788408975456897476 0.20857116024319485859
v 0.97013894286810931078 0.12380833027528873047 0.20857116024319485859
v -0.95397734861587024646 0.21546528593405028795 0.20857116024319485859
v 0.6974855599680652718 0.66505113813084570928 -0.26687239892297087707
v 0.90795051697833129012 -0.36348855529932228015 0.20857116024319485859
v -0.96572233655847239397 0.15452650189159153338 0.20857116024319485859
v 0.70781709566107697817 0.67490223751646105654 -0.20857116024319474756
v 0.73826144583197816917 0.61947490691001827479 -0.26687239892297087707
v 0.77606461341830279554 0.5714042688788726343 -0.26687239892297087707
v 0.81074284271356134024 0.52103278753052784111 -0.26687239892297087707
v 0.046535455970168893014 0.97689944336787093437 0.20857116024319485859
v -0.97357870149743475086 0.092965494165181253305 0.20857116024319485859
v 0.8830686499127489153 -0.42034251587970788977 0.20857116024319485859
v 0.8227520069143693382 0.52875060873079404722 -0.20857116024319474756
v 0.84215649672784687052 0.4685632910420733932 -0.26687239892297087707
v 0.96033332971669838063 0.18508907841914018499 0.20857116024319485859
v 0.85463097706754564964 0.47550390550591675742 -0.20857116024319474756
v 0.87017908376369712542 0.41420705555708631218 -0.26687239892297087707
v -0.97751480862400297323 0.031030147205360125717 0.20857116024319485859
v 0.85463097706754564964 -0.47550390550591686845 0.20857116024319485859
v 0.88306864991274902632 0.42034251587970761221 -0.20857116024319474756
v 0.89469776675351642137 0.35818295445117015463 -0.26687239892297087707
v 0.91561381761462101725 0.30071657700612081099 -0.26687239892297087707
v 0.10840055685047919609 0.97198116771330178576 0.20857116024319485859
v -0.97751480862400297323 -0.031030147205360323476 0.20857116024319485859
v 0.8227520069143693382 -0.52875060873079404722 0.20857116024319485859
v 0.92917638776751898533 0.30517095459776771849 -0.20857116024319474756
v 0.93284301479238307397 0.24203932004151004764 -0.26687239892297087707
v -0.96324667467011182431 0.030577220770866244542 -0.26687239892297087707
v -0.97357870149743475086 -0.092965494165181447594 0.20857116024319485859
v 0.94631598239070546796 0.18238745616136184391 -0.26687239892297087707
v 0.7875601048145430827 -0.57986821987354475461 0.20857116024319485859
v 0.96033332971669838063 0.18508907841914018499 -0.20857116024319474756
v 0.95597846952426990264 0.12200118236776796854 -0.26687239892297087707
v -0.96324667467011182431 -0.030577220770866438831 -0.26687239892297087707
v 0.97013894286810931078 0.12380833027528873047 -0.20857116024319474756
v 0.96179156876770388607 0.061123652872336231567 -0.26687239892297087707
v 0.16982916694765348709 0.96314906695104762768 0.20857116024319485859
v 0.97603814890108508973 0.062029049682797390841 -0.20857116024319474756
v 0.96373187282205141635 0 -0.26687239892297087707
v -0.96572233655847239397 -0.15452650189159169991 0.20857116024319485859
v 0.95597846952426990264 -0.12200118236776776037 -0.26687239892297087707
v 0.97603814890108508973 -0.062029049682797404719 -0.20857116024319474756
v -0.95397734861587024646 -0.21546528593405003815 0.20857116024319485859
v 0.23057393492967581672 0.95043870483364323309 0.20857116024319485859
v 0.74919697613705937833 -0.62865090635574050193 0.20857116024319485859
v -0.95936802028312695434 -0.091608538636593947468 -0.26687239892297087707
v 0.73826144583197816917 0.61947490691001827479 0.26687239892297098809
v 0.74919697613705960038 0.62865090635574016886 0.20857116024319485859
v 0.70781709566107697817 0.67490223751646105654 0.20857116024319485859
v -0.93839103059075268387 -0.27553646731718245411 0.20857116024319485859
v 0.92917638776751898533 0.30517095459776771849 0.20857116024319485859
v -0.91902614308471308746 -0.3344981605953073478 0.20857116024319485859
v 0.70781709566107686715 -0.67490223751646105654 0.20857116024319485859
v 0.29039026305536991268 0.93390126150329222376 0.20857116024319485859
v -0.89596066166502186245 -0.39211294783975680911 0.20857116024319485859
v 0.93284301479238307397 -0.24203932004151021418 -0.26687239892297087707
v 0.91561381761462101725 -0.30071657700612081099 -0.26687239892297087707
v 0.89469776675351653239 -0.35818295445116982156 -0.26687239892297087707
v -0.86928746288453828672 -0.44814883463707677613 0.20857116024319485859
v -0.94005277532148778796 -0.21232028236479669192 -0.26687239892297087707
v 0.34903729208317391119 0.91360332740749838898 0.20857116024319485859
v 0.66358708556050050031 -0.71843597556924210235 0.20857116024319485859
v 0.9079505169783311791 0.36348855529932261321 0.20857116024319485859
v -0.83911395030061186606 -0.50238018424865227285 0.20857116024319485859
v -0.92469396042109874845 -0.27151464463973623564 -0.26687239892297087707
v 0.8701790837636970144 -0.41420705555708658974 -0.26687239892297087707
v -0.80556162199886516273 -0.55458862617021376096 0.20857116024319485859
v 0.61668504447529892687 -0.75907682551590671682 0.20857116024319485859
v 0.84215649672784687052 -0.46856329104207350422 -0.26687239892297087707
v 0.81074284271356134024 -0.52103278753052784111 -0.26687239892297087707
v 0.77606461341830301759 -0.57140426887887241225 -0.26687239892297087707
v 0.40627887112629623712 0.88962663516283613241 0.20857116024319485859
v -0.88288291938912899504 -0.38638953575896367587 -0.26687239892297087707
v -0.76876558136328365656 -0.60456393543278785785 0.20857116024319485859
v 0.73826144583197794713 -0.61947490691001860785 -0.26687239892297087707
v -0.85659905156283777661 -0.44160750396109155202 -0.26687239892297087707
v -0.72887399306257405485 -0.6521048791044478099 0.20857116024319485859
v 0.5672998303711382917 -0.79666114099765483747 0.20857116024319485859
v -0.82686596168720039035 -0.49504727460738523481 -0.26687239892297087707
v 0.46188450854898893683 0.86206773044655060634 0.20857116024319485859
v 0.88306864991274902632 0.42034251587970761221 0.20857116024319485859
v -0.68604748644333524155 -0.69702002658430795012 0.20857116024319485859
v 0.51563030007501409191 -0.83103758324119048062 0.20857116024319485859
v 0.69748555996806516077 -0.66505113813084570928 -0.26687239892297087707
v 0.46188450854898910336 -0.86206773044655049532 0.20857116024319485859
v -0.64045850873237486489 -0.73912852042598797819 0.20857116024319485859
v 0.65390114592734316368 -0.70794944314407526331 -0.26687239892297087707
v 0.85463097706754564964 0.47550390550591675742 0.20857116024319485859
v 0.6076837027623066545 -0.74799708561610800395 -0.26687239892297087707
v 0.51563030007501409191 0.83103758324119048062 0.20857116024319485859
v 0.55901933180442187066 -0.78503280782527573578 -0.26687239892297087707
v -0.59229063065258868992 -0.77826080458671842432 0.20857116024319485859
v 0.40627887112629662569 -0.88962663516283602139 0.20857116024319485859
v -0.54173780724845232992 -0.81425930716967942491 0.20857116024319485859
v 0.50810398729975125853 -0.81890747998976831656 -0.26687239892297087707
v -0.58364535798436001368 -0.76690104889510146702 -0.26687239892297087707
v 0.45514268737036073231 -0.84948470076063453682 -0.26687239892297087707
v 0.56729983037113851374 0.79666114099765472645 0.20857116024319485859
v -0.4890035968975090519 -0.84697907491041712902 0.20857116024319485859
v 0.34903729208317368915 -0.9136033274074985 0.20857116024319485859
v -0.53383042054339702176 -0.80237410526235120045 -0.26687239892297087707
v -0.4343003416526327598 -0.87628835685247707943 0.20857116024319485859
v 0.8227520069143693382 0.52875060873079404722 0.20857116024319485859
v 0.40034868847870525022 -0.87664134646186941957 -0.26687239892297087707
v 0.29039026305536985717 -0.93390126150329222376 0.20857116024319485859
v 0.34394262671912012586 -0.90026806686600335805 -0.26687239892297087707
v 0.28615162939414479082 -0.92026972550887198299 -0.26687239892297087707
v 0.6166850444752985938 0.75907682551590693887 0.20857116024319485859
v -0.4890035968975090519 -0.84697907491041712902 -0.20857116024319474756
v 0.22720840045303378196 -0.93656578277058177839 -0.26687239892297087707
v -0.31987482098432395983 -0.92421759884512810768 0.20857116024319485859
v 0.23057393492967598325 -0.95043870483364323309 0.20857116024319485859
v 0.1673502834750867363 -0.94909062018013157225 -0.26687239892297087707
v -0.37233311153990977793 -0.88890223126286938005 -0.26687239892297087707
v 0.78756010481454286065 0.57986821987354497665 0.20857116024319485859
v 0.66358708556050038929 0.71843597556924221337 0.20857116024319485859
v -0.26061330674684746178 -0.94264456475454261319 0.20857116024319485859
v 0.169829166947653043 -0.9631490669510477387 0.20857116024319485859
v 0.10681830597082611622 -0.95779380463783625466 -0.26687239892297087707
v -0.20030239470494490273 -0.95727583370221569492 0.20857116024319485859
v 0.10840055685047897405 -0.97198116771330178576 0.20857116024319485859
v 0.045856208849276450246 -0.96264029149161955967 -0.26687239892297087707
v -0.25680930752553149388 -0.92888540857382173588 -0.26687239892297087707
v -0.13918493561504763356 -0.96805249073211030453 0.20857116024319485859
v -0.19737871378091031982 -0.94330311461337401635 -0.26687239892297087707
v -0.015290535040646074244 -0.9636105656494585725 -0.26687239892297087707
v -0.077507027913884321557 -0.97493114204992137317 0.20857116024319485859
v -0.076375709342659831025 -0.9607007201597718149 -0.26687239892297087707
v 0.75743328517659069821 -0.63556199023307324847 0.14951847737845705422
v 0.91793208562933392702 0.36748457259401906549 0.14951847737845705422
v 0.89277667935689419831 0.42496355810693353661 0.14951847737845705422
v -0.37784831221552062086 -0.90206913486200712704 0.20857116024319485859
v -0.38200219372945642959 -0.91198604644386449536 0.14951847737845705422
v -0.32339136998746575991 -0.9343779999229742117 0.14951847737845705422
v 0.86402637649665003927 0.48073136535959126725 0.14951847737845705422
v 0.93939130337135423598 0.30852585640865831662 0.14951847737845705422
v 0.95706792388700501206 0.24832481549181864566 0.14951847737845705422
v -0.43907482946259251966 -0.88592184703551768443 0.14951847737845705422
v -0.49437946582620778679 -0.85629035302975420318 0.14951847737845705422
v 0.97089076966432286131 0.18712385818768959012 0.14951847737845705422
v -0.26347836333750368487 -0.95300754297928724768 0.14951847737845705422
v 0.98080418098204980026 0.12516941915083842907 0.14951847737845705422
v 0.98676824003168617239 0.062710967040833412445 0.14951847737845705422
v 0.83179694437097972948 0.53456343707508569008 0.14951847737845705422
v 0.98875893165241635074 0 0.14951847737845705422
v -0.20250442231142887217 -0.9677996610180963355 0.14951847737845705422
v 0.98676824003168617239 -0.062710967040833426323 0.14951847737845705422
v -0.14071506744937992139 -0.97869479140084536528 0.14951847737845705422
v 0.7962181595278756685 0.58624301050031291105 0.14951847737845705422
v -0.078359102675218575418 -0.98564906328285128989 0.14951847737845705422
v -0.015687613450940246507 -0.98863447426571249288 0.14951847737845705422
v -0.80556162199886505171 0.554588626170213983 -0.20857116024319474756
v -0.54769341056909359722 -0.82321087999468400831 0.14951847737845705422
v 0.047047044255858719297 -0.98763900315308272848 0.14951847737845705422
v 0.97013894286810931078 -0.12380833027528850843 -0.20857116024319474756
v 0.98676824003168628341 -0.062710967040833426323 -0.14951847737845691544
v 0.97800719379501888096 0 -0.20857116024319474756
v 0.10959226012040046427 -0.98266665835578759225 0.14951847737845705422
v 0.75743328517659092025 0.6355619902330729154 0.14951847737845705422
v 0.96033332971669849165 -0.18508907841913971315 -0.20857116024319474756
v 0.94666079319018303639 -0.2456245381702348296 -0.20857116024319474756
v 0.98080418098204980026 -0.12516941915083820702 0.14951847737845705422
v 0.92917638776751898533 -0.30517095459776771849 -0.20857116024319474756
v 0.71559849431725841562 0.68232178614880867329 0.14951847737845705422
v 0.90795051697833129012 -0.36348855529932228015 -0.20857116024319474756
v 0.8830686499127489153 -0.42034251587970788977 -0.20857116024319474756
v 0.17169618663334265674 -0.97373746175136766112 0.14951847737845705422
v 0.85463097706754564964 -0.47550390550591686845 -0.20857116024319474756
v -0.59880198725259337067 -0.78681662729302603854 0.14951847737845705422
v 0.8227520069143693382 -0.52875060873079404722 -0.20857116024319474756
v 0.67088224088733972028 0.72633411305294570681 0.14951847737845705422
v 0.97089076966432297233 -0.18712385818768911827 0.14951847737845705422
v 0.7875601048145430827 -0.57986821987354475461 -0.20857116024319474756
v 0.74919697613705937833 -0.62865090635574050193 -0.20857116024319474756
v 0.98676824003168628341 0.062710967040833412445 -0.14951847737845691544
v 0.70781709566107686715 -0.67490223751646105654 -0.20857116024319474756
v 0.66358708556050050031 -0.71843597556924210235 -0.20857116024319474756
v 0.23310875320181242976 -0.96088736806304431148 0.14951847737845705422
v 0.61668504447529892687 -0.75907682551590671682 -0.20857116024319474756
v 0.623464581457074285 0.76742174883891778325 0.14951847737845705422
v 0.98080418098204991129 0.12516941915083845682 -0.14951847737845691544
v 0.5672998303711382917 -0.79666114099765483747 -0.20857116024319474756
v -0.64749939967685743447 -0.74725414173528470485 0.14951847737845705422
v 0.95706792388700501206 -0.2483248154918188122 0.14951847737845705422
v 0.97089076966432297233 0.18712385818768961787 -0.14951847737845691544
v 0.94666079319018303639 0.24562453817023466307 -0.20857116024319474756
v 0.51563030007501409191 -0.83103758324119048062 -0.20857116024319474756
v 0.46188450854898910336 -0.86206773044655049532 -0.20857116024319474756
v 0.40627887112629662569 -0.88962663516283602139 -0.20857116024319474756
v 0.29358267309541952184 -0.94416812008274020318 0.14951847737845705422
v 0.93939130337135434701 0.30852585640865837213 -0.14951847737845691544
v 0.9079505169783311791 0.36348855529932261321 -0.20857116024319474756
v 0.57353645020522014963 0.80541924809903986393 0.14951847737845705422
v 0.34903729208317368915 -0.9136033274074985 -0.20857116024319474756
v 0.29039026305536985717 -0.93390126150329222376 -0.20857116024319474756
v 0.89277667935689430934 0.42496355810693359212 -0.14951847737845691544
v -0.69358956054950093861 -0.70468272748746862977 0.14951847737845705422
v 0.23057393492967598325 -0.95043870483364323309 -0.20857116024319474756
v 0.52129889009450591786 0.84017360831477194694 0.14951847737845705422
v 0.86402637649665015029 0.48073136535959132276 -0.14951847737845691544
v 0.169829166947653043 -0.9631490669510477387 -0.20857116024319474756
v 0.35287443918264654874 -0.92364704032111766274 0.14951847737845705422
v 0.93939130337135423598 -0.30852585640865831662 0.14951847737845705422
v -0.73688688105992528055 -0.65927380460943785234 0.14951847737845705422
v 0.10840055685047897405 -0.97198116771330178576 -0.20857116024319474756
v 0.8317969443709798405 0.5345634370750858011 -0.14951847737845691544
v 0.78756010481454286065 0.57986821987354497665 -0.20857116024319474756
v 0.046535455970169094242 -0.97689944336787093437 -0.20857116024319474756
v 0.46696224334257618871 0.87154488594386025913 0.14951847737845705422
v 0.74919697613705960038 0.62865090635574016886 -0.20857116024319474756
v -0.77721701817995403339 -0.61121021880682646632 0.14951847737845705422
v -0.015517026766933445306 -0.97788408975456897476 -0.20857116024319474756
v -0.077507027913884321557 -0.97493114204992137317 -0.20857116024319474756
v -0.13918493561504763356 -0.96805249073211030453 -0.20857116024319474756
v 0.41074530444812024088 -0.89940675992358920521 0.14951847737845705422
v 0.91793208562933403805 -0.36748457259401873243 0.14951847737845705422
v -0.81441757668167602535 -0.56068550517591775328 0.14951847737845705422
v 0.71559849431725852664 0.68232178614880878431 -0.14951847737845691544
v 0.66358708556050038929 0.71843597556924221337 -0.20857116024319474756
v -0.20030239470494490273 -0.95727583370221569492 -0.20857116024319474756
v 0.4107453044481198523 0.89940675992358931623 0.14951847737845705422
v -0.26061330674684746178 -0.94264456475454261319 -0.20857116024319474756
v 0.623464581457074285 0.76742174883891789428 -0.14951847737845691544
v -0.84833876304570943194 -0.50790310890612122563 0.14951847737845705422
v 0.57353645020522026066 0.80541924809903997495 -0.14951847737845691544
v -0.26347836333750374038 -0.9530075429792873587 -0.14951847737845691544
v -0.31987482098432395983 -0.92421759884512810768 -0.20857116024319474756
v 0.89277667935689408729 -0.42496355810693381416 0.14951847737845705422
v -0.37784831221552062086 -0.90206913486200712704 -0.20857116024319474756
v 0.52129889009450602888 0.84017360831477205796 -0.14951847737845691544
v -0.4343003416526327598 -0.87628835685247707943 -0.20857116024319474756
v 0.46696224334257635524 -0.8715448859438601481 0.14951847737845705422
v -0.87884398862683832387 -0.45307556607799692738 0.14951847737845705422
v 0.35287443918264677079 0.92364704032111755172 0.14951847737845705422
v 0.46696224334257624422 0.87154488594386037015 -0.14951847737845691544
v 0.40627887112629623712 0.88962663516283613241 -0.20857116024319474756
v -0.54173780724845232992 -0.81425930716967942491 -0.20857116024319474756
v 0.41074530444811990781 0.89940675992358942725 -0.14951847737845691544
v 0.34903729208317391119 0.91360332740749838898 -0.20857116024319474756
v 0.86402637649665003927 -0.48073136535959137827 0.14951847737845705422
v -0.59229063065258868992 -0.77826080458671842432 -0.20857116024319474756
v -0.9058104196482762438 -0.39642364785547473671 0.14951847737845705422
v -0.64045850873237486489 -0.73912852042598797819 -0.20857116024319474756
v 0.52129889009450591786 -0.84017360831477194694 0.14951847737845705422
v 0.29358267309541957735 0.94416812008274020318 0.14951847737845705422
v -0.68604748644333524155 -0.69702002658430795012 -0.20857116024319474756
v 0.16982916694765348709 0.96314906695104762768 -0.20857116024319474756
v -0.69358956054950104964 -0.70468272748746874079 -0.14951847737845691544
v -0.72887399306257405485 -0.6521048791044478099 -0.20857116024319474756
v -0.92912947180993399332 -0.33817547151829446817 0.14951847737845705422
v 0.10840055685047919609 0.97198116771330178576 -0.20857116024319474756
v -0.73688688105992539157 -0.65927380460943796336 -0.14951847737845691544
v -0.76876558136328365656 -0.60456393543278785785 -0.20857116024319474756
v -0.77721701817995414441 -0.61121021880682646632 -0.14951847737845691544
v -0.80556162199886516273 -0.55458862617021376096 -0.20857116024319474756
v -0.94870724751907054006 -0.27856558191423580473 0.14951847737845705422
v 0.83179694437097972948 -0.53456343707508569008 0.14951847737845705422
v -0.015517026766933856435 0.97788408975456897476 -0.20857116024319474756
v -0.81441757668167613637 -0.56068550517591786431 -0.14951847737845691544
v -0.83911395030061186606 -0.50238018424865227285 -0.20857116024319474756
v 0.23310875320181223547 0.96088736806304431148 0.14951847737845705422
v 0.57353645020521992759 -0.80541924809903997495 0.14951847737845705422
v -0.86928746288453828672 -0.44814883463707677613 -0.20857116024319474756
v -0.077507027913884071757 0.97493114204992148419 -0.20857116024319474756
v -0.96446491398275924212 -0.21783400702979449637 0.14951847737845705422
v -0.97633902063972088925 -0.15622529148220001827 0.14951847737845705422
v -0.13918493561504763356 0.96805249073211030453 -0.20857116024319474756
v -0.98428175465334000194 -0.093987511824549438422 0.14951847737845705422
v -0.89596066166502186245 -0.39211294783975680911 -0.20857116024319474756
v -0.98826113343708210657 -0.031371277629088485661 0.14951847737845705422
v -0.91902614308471308746 -0.3344981605953073478 -0.20857116024319474756
v 0.17169618663334310082 0.9737374617513675501 0.14951847737845705422
v -0.98826113343708210657 0.031371277629088291372 0.14951847737845705422
v -0.98428175465334000194 0.093987511824549244133 0.14951847737845705422
v -0.92912947180993410434 -0.33817547151829452368 -0.14951847737845691544
v -0.93839103059075268387 -0.27553646731718245411 -0.20857116024319474756
v -0.26061330674684785036 0.94264456475454250217 -0.20857116024319474756
v -0.97633902063972088925 0.15622529148219982398 0.14951847737845705422
v -0.96446491398275924212 0.21783400702979474617 0.14951847737845705422
v 0.79621815952787589055 -0.586243010500312689 0.14951847737845705422
v -0.95397734861587024646 -0.21546528593405003815 -0.20857116024319474756
v -0.31987482098432373778 0.9242175988451282187 -0.20857116024319474756
v -0.96572233655847239397 -0.15452650189159169991 -0.20857116024319474756
v 0.62346458145707461806 -0.76742174883891756121 0.14951847737845705422
v -0.94870724751907054006 0.27856558191423563819 0.14951847737845705422
v -0.9291294718099338823 0.33817547151829469021 0.14951847737845705422
v -0.37784831221552062086 0.90206913486200712704 -0.20857116024319474756
v -0.97633902063972100027 -0.15622529148220004602 -0.14951847737845691544
v -0.97357870149743475086 -0.092965494165181447594 -0.20857116024319474756
v 0.10959226012040068632 0.98266665835578759225 0.14951847737845705422
v -0.9058104196482762438 0.39642364785547457018 0.14951847737845705422
v -0.97751480862400297323 -0.031030147205360323476 -0.20857116024319474756
v -0.87884398862683821285 0.45307556607799714943 0.14951847737845705422
v -0.84833876304570954296 0.50790310890612111461 0.14951847737845705422
v -0.97751480862400297323 0.031030147205360125717 -0.20857116024319474756
v -0.81441757668167591433 0.56068550517591797533 0.14951847737845705422
v -0.77721701817995414441 0.6112102188068263553 0.14951847737845705422
v -0.98826113343708221759 0.031371277629088291372 -0.14951847737845691544
v -0.97357870149743475086 0.092965494165181253305 -0.20857116024319474756
v 0.047047044255858525008 0.98763900315308272848 0.14951847737845705422
v 0.6708822408873398313 -0.72633411305294559579 0.14951847737845705422
v -0.73688688105992516952 0.65927380460943796336 0.14951847737845705422
v -0.69358956054950104964 0.70468272748746851875 0.14951847737845705422
v -0.59229063065258891196 0.7782608045867183133 -0.20857116024319474756
v -0.64749939967685732345 0.74725414173528481587 0.14951847737845705422
v -0.01568761345094066284 0.98863447426571249288 0.14951847737845705422
v -0.96572233655847239397 0.15452650189159153338 -0.20857116024319474756
v -0.95397734861587024646 0.21546528593405028795 -0.20857116024319474756
v -0.59880198725259359271 0.78681662729302592751 0.14951847737845705422
v -0.54769341056909337517 0.82321087999468411933 0.14951847737845705422
v -0.64045850873237475387 0.73912852042598808922 -0.20857116024319474756
v 0.7155984943172583046 -0.68232178614880867329 0.14951847737845705422
v -0.49437946582620839742 0.85629035302975398114 0.14951847737845705422
v -0.93839103059075268387 0.27553646731718228757 -0.20857116024319474756
v -0.68604748644333535257 0.6970200265843078391 -0.20857116024319474756
v -0.078359102675218325618 0.98564906328285140091 0.14951847737845705422
v -0.43907482946259268619 0.88592184703551757341 0.14951847737845705422
v -0.91902614308471297644 0.33449816059530756984 -0.20857116024319474756
v -0.38200219372945642959 0.91198604644386449536 0.14951847737845705422
v -0.89596066166502186245 0.39211294783975664258 -0.20857116024319474756
v -0.32339136998746553786 0.93437799992297432272 0.14951847737845705422
v -0.14071506744937992139 0.97869479140084536528 0.14951847737845705422
v -0.26347836333750407345 0.95300754297928713665 0.14951847737845705422
v -0.20250442231142903871 0.9677996610180963355 0.14951847737845705422
v -0.44226741003773673011 0.89236352096021764879 0.089927106469603806937
v -0.4979741749132191031 0.86251657180688612314 0.089927106469603806937
v 0.3528744391826468263 0.92364704032111766274 -0.14951847737845691544
v -0.20250442231142887217 -0.96779966101809644652 -0.14951847737845691544
v -0.60315596854366426705 -0.79253769193153111861 0.089927106469603806937
v -0.65220746733893675273 -0.75268754146015615092 0.089927106469603806937
v 0.89926819582105821382 0.42805353345900937212 0.089927106469603806937
v 0.87030884508951289469 0.48422683701026186798 0.089927106469603806937
v -0.98826113343708221759 -0.0313712776290884926 -0.14951847737845691544
v -0.98428175465334011296 0.09398751182454925801 -0.14951847737845691544
v -0.98428175465334011296 -0.093987511824549452299 -0.14951847737845691544
v 0.8378450678088759096 0.53845032999371877924 0.089927106469603806937
v -0.69863275685579639962 -0.70980658391569895205 0.089927106469603806937
v -0.38477979039755916268 0.91861723716878662671 0.089927106469603806937
v -0.74224489883887623254 -0.66406748577962371183 0.089927106469603806937
v -0.99143861858521509234 0.094670909469830921701 -0.089927106469603695915
v -0.97633902063972100027 0.15622529148219985173 -0.14951847737845691544
v -0.55167577354320773697 -0.82919657283873760001 0.089927106469603806937
v -0.55167577354320751493 0.82919657283873771103 0.089927106469603806937
v -0.96446491398275935314 0.21783400702979474617 -0.14951847737845691544
v 0.80200758415236839127 0.59050567354097971418 0.089927106469603806937
v -0.96446491398275935314 -0.21783400702979452412 -0.14951847737845691544
v -0.97147768662007516483 0.21941791157813866908 -0.089927106469603695915
v -0.94870724751907065109 0.27856558191423569371 -0.14951847737845691544
v 0.98793575894122354075 -0.12607954523725528606 0.089927106469603806937
v 0.99394318358094435606 -0.06316694812148000715 0.089927106469603806937
v 0.99594834982643776211 0 0.089927106469603806937
v -0.32574279834707997594 0.94117200598350669871 0.089927106469603806937
v 0.97795026568601661765 -0.18848446452335002044 0.089927106469603806937
v -0.78286828258504359557 -0.61565442225679545274 0.089927106469603806937
v 0.96402691187234434977 -0.25013042339522734148 0.089927106469603806937
v -0.60315596854366448909 0.79253769193153100758 0.089927106469603806937
v -0.92912947180993399332 0.33817547151829469021 -0.14951847737845691544
v 0.94622176193185381088 -0.31076919533406555107 0.089927106469603806937
v -0.49797417491321849248 -0.86251657180688634519 0.089927106469603806937
v -0.82033933206572351438 -0.5647623356669309036 0.089927106469603806937
v 0.9246065109191384801 -0.37015660940734451678 0.089927106469603806937
v -0.26539415501654800567 0.95993700731092601597 0.089927106469603806937
v 0.8992681958210581028 -0.42805353345900964968 0.089927106469603806937
v -0.90581041964827635482 0.39642364785547462569 -0.14951847737845691544
v 0.87030884508951289469 -0.484226837010261979 0.089927106469603806937
v 0.8378450678088759096 -0.53845032999371877924 0.089927106469603806937
v 0.76294069901805861011 0.6401832591561891217 0.089927106469603806937
v 0.80200758415236861332 -0.59050567354097949213 0.089927106469603806937
v -0.85450716458982989288 -0.51159615048068307619 0.089927106469603806937
v 0.76294069901805838807 -0.64018325915618945476 0.089927106469603806937
v -0.91239670644151316115 0.3993061051332470468 -0.089927106469603695915
v -0.87884398862683832387 0.45307556607799720494 -0.14951847737845691544
v -0.20397686309297771712 0.97483668111368948495 0.089927106469603806937
v -0.94870724751907065109 -0.27856558191423586024 -0.14951847737845691544
v 0.98080418098204991129 -0.12516941915083823478 -0.14951847737845691544
v -0.88523419835511252263 0.45636994816112286255 -0.089927106469603695915
v -0.84833876304570965399 0.50790310890612122563 -0.14951847737845691544
v 0.98875893165241646177 0 -0.14951847737845691544
v 0.99594834982643787313 0 -0.089927106469603695915
v -0.65220746733893664171 0.75268754146015626194 0.089927106469603806937
v 0.97089076966432308335 -0.18712385818768914603 -0.14951847737845691544
v 0.95706792388700512308 -0.24832481549181883995 -0.14951847737845691544
v 0.92460651091913836908 0.37015660940734484985 0.089927106469603806937
v -0.14173822833409480126 0.98581103166414019157 0.089927106469603806937
v 0.72080172096396877279 -0.6872830527354688579 0.089927106469603806937
v -0.81441757668167602535 0.56068550517591797533 -0.14951847737845691544
v -0.44226741003773656358 -0.89236352096021775981 0.089927106469603806937
v -0.77721701817995425543 0.6112102188068263553 -0.14951847737845691544
v 0.93939130337135434701 -0.30852585640865837213 -0.14951847737845691544
v -0.88523419835511252263 -0.45636994816112264051 0.089927106469603806937
v 0.67576032878203318166 -0.73161540003365355123 0.089927106469603806937
v -0.69863275685579651064 0.70980658391569884103 0.089927106469603806937
v -0.07892886375533493537 0.99281586912594033123 0.089927106469603806937
v 0.91793208562933414907 -0.36748457259401878794 -0.14951847737845691544
v 0.89277667935689419831 -0.42496355810693386967 -0.14951847737845691544
v 0.62799788826148972287 -0.77300179033499916148 0.089927106469603806937
v -0.73688688105992528055 0.65927380460943807439 -0.14951847737845691544
v -0.015801680499682994874 0.99582298749094477763 0.089927106469603806937
v 0.86402637649665015029 -0.48073136535959143378 -0.14951847737845691544
v -0.69358956054950116066 0.70468272748746862977 -0.14951847737845691544
v 0.57770672189285776632 -0.81127557525283144901 0.089927106469603806937
v 0.72080172096396888382 0.6872830527354688579 0.089927106469603806937
v -0.64749939967685743447 0.7472541417352849269 -0.14951847737845691544
v 0.8317969443709798405 -0.5345634370750858011 -0.14951847737845691544
v -0.90581041964827635482 -0.39642364785547479222 -0.14951847737845691544
v 0.52508933445315186805 -0.84628263976377915423 0.089927106469603806937
v 0.79621815952787600157 -0.58624301050031280003 -0.14951847737845691544
v 0.047389130546236495067 0.99482027815484153077 0.089927106469603806937
v 0.75743328517659080923 -0.63556199023307335949 -0.14951847737845691544
v -0.59880198725259359271 0.78681662729302603854 -0.14951847737845691544
v -0.5476934105690934862 0.82321087999468423035 -0.14951847737845691544
v -0.74224489883887612152 0.66406748577962382285 0.089927106469603806937
v 0.71559849431725841562 -0.68232178614880878431 -0.14951847737845691544
v 0.47035759759061168683 -0.87788202277458249334 0.089927106469603806937
v 0.6708822408873398313 -0.72633411305294570681 -0.14951847737845691544
v -0.91239670644151316115 -0.39930610513324715782 0.089927106469603806937
v -0.8788439886268384349 -0.45307556607799698289 -0.14951847737845691544
v -0.55167577354320762595 0.82919657283873782205 -0.089927106469603695915
v -0.49437946582620845293 0.85629035302975409216 -0.14951847737845691544
v 0.99394318358094435606 0.063166948121479993272 0.089927106469603806937
v 0.62346458145707461806 -0.76742174883891767223 -0.14951847737845691544
v 0.11038912228914483926 0.989811778674226872 0.089927106469603806937
v 0.67576032878203307064 0.73161540003365366225 0.089927106469603806937
v 0.57353645020522003861 -0.80541924809904008598 -0.14951847737845691544
v -0.49797417491321915861 0.86251657180688612314 -0.089927106469603695915
v -0.4390748294625927417 0.88592184703551757341 -0.14951847737845691544
v 0.41373189669235738153 -0.90594648472266237071 0.089927106469603806937
v 0.52129889009450602888 -0.84017360831477205796 -0.14951847737845691544
v 0.17294461599774743621 0.98081765650879071394 0.089927106469603806937
v 0.46696224334257641075 -0.87154488594386025913 -0.14951847737845691544
v -0.93588531501580607408 -0.34063439735260142571 0.089927106469603806937
v -0.78286828258504370659 0.61565442225679534172 0.089927106469603806937
v -0.44226741003773678562 0.89236352096021775981 -0.089927106469603695915
v -0.38200219372945648511 0.91198604644386460638 -0.14951847737845691544
v -0.38477979039755916268 -0.91861723716878662671 0.089927106469603806937
v 0.35544024347021696553 -0.93036301992493086743 0.089927106469603806937
v -0.32339136998746559337 0.93437799992297443374 -0.14951847737845691544
v 0.41074530444812029639 -0.89940675992358931623 -0.14951847737845691544
v 0.2348037227774516511 0.96787412781407378137 0.089927106469603806937
v -0.84833876304570954296 -0.50790310890612133665 -0.14951847737845691544
v 0.29571735783804187214 -0.95103331161179205377 0.089927106469603806937
v 0.35287443918264660425 -0.92364704032111777376 -0.14951847737845691544
v 0.29358267309541957735 -0.9441681200827403142 -0.14951847737845691544
v 0.23480372277745184539 -0.96787412781407378137 0.089927106469603806937
v 0.98793575894122354075 0.12607954523725550811 0.089927106469603806937
v 0.29571735783804192765 0.95103331161179205377 0.089927106469603806937
v -0.26347836333750412896 0.95300754297928724768 -0.14951847737845691544
v 0.23310875320181245751 -0.96088736806304442251 -0.14951847737845691544
v -0.82033933206572340335 0.56476233566693112564 0.089927106469603806937
v -0.9556054437414204239 -0.28059107507860514552 0.089927106469603806937
v 0.17169618663334268449 -0.97373746175136777214 -0.14951847737845691544
v -0.20250442231142906646 0.96779966101809644652 -0.14951847737845691544
v -0.9714776866200750538 -0.21941791157813839153 0.089927106469603806937
v 0.97795026568601650663 0.18848446452335049228 0.089927106469603806937
v 0.17294461599774699212 -0.98081765650879082497 0.089927106469603806937
v -0.8545071645898300039 0.51159615048068296517 0.089927106469603806937
v 0.10959226012040047815 -0.98266665835578770327 -0.14951847737845691544
v 0.35544024347021718757 0.93036301992493075641 0.089927106469603806937
v 0.047047044255858726236 -0.9876390031530828395 -0.14951847737845691544
v 0.11038912228914460334 -0.989811778674226872 0.089927106469603806937
v -0.20397686309297771712 0.97483668111368959597 -0.089927106469603695915
v -0.14071506744937992139 0.9786947914008454763 -0.14951847737845691544
v -0.015687613450940246507 -0.9886344742657126039 -0.14951847737845691544
v -0.8852341983551124116 0.45636994816112286255 0.089927106469603806937
v 0.047389130546236689356 -0.99482027815484153077 0.089927106469603806937
v 0.62799788826148938981 0.77300179033499938352 0.089927106469603806937
v -0.078359102675218575418 -0.98564906328285140091 -0.14951847737845691544
v 0.41373189669235699295 0.90594648472266248174 0.089927106469603806937
v -0.078359102675218339495 0.98564906328285151194 -0.14951847737845691544
v -0.14071506744937992139 -0.9786947914008454763 -0.14951847737845691544
v -0.01580168049968257854 -0.99582298749094477763 0.089927106469603806937
v -0.01568761345094066284 0.9886344742657126039 -0.14951847737845691544
v -0.32574279834708019798 -0.94117200598350658769 0.089927106469603806937
v -0.98343813173170646635 -0.15736122958993159493 0.089927106469603806937
v 0.96402691187234434977 0.25013042339522717494 0.089927106469603806937
v -0.91239670644151316115 0.39930610513324699129 0.089927106469603806937
v 0.99394318358094446708 0.063166948121479993272 -0.089927106469603695915
v 0.4703575975906115203 0.87788202277458260436 0.089927106469603806937
v 0.98793575894122365177 0.12607954523725553586 -0.089927106469603695915
v 0.047047044255858531947 0.9876390031530828395 -0.14951847737845691544
v -0.078928863755335185171 -0.99281586912594022021 0.089927106469603806937
v -0.93588531501580596306 0.34063439735260164776 0.089927106469603806937
v 0.047389130546236495067 0.99482027815484164179 -0.089927106469603695915
v 0.1095922601204007002 0.98266665835578770327 -0.14951847737845691544
v -0.32339136998746581542 -0.93437799992297432272 -0.14951847737845691544
v 0.97795026568601661765 0.18848446452335052004 -0.089927106469603695915
v 0.95706792388700512308 0.24832481549181867342 -0.14951847737845691544
v 0.17169618663334312858 0.97373746175136766112 -0.14951847737845691544
v -0.9556054437414204239 0.28059107507860497899 0.089927106469603806937
v 0.94622176193185381088 0.31076919533406555107 0.089927106469603806937
v -0.38200219372945648511 -0.91198604644386460638 -0.14951847737845691544
v 0.9462217619318539219 0.31076919533406560658 -0.089927106469603695915
v 0.91793208562933403805 0.36748457259401912101 -0.14951847737845691544
v -0.43907482946259257517 -0.88592184703551768443 -0.14951847737845691544
v -0.9714776866200750538 0.21941791157813864133 0.089927106469603806937
v 0.89926819582105832485 0.42805353345900942763 -0.089927106469603695915
v 0.87030884508951300571 0.48422683701026192349 -0.089927106469603695915
v -0.14173822833409480126 -0.98581103166414019157 0.089927106469603806937
v 0.83784506780887602062 0.53845032999371877924 -0.089927106469603695915
v 0.79621815952787577952 0.58624301050031302207 -0.14951847737845691544
v 0.52508933445315186805 0.84628263976377915423 0.089927106469603806937
v -0.98343813173170646635 0.15736122958993140064 0.089927106469603806937
v -0.4943794658262078423 -0.85629035302975431421 -0.14951847737845691544
v -0.99143861858521498132 -0.094670909469831102112 0.089927106469603806937
v 0.23310875320181226322 0.96088736806304442251 -0.14951847737845691544
v -0.20397686309297752283 -0.97483668111368948495 0.089927106469603806937
v 0.57770672189285798837 0.81127557525283133799 0.089927106469603806937
v 0.75743328517659103127 0.63556199023307302642 -0.14951847737845691544
v -0.99143861858521498132 0.094670909469830907823 0.089927106469603806937
v -0.26539415501654761709 -0.95993700731092612699 0.089927106469603806937
v 0.72080172096396899484 0.68728305273546896892 -0.089927106469603695915
v 0.67088224088733972028 0.72633411305294581783 -0.14951847737845691544
v -0.54769341056909370824 -0.82321087999468411933 -0.14951847737845691544
v 0.23480372277745167886 0.9678741278140738924 -0.089927106469603695915
v 0.29358267309541963286 0.9441681200827403142 -0.14951847737845691544
v 0.62799788826148938981 0.77300179033499949455 -0.089927106469603695915
v -0.99544693204376344386 -0.031599383010803637484 0.089927106469603806937
v -0.99544693204376344386 0.031599383010803436256 0.089927106469603806937
v -0.59880198725259337067 -0.78681662729302614956 -0.14951847737845691544
v 0.57770672189285809939 0.81127557525283144901 -0.089927106469603695915
v 0.29571735783804198316 0.9510333116117921648 -0.089927106469603695915
v 0.52508933445315186805 0.84628263976377926525 -0.089927106469603695915
v -0.64749939967685754549 -0.74725414173528481587 -0.14951847737845691544
v 0.47035759759061157581 0.87788202277458271539 -0.089927106469603695915
v -0.88843506929892890334 0.45802011182336532791 -0.03001174445311985059
v -0.85450716458983011492 0.51159615048068296517 -0.089927106469603695915
v 0.99954954614310176364 0 0.03001174445311997202
v 0.99753712952433459815 0.06339535010733560183 0.03001174445311997202
v -0.44386658108740612017 0.89559017043994948448 0.03001174445311997202
v -0.49977477307155110386 0.86563529930113203292 0.03001174445311997202
v -0.55367054843692842248 0.83219482033261393816 0.03001174445311997202
v -0.38617109504116636787 0.92193881605537530977 0.03001174445311997202
v -0.60533688791832074294 0.7954033865405923942 0.03001174445311997202
v -0.65456574940194822698 0.75540914404364123413 0.03001174445311997202
v -0.32692063429187745438 0.94457513945110649356 0.03001174445311997202
v -0.70115890563763683119 0.71237313554057635212 0.03001174445311997202
v -0.93588531501580607408 0.34063439735260170327 -0.089927106469603695915
v -0.26635377953289596231 0.96340799214217764934 0.03001174445311997202
v -0.74492874242998907697 0.66646865184834891416 0.03001174445311997202
v -0.78569901409453379859 0.61788053412108578932 0.03001174445311997202
v -0.20471441211164229101 0.97836154087773985477 0.03001174445311997202
v -0.82330555313689091079 0.56680442956000165466 0.03001174445311997202
v -0.85759693129733061134 0.51344600361117065379 0.03001174445311997202
v -0.88843506929892890334 0.45802011182336532791 0.03001174445311997202
v -0.93926933262057654694 0.34186607903297094868 -0.03001174445311985059
v -0.95560544374142053492 0.28059107507860497899 -0.089927106469603695915
v -0.14225073200549118169 0.98937557299479683692 0.03001174445311997202
v -0.91569579284408220143 0.40074993470059144807 0.03001174445311997202
v -0.93926933262057654694 0.34186607903297094868 0.03001174445311997202
v -0.079214258408063384365 0.99640573887334737968 0.03001174445311997202
v -0.9590607663038659414 0.28160564932458664877 0.03001174445311997202
v -0.015858816950205231744 0.99942373051665156503 0.03001174445311997202
v -0.9749904007757710378 0.22021129305733180836 0.03001174445311997202
v -0.98699409302053864312 0.15793022363513839479 0.03001174445311997202
v -0.9950235084061276325 0.095013224942854579425 0.03001174445311997202
v 0.047560482366240768026 0.99841739553754327297 0.03001174445311997202
v -0.99904631531071208528 0.031713641528052040341 0.03001174445311997202
v -0.99904631531071208528 -0.031713641528052241569 0.03001174445311997202
v 0.11078827240637402485 0.9933907860918037569 0.03001174445311997202
v -0.9950235084061276325 -0.095013224942854773714 0.03001174445311997202
v 0.17356995717555698255 0.9843641425615603513 0.03001174445311997202
v -0.98699409302053864312 -0.15793022363513858908 0.03001174445311997202
v 0.23565273698762884136 0.97137381205441197807 0.03001174445311997202
v -0.9749904007757710378 -0.22021129305733155856 0.03001174445311997202
v -0.9590607663038659414 -0.28160564932458681531 0.03001174445311997202
v 0.29678662640001662876 0.95447210204645460685 0.03001174445311997202
v -0.93926933262057665797 -0.34186607903297072664 0.03001174445311997202
v -0.91569579284408220143 -0.4007499347005916146 0.03001174445311997202
v 0.3567254608168820007 0.9337270697585370316 0.03001174445311997202
v -0.88843506929892901436 -0.45802011182336510586 0.03001174445311997202
v -0.85759693129733050032 -0.51344600361117076481 0.03001174445311997202
v 0.41522788770706631212 0.90922224811385288223 0.03001174445311997202
v -0.82330555313689102181 -0.56680442956000143262 0.03001174445311997202
v -0.78569901409453368757 -0.61788053412108590035 0.03001174445311997202
v 0.47205833844554989653 0.88105630938034118493 0.03001174445311997202
v -0.82033933206572340335 0.56476233566693112564 -0.089927106469603695915
v -0.74492874242998918799 -0.66646865184834880314 0.03001174445311997202
v 0.52698797686516229977 0.84934266785228906826 0.03001174445311997202
v -0.70115890563763672017 -0.71237313554057646314 0.03001174445311997202
v -0.654565749401948338 -0.75540914404364112311 0.03001174445311997202
v 0.57979562069906132038 0.81420902317099808077 0.03001174445311997202
v -0.6053368879183205209 -0.79540338654059250523 0.03001174445311997202
v -0.55367054843692864452 -0.83219482033261382714 0.03001174445311997202
v -0.49977477307155049324 -0.86563529930113225497 0.03001174445311997202
v 0.99954954614310176364 0 -0.03001174445311985059
v 0.99394318358094446708 -0.06316694812148000715 -0.089927106469603695915
v 0.99150798295948694427 0.12653542951478274903 -0.03001174445311985059
v 0.63026863220365680895 0.77579684612339872007 0.03001174445311997202
v -0.44386658108740595363 -0.8955901704399495955 0.03001174445311997202
v 0.98148638369382568136 0.18916599540746528718 -0.03001174445311985059
v 0.9640269118723444608 0.25013042339522723045 -0.089927106469603695915
v 0.94964315454163139574 0.31189288902939094061 -0.03001174445311985059
v 0.9246065109191384801 0.37015660940734490536 -0.089927106469603695915
v 0.67820377437575452007 0.73426080898912304828 0.03001174445311997202
v 0.90251981154495419801 0.42960130931334583604 -0.03001174445311985059
v -0.38617109504116636787 -0.92193881605537530977 0.03001174445311997202
v 0.87345574824753569043 0.48597772690548091123 -0.03001174445311985059
v 0.84087458693268812837 0.54039728371417805608 -0.03001174445311985059
v 0.80200758415236850229 0.5905056735409798252 -0.089927106469603695915
v 0.76294069901805872114 0.64018325915618923272 -0.089927106469603695915
v -0.32692063429187767643 -0.94457513945110638254 0.03001174445311997202
v 0.99753712952433459815 -0.063395350107335615708 -0.03001174445311985059
v 0.98793575894122365177 -0.12607954523725531382 -0.089927106469603695915
v 0.72340802931623726657 0.68976816272982544032 -0.03001174445311985059
v 0.67576032878203318166 0.73161540003365377327 -0.089927106469603695915
v -0.9749904007757710378 0.22021129305733180836 -0.03001174445311985059
v -0.98343813173170657738 0.15736122958993140064 -0.089927106469603695915
v 0.97795026568601672867 -0.18848446452335004819 -0.089927106469603695915
v -0.26635377953289557373 -0.96340799214217776036 0.03001174445311997202
v 0.9640269118723444608 -0.25013042339522739699 -0.089927106469603695915
v 0.63026863220365680895 0.77579684612339872007 -0.03001174445311985059
v 0.9462217619318539219 -0.31076919533406560658 -0.089927106469603695915
v 0.72340802931623726657 0.68976816272982544032 0.03001174445311997202
v 0.92460651091913859112 -0.37015660940734457229 -0.089927106469603695915
v 0.89926819582105821382 -0.42805353345900970519 -0.089927106469603695915
v 0.57979562069906132038 0.81420902317099808077 -0.03001174445311985059
v -0.20471441211164209673 -0.97836154087773985477 0.03001174445311997202
v -0.14225073200549118169 -0.98937557299479683692 0.03001174445311997202
v 0.52698797686516229977 0.84934266785228906826 -0.03001174445311985059
v 0.87030884508951300571 -0.48422683701026203451 -0.089927106469603695915
v -0.82330555313689091079 0.56680442956000165466 -0.03001174445311985059
v -0.78286828258504381761 0.61565442225679545274 -0.089927106469603695915
v 0.76569937544501964766 0.64249806352858951364 0.03001174445311997202
v 0.83784506780887602062 -0.53845032999371877924 -0.089927106469603695915
v 0.80200758415236872434 -0.59050567354097960315 -0.089927106469603695915
v 0.76294069901805849909 -0.64018325915618956579 -0.089927106469603695915
v -0.079214258408063634165 -0.99640573887334726866 0.03001174445311997202
v 0.80490752043770830149 0.5926408513912121423 0.03001174445311997202
v 0.72080172096396888382 -0.68728305273546896892 -0.089927106469603695915
v 0.47205833844554989653 0.88105630938034118493 -0.03001174445311985059
v 0.41373189669235704846 0.90594648472266248174 -0.089927106469603695915
v 0.67576032878203329268 -0.73161540003365366225 -0.089927106469603695915
v 0.35544024347021724308 0.93036301992493086743 -0.089927106469603695915
v 0.62799788826148972287 -0.7730017903349992725 -0.089927106469603695915
v -0.015858816950204811941 -0.99942373051665156503 0.03001174445311997202
v 0.29678662640001662876 0.95447210204645460685 -0.03001174445311985059
v 0.57770672189285787734 -0.81127557525283156004 -0.089927106469603695915
v 0.52508933445315186805 -0.84628263976377926525 -0.089927106469603695915
v 0.47035759759061174234 -0.87788202277458260436 -0.089927106469603695915
v 0.047560482366240969254 -0.99841739553754327297 0.03001174445311997202
v 0.41373189669235743704 -0.90594648472266237071 -0.089927106469603695915
v 0.35544024347021702104 -0.93036301992493097845 -0.089927106469603695915
v 0.11078827240637378893 -0.9933907860918037569 0.03001174445311997202
v 0.23565273698762884136 0.97137381205441197807 -0.03001174445311985059
v 0.17294461599774743621 0.98081765650879082497 -0.089927106469603695915
v 0.84087458693268812837 0.54039728371417805608 0.03001174445311997202
v 0.29571735783804192765 -0.9510333116117921648 -0.089927106469603695915
v 0.11038912228914485314 0.98981177867422698302 -0.089927106469603695915
v 0.23480372277745187315 -0.9678741278140738924 -0.089927106469603695915
v 0.17294461599774701988 -0.98081765650879093599 -0.089927106469603695915
v 0.17356995717555653846 -0.98436414256156046232 0.03001174445311997202
v 0.047560482366240768026 0.99841739553754327297 -0.03001174445311985059
v -0.015801680499682998343 0.99582298749094488866 -0.089927106469603695915
v 0.87345574824753569043 0.48597772690548091123 0.03001174445311997202
v 0.11038912228914461722 -0.98981177867422698302 -0.089927106469603695915
v 0.23565273698762903565 -0.97137381205441197807 0.03001174445311997202
v -0.07892886375533493537 0.99281586912594044225 -0.089927106469603695915
v 0.047389130546236696295 -0.99482027815484164179 -0.089927106469603695915
v -0.01580168049968257854 -0.99582298749094488866 -0.089927106469603695915
v -0.078928863755335185171 -0.99281586912594033123 -0.089927106469603695915
v -0.14173822833409480126 -0.98581103166414030259 -0.089927106469603695915
v -0.14173822833409480126 0.98581103166414030259 -0.089927106469603695915
v 0.29678662640001657325 -0.95447210204645460685 0.03001174445311997202
v -0.20397686309297752283 -0.97483668111368959597 -0.089927106469603695915
v -0.2653941550165476726 -0.95993700731092623801 -0.089927106469603695915
v 0.90251981154495419801 0.42960130931334583604 0.03001174445311997202
v -0.3257427983470802535 -0.94117200598350669871 -0.089927106469603695915
v 0.35672546081688177866 -0.93372706975853714262 0.03001174445311997202
v -0.3847797903975592182 -0.91861723716878673773 -0.089927106469603695915
v -0.44226741003773661909 -0.89236352096021787084 -0.089927106469603695915
v -0.49797417491321854799 -0.86251657180688634519 -0.089927106469603695915
v -0.20471441211164229101 0.97836154087773985477 -0.03001174445311985059
v -0.26539415501654806118 0.95993700731092612699 -0.089927106469603695915
v -0.55167577354320784799 -0.82919657283873771103 -0.089927106469603695915
v 0.4152278877070667007 -0.90922224811385277121 0.03001174445311997202
v 0.92794974610002478599 0.37149503887371110311 0.03001174445311997202
v -0.60315596854366437807 -0.79253769193153122963 -0.089927106469603695915
v -0.32574279834708003145 0.94117200598350680973 -0.089927106469603695915
v -0.65220746733893675273 -0.75268754146015626194 -0.089927106469603695915
v 0.47205833844555006307 -0.88105630938034107391 0.03001174445311997202
v -0.69863275685579651064 -0.70980658391569906307 -0.089927106469603695915
v -0.3847797903975592182 0.91861723716878673773 -0.089927106469603695915
v 0.94964315454163139574 0.31189288902939094061 0.03001174445311997202
v -0.74224489883887634356 -0.66406748577962382285 -0.089927106469603695915
v -0.44386658108740612017 0.89559017043994948448 -0.03001174445311985059
v -0.74492874242998918799 -0.66646865184834880314 -0.03001174445311985059
v -0.78286828258504370659 -0.61565442225679556376 -0.089927106469603695915
v 0.52698797686516229977 -0.84934266785228906826 0.03001174445311997202
v -0.9950235084061276325 0.095013224942854579425 -0.03001174445311985059
v -0.99544693204376355489 0.031599383010803443195 -0.089927106469603695915
v -0.78569901409453368757 -0.61788053412108590035 -0.03001174445311985059
v -0.82033933206572351438 -0.5647623356669309036 -0.089927106469603695915
v -0.49977477307155110386 0.86563529930113203292 -0.03001174445311985059
v -0.82330555313689102181 -0.56680442956000143262 -0.03001174445311985059
v -0.8545071645898300039 -0.51159615048068307619 -0.089927106469603695915
v -0.88523419835511263365 -0.45636994816112264051 -0.089927106469603695915
v -0.91239670644151316115 -0.39930610513324721333 -0.089927106469603695915
v 0.96751268517053257145 0.25103485660160129722 0.03001174445311997202
v 0.57979562069906109834 -0.81420902317099819179 0.03001174445311997202
v 0.63026863220365714202 -0.77579684612339849803 0.03001174445311997202
v -0.9358853150158061851 -0.34063439735260148122 -0.089927106469603695915
v 0.67820377437575463109 -0.73426080898912293726 0.03001174445311997202
v 0.98148638369382568136 0.18916599540746528718 0.03001174445311997202
v -0.55367054843692842248 0.83219482033261393816 -0.03001174445311985059
v -0.60315596854366460011 0.79253769193153111861 -0.089927106469603695915
v 0.72340802931623715555 -0.68976816272982544032 0.03001174445311997202
v -0.93926933262057665797 -0.34186607903297072664 -0.03001174445311985059
v -0.95560544374142053492 -0.28059107507860514552 -0.089927106469603695915
v -0.65220746733893664171 0.75268754146015637296 -0.089927106469603695915
v 0.76569937544501942561 -0.6424980635285898467 0.03001174445311997202
v 0.99150798295948694427 0.12653542951478274903 0.03001174445311997202
v -0.97147768662007516483 -0.21941791157813841928 -0.089927106469603695915
v 0.80490752043770852353 -0.59264085139121192025 0.03001174445311997202
v -0.69863275685579662166 0.70980658391569895205 -0.089927106469603695915
v 0.84087458693268812837 -0.54039728371417805608 0.03001174445311997202
v -0.78569901409453379859 0.61788053412108578932 -0.03001174445311985059
v -0.74492874242998907697 0.66646865184834891416 -0.03001174445311985059
v -0.74224489883887623254 0.66406748577962393387 -0.089927106469603695915
v -0.98343813173170657738 -0.15736122958993159493 -0.089927106469603695915
v -0.98699409302053864312 -0.15793022363513858908 -0.03001174445311985059
v -0.99143861858521509234 -0.09467090946983111599 -0.089927106469603695915
v 0.99150798295948694427 -0.12653542951478252698 0.03001174445311997202
v 0.99753712952433459815 -0.063395350107335615708 0.03001174445311997202
v 0.98148638369382579238 -0.18916599540746481534 0.03001174445311997202
v -0.99544693204376355489 -0.031599383010803644423 -0.089927106469603695915
v 0.96751268517053257145 -0.25103485660160146375 0.03001174445311997202
v 0.94964315454163139574 -0.31189288902939094061 0.03001174445311997202
v 0.92794974610002489701 -0.37149503887371077004 0.03001174445311997202
v 0.90251981154495408699 -0.42960130931334611359 0.03001174445311997202
v 0.87345574824753569043 -0.48597772690548102226 0.03001174445311997202
v -0.9590607663038659414 0.28160564932458664877 -0.03001174445311985059
v 0.99753712952433459815 0.06339535010733560183 -0.03001174445311985059
v 0.96751268517053257145 0.25103485660160129722 -0.03001174445311985059
v 0.92794974610002478599 0.37149503887371110311 -0.03001174445311985059
v 0.80490752043770830149 0.5926408513912121423 -0.03001174445311985059
v 0.76569937544501964766 0.64249806352858951364 -0.03001174445311985059
v 0.67820377437575452007 0.73426080898912304828 -0.03001174445311985059
v 0.41522788770706631212 0.90922224811385288223 -0.03001174445311985059
v 0.3567254608168820007 0.9337270697585370316 -0.03001174445311985059
v 0.17356995717555698255 0.9843641425615603513 -0.03001174445311985059
v 0.11078827240637402485 0.9933907860918037569 -0.03001174445311985059
v -0.015858816950205231744 0.99942373051665156503 -0.03001174445311985059
v -0.079214258408063384365 0.99640573887334737968 -0.03001174445311985059
v -0.14225073200549118169 0.98937557299479683692 -0.03001174445311985059
v -0.26635377953289596231 0.96340799214217764934 -0.03001174445311985059
v -0.32692063429187745438 0.94457513945110649356 -0.03001174445311985059
v -0.38617109504116636787 0.92193881605537530977 -0.03001174445311985059
v -0.60533688791832074294 0.7954033865405923942 -0.03001174445311985059
v -0.65456574940194822698 0.75540914404364123413 -0.03001174445311985059
v -0.70115890563763683119 0.71237313554057635212 -0.03001174445311985059
v -0.85759693129733061134 0.51344600361117065379 -0.03001174445311985059
v -0.91569579284408220143 0.40074993470059144807 -0.03001174445311985059
v 0.99150798295948694427 -0.12653542951478252698 -0.03001174445311985059
v 0.98148638369382579238 -0.18916599540746481534 -0.03001174445311985059
v 0.96751268517053257145 -0.25103485660160146375 -0.03001174445311985059
v 0.94964315454163139574 -0.31189288902939094061 -0.03001174445311985059
v 0.92794974610002489701 -0.37149503887371077004 -0.03001174445311985059
v 0.90251981154495408699 -0.42960130931334611359 -0.03001174445311985059
v 0.87345574824753569043 -0.48597772690548102226 -0.03001174445311985059
v 0.84087458693268812837 -0.54039728371417805608 -0.03001174445311985059
v 0.80490752043770852353 -0.59264085139121192025 -0.03001174445311985059
v -0.98699409302053864312 0.15793022363513839479 -0.03001174445311985059
v 0.76569937544501942561 -0.6424980635285898467 -0.03001174445311985059
v 0.72340802931623715555 -0.68976816272982544032 -0.03001174445311985059
v 0.67820377437575463109 -0.73426080898912293726 -0.03001174445311985059
v 0.63026863220365714202 -0.77579684612339849803 -0.03001174445311985059
v -0.99904631531071208528 0.031713641528052040341 -0.03001174445311985059
v 0.57979562069906109834 -0.81420902317099819179 -0.03001174445311985059
v 0.52698797686516229977 -0.84934266785228906826 -0.03001174445311985059
v -0.99904631531071208528 -0.031713641528052241569 -0.03001174445311985059
v 0.47205833844555006307 -0.88105630938034107391 -0.03001174445311985059
v -0.9950235084061276325 -0.095013224942854773714 -0.03001174445311985059
v 0.4152278877070667007 -0.90922224811385277121 -0.03001174445311985059
v 0.35672546081688177866 -0.93372706975853714262 -0.03001174445311985059
v 0.29678662640001657325 -0.95447210204645460685 -0.03001174445311985059
v 0.23565273698762903565 -0.97137381205441197807 -0.03001174445311985059
v -0.9749904007757710378 -0.22021129305733155856 -0.03001174445311985059
v 0.17356995717555653846 -0.98436414256156046232 -0.03001174445311985059
v 0.11078827240637378893 -0.9933907860918037569 -0.03001174445311985059
v 0.047560482366240969254 -0.99841739553754327297 -0.03001174445311985059
v -0.9590607663038659414 -0.28160564932458681531 -0.03001174445311985059
v -0.015858816950204811941 -0.99942373051665156503 -0.03001174445311985059
v -0.079214258408063634165 -0.99640573887334726866 -0.03001174445311985059
v -0.14225073200549118169 -0.98937557299479683692 -0.03001174445311985059
v -0.20471441211164209673 -0.97836154087773985477 -0.03001174445311985059
v -0.91569579284408220143 -0.4007499347005916146 -0.03001174445311985059
v -0.26635377953289557373 -0.96340799214217776036 -0.03001174445311985059
v -0.88843506929892901436 -0.45802011182336510586 -0.03001174445311985059
v -0.32692063429187767643 -0.94457513945110638254 -0.03001174445311985059
v -0.85759693129733050032 -0.51344600361117076481 -0.03001174445311985059
v -0.38617109504116636787 -0.92193881605537530977 -0.03001174445311985059
v -0.44386658108740595363 -0.8955901704399495955 -0.03001174445311985059
v -0.49977477307155049324 -0.86563529930113225497 -0.03001174445311985059
v -0.55367054843692864452 -0.83219482033261382714 -0.03001174445311985059
v -0.6053368879183205209 -0.79540338654059250523 -0.03001174445311985059
v -0.654565749401948338 -0.75540914404364112311 -0.03001174445311985059
v -0.70115890563763672017 -0.71237313554057646314 -0.03001174445311985059
v -0.043448108844592256417 0.54651707742982280624 0.83632012167315072926
v 0.87865305256317849381 0.28857749114265757173 -0.38038381251995684318
v 0.27589277719344262874 0.017533501946542590783 -0.96102848646748240125
f 144 143 19
f 12 6 1
f 13 61 202
f 207 2 3
f 12 107 4
f 104 5 12
f 206 155 534
f 140 139 14
f 163 162 14
f 74 73 12
f 158 11 206
f 202 12 115
f 194 48 178
f 174 175 12
f 121 120 206
f 56 55 12
f 91 8 209
f 49 59 20
f 43 98 8
f 116 149 15
f 194 127 126
f 100 99 15
f 550 192 12
f 206 88 532
f 153 212 219
f 80 93 15
f 213 200 206
f 15 160 159
f 96 108 64
f 184 195 10
f 114 128 12
f 87 86 15
f 82 94 16
f 173 172 190
f 89 21 325
f 250 249 16
f 330 329 534
f 52 54 305
f 345 357 532
f 55 22 23
f 9 138 24
f 233 26 555
f 536 27 336
f 311 28 544
f 7 188 268
f 66 95 19
f 73 41 12
f 106 107 12
f 166 157 207
f 89 13 202
f 5 6 12
f 139 9 14
f 207 29 27
f 283 282 490
f 502 527 1045
f 371 479 54
f 517 521 1048
f 324 326 31
f 357 32 511
f 399 33 1069
f 367 34 1070
f 474 473 1067
f 533 1060 35
f 484 36 1065
f 416 415 1062
f 120 53 206
f 175 193 12
f 264 257 1292
f 2 1064 3
f 225 39 40
f 41 1080 42
f 318 43 44
f 535 45 46
f 545 14 47
f 535 48 45
f 539 49 50
f 225 51 39
f 52 53 54
f 55 56 22
f 546 57 58
f 539 59 49
f 271 20 60
f 5 556 6
f 61 62 63
f 546 64 57
f 271 60 65
f 548 66 67
f 68 42 1080
f 69 244 70
f 71 1045 72
f 73 74 75
f 76 18 77
f 78 1076 79
f 560 80 81
f 554 82 83
f 545 47 84
f 85 86 87
f 88 72 1045
f 89 90 21
f 294 8 91
f 92 22 56
f 560 93 80
f 554 94 82
f 548 95 66
f 541 96 97
f 318 98 43
f 551 99 100
f 85 87 101
f 294 91 102
f 103 70 244
f 104 105 547
f 106 266 107
f 541 108 96
f 1 6 556
f 551 100 109
f 110 1052 111
f 112 19 113
f 114 79 1076
f 4 107 266
f 115 21 90
f 540 116 117
f 118 285 119
f 120 54 53
f 121 122 1044
f 76 77 123
f 112 113 124
f 125 126 127
f 12 11 552
f 128 129 130
f 131 132 38
f 133 134 135
f 136 530 137
f 138 139 140
f 141 63 62
f 142 143 144
f 145 119 285
f 146 147 148
f 540 149 116
f 150 308 151
f 125 127 152
f 153 1044 122
f 142 144 154
f 155 111 1052
f 156 157 1054
f 158 552 11
f 558 159 160
f 133 135 161
f 25 162 163
f 164 75 74
f 146 148 165
f 166 1054 157
f 167 168 531
f 25 10 162
f 169 151 308
f 549 170 171
f 1065 172 173
f 174 559 175
f 176 3 1064
f 558 160 177
f 533 178 179
f 180 181 182
f 1065 173 183
f 537 184 185
f 186 130 129
f 187 188 189
f 533 190 178
f 191 531 168
f 192 38 132
f 193 175 559
f 180 194 181
f 537 195 184
f 196 543 197
f 198 137 530
f 199 200 201
f 202 547 105
f 203 204 205
f 206 197 543
f 207 208 29
f 353 209 210
f 549 15 170
f 211 528 212
f 213 201 200
f 353 210 214
f 203 205 215
f 7 189 188
f 138 9 139
f 557 216 217
f 218 29 208
f 219 212 528
f 557 220 216
f 1058 221 222
f 1056 223 551
f 1058 554 221
f 1055 224 225
f 1056 551 226
f 227 1658 531
f 23 22 512
f 62 400 228
f 26 512 22
f 229 138 28
f 230 231 232
f 229 24 138
f 233 234 1701
f 1053 112 235
f 236 237 30
f 38 1701 234
f 1053 235 238
f 239 240 241
f 239 180 240
f 242 243 1668
f 244 232 231
f 1050 540 245
f 246 228 400
f 247 1043 248
f 1078 249 250
f 1063 251 252
f 1050 253 540
f 1061 254 203
f 255 1665 201
f 1061 203 256
f 257 1668 243
f 1047 537 258
f 1044 30 237
f 1047 258 259
f 260 261 262
f 1063 133 251
f 547 411 263
f 264 265 483
f 266 248 1043
f 267 268 1057
f 269 270 271
f 129 483 265
f 1078 125 249
f 269 272 270
f 273 274 468
f 1042 146 275
f 1042 276 146
f 1054 262 261
f 277 1051 278
f 37 279 25
f 37 25 280
f 1068 281 560
f 282 283 545
f 1076 468 274
f 1068 560 284
f 285 278 1051
f 286 531 1658
f 282 545 287
f 288 289 464
f 290 291 292
f 1059 293 294
f 295 492 296
f 387 85 297
f 387 298 85
f 1080 464 289
f 1040 549 299
f 300 301 446
f 1081 548 1073
f 1040 302 549
f 303 1066 552
f 1081 304 548
f 305 481 306
f 375 541 307
f 308 296 492
f 375 309 541
f 1060 533 310
f 1059 311 293
f 1074 312 76
f 1064 292 291
f 1074 76 313
f 314 263 411
f 75 446 301
f 452 315 316
f 1060 310 317
f 452 316 318
f 319 306 481
f 320 321 322
f 323 472 559
f 188 1057 268
f 324 325 326
f 327 328 434
f 329 330 331
f 332 557 333
f 556 425 334
f 332 335 557
f 336 322 321
f 337 539 338
f 339 552 1066
f 340 559 472
f 337 341 539
f 342 343 142
f 27 29 1072
f 344 32 345
f 1071 535 346
f 1049 347 348
f 1079 349 558
f 342 142 350
f 530 434 328
f 1079 558 351
f 352 1075 543
f 1049 348 353
f 354 334 425
f 355 543 1075
f 356 1082 528
f 357 345 32
f 21 326 325
f 358 1072 29
f 1039 546 359
f 360 331 330
f 1039 361 546
f 362 528 1082
f 1055 363 224
f 1071 346 364
f 365 201 1665
f 1707 1039 366
f 367 368 1663
f 30 369 1667
f 370 1674 371
f 1681 1055 372
f 34 1688 326
f 1681 373 1055
f 1675 374 375
f 376 1667 369
f 1694 1060 377
f 1694 35 1060
f 1675 378 374
f 262 379 1657
f 380 1059 381
f 380 382 1059
f 31 326 1688
f 383 1706 384
f 385 1657 379
f 1678 386 387
f 388 1079 389
f 1709 390 391
f 292 392 393
f 394 1063 395
f 394 396 1063
f 1693 1682 229
f 1669 337 397
f 1693 229 398
f 1678 399 386
f 1709 1058 390
f 400 384 1706
f 401 1684 402
f 1708 1074 403
f 1669 397 404
f 1066 1663 368
f 1708 403 405
f 406 393 392
f 407 408 409
f 322 410 1659
f 411 402 1684
f 1685 1071 412
f 1685 413 1071
f 414 415 416
f 414 37 415
f 414 1689 37
f 417 1677 418
f 1662 419 1049
f 388 389 420
f 1662 1049 421
f 669 422 423
f 424 1659 410
f 425 418 1677
f 1072 426 1673
f 427 1664 428
f 669 423 332
f 669 332 442
f 1658 409 408
f 1672 429 1078
f 1672 1078 430
f 431 432 433
f 434 428 1664
f 435 436 437
f 1661 438 439
f 440 1673 426
f 1661 1040 438
f 1082 441 838
f 442 443 1700
f 442 332 443
f 1676 342 444
f 1676 445 342
f 446 437 436
f 1704 447 448
f 449 1699 450
f 1665 433 432
f 1666 451 452
f 1666 452 453
f 1704 1068 447
f 454 838 441
f 455 1081 456
f 1075 457 1691
f 455 458 1081
f 1703 459 460
f 457 687 1691
f 457 461 687
f 462 463 607
f 464 450 1699
f 465 1686 466
f 1703 1053 459
f 1700 443 467
f 468 466 1686
f 1671 469 470
f 1689 471 37
f 472 687 461
f 473 474 1697
f 475 1660 476
f 1671 1042 469
f 463 477 607
f 463 1057 477
f 1698 478 269
f 479 371 1674
f 1698 269 33
f 480 239 36
f 481 726 482
f 483 476 1660
f 480 36 484
f 485 486 487
f 488 1697 474
f 1680 489 490
f 491 477 1057
f 492 493 1705
f 1696 1061 494
f 1680 490 282
f 1668 487 486
f 495 331 1679
f 1696 494 496
f 497 498 499
f 493 1710 1705
f 493 500 1710
f 482 726 501
f 482 501 502
f 1683 1050 503
f 1683 503 504
f 1695 505 506
f 1695 1047 505
f 1701 499 498
f 507 1670 508
f 509 1679 331
f 1051 1710 500
f 510 511 1687
f 512 508 1670
f 513 514 1702
f 515 516 519
f 1690 517 518
f 519 520 231
f 519 516 520
f 1690 521 517
f 1043 1702 514
f 231 760 522
f 231 520 760
f 1707 366 523
f 32 1687 511
f 1692 1056 524
f 525 522 760
f 1692 524 526
f 527 502 501
f 236 54 120
f 237 120 121
f 358 29 218
f 362 218 219
f 40 209 347
f 347 225 40
f 338 539 50
f 1046 50 190
f 102 51 363
f 363 294 102
f 97 220 307
f 307 541 97
f 46 126 346
f 346 535 46
f 232 244 69
f 249 125 152
f 327 75 164
f 328 164 198
f 191 199 365
f 227 531 191
f 265 17 186
f 357 1052 110
f 287 545 84
f 1048 84 195
f 179 134 310
f 310 533 179
f 329 188 187
f 251 133 161
f 251 161 48
f 1070 21 115
f 339 115 12
f 174 169 1067
f 323 559 174
f 69 529 232
f 23 529 55
f 27 536 207
f 41 73 300
f 300 1080 41
f 185 19 258
f 258 537 185
f 1077 62 61
f 187 534 329
f 360 534 155
f 110 532 357
f 344 532 88
f 320 1064 2
f 299 549 171
f 341 171 59
f 61 13 1077
f 325 13 89
f 296 308 150
f 295 150 145
f 117 147 245
f 245 540 117
f 297 85 101
f 309 101 108
f 305 542 52
f 356 528 211
f 355 211 206
f 71 542 319
f 319 1045 71
f 67 10 279
f 1073 548 67
f 183 20 272
f 272 1065 183
f 166 176 291
f 290 1054 166
f 293 544 8
f 1041 318 44
f 283 44 14
f 58 159 359
f 359 546 58
f 240 180 182
f 240 182 172
f 256 203 215
f 223 215 99
f 202 141 246
f 246 547 202
f 350 142 154
f 304 154 95
f 275 146 165
f 302 165 15
f 153 156 261
f 260 1044 153
f 242 38 192
f 109 149 226
f 226 551 109
f 158 167 286
f 303 552 158
f 24 553 9
f 273 129 128
f 274 128 114
f 65 86 1069
f 1069 271 65
f 315 353 214
f 316 214 98
f 83 194 221
f 221 554 83
f 106 103 247
f 248 266 106
f 354 530 136
f 334 136 1
f 343 16 143
f 152 16 249
f 163 553 280
f 280 25 163
f 235 112 124
f 238 124 94
f 234 555 131
f 78 68 288
f 288 1076 78
f 5 104 263
f 314 556 5
f 140 544 28
f 28 138 140
f 217 64 333
f 333 557 217
f 177 18 351
f 351 558 177
f 313 76 123
f 313 123 93
f 278 285 118
f 277 118 4
f 352 543 196
f 340 196 193
f 81 204 284
f 284 560 81
f 255 201 213
f 213 561 267
f 268 561 7
f 92 555 26
f 26 22 92
f 191 168 206
f 111 155 206
f 604 562 563
f 604 1660 562
f 1688 853 758
f 1688 758 564
f 565 811 1676
f 565 1676 566
f 567 624 568
f 567 568 569
f 1028 570 1675
f 1028 1675 1030
f 571 572 573
f 571 573 599
f 574 575 486
f 574 576 575
f 577 1695 578
f 577 578 579
f 1028 580 570
f 1028 1026 580
f 571 1661 572
f 571 581 1661
f 1699 582 658
f 1699 583 582
f 584 585 586
f 584 1657 585
f 587 588 1697
f 587 589 588
f 590 591 592
f 590 593 591
f 581 594 1661
f 581 595 594
f 610 596 597
f 610 598 596
f 599 1669 622
f 599 573 1669
f 602 600 601
f 602 1705 600
f 1026 1678 580
f 1026 1023 1678
f 590 592 1695
f 590 1695 577
f 602 589 587
f 602 601 589
f 1705 603 600
f 1705 1710 603
f 604 576 574
f 604 563 576
f 595 605 594
f 595 606 605
f 607 608 609
f 607 477 608
f 610 611 1684
f 610 597 611
f 1684 612 636
f 1684 611 612
f 579 578 613
f 579 613 614
f 593 1690 591
f 593 615 1690
f 569 568 616
f 569 616 433
f 1659 617 618
f 1659 619 617
f 1030 1675 620
f 1030 620 1032
f 1697 621 648
f 1697 588 621
f 622 623 642
f 622 1669 623
f 607 609 624
f 607 624 567
f 1699 625 583
f 1699 626 625
f 1710 627 603
f 1710 628 627
f 584 586 629
f 584 629 630
f 1659 631 665
f 1659 618 631
f 1657 632 585
f 1657 633 632
f 606 1671 605
f 606 634 1671
f 1032 620 635
f 1032 635 1033
f 636 637 678
f 636 612 637
f 615 638 1690
f 615 639 638
f 433 616 640
f 433 640 641
f 642 643 654
f 642 623 643
f 598 644 596
f 598 1706 644
f 655 4950 905
f 614 613 1703
f 614 1703 645
f 626 646 625
f 626 647 646
f 648 649 685
f 648 621 649
f 634 650 1671
f 634 651 650
f 477 652 608
f 477 653 652
f 654 1694 670
f 654 643 1694
f 655 656 1689
f 486 657 692
f 486 575 657
f 658 659 697
f 658 582 659
f 1023 660 1678
f 1023 1021 660
f 645 1703 661
f 645 661 662
f 639 663 638
f 639 664 663
f 665 666 816
f 665 631 666
f 651 667 650
f 651 668 667
f 1033 635 669
f 1033 669 1035
f 670 671 690
f 670 1694 671
f 619 871 617
f 619 672 871
f 641 640 673
f 641 673 674
f 630 629 675
f 630 675 1667
f 628 676 627
f 628 677 676
f 678 679 1677
f 678 637 679
f 664 1680 663
f 664 680 1680
f 681 682 683
f 681 683 684
f 1035 669 442
f 1035 442 1038
f 685 686 687
f 685 649 686
f 662 661 688
f 662 688 689
f 690 691 703
f 690 671 691
f 692 693 735
f 692 657 693
f 1660 694 562
f 1660 695 694
f 668 1683 667
f 668 696 1683
f 681 854 682
f 681 1674 854
f 697 698 1686
f 697 659 698
f 647 699 646
f 647 436 699
f 633 700 632
f 633 701 700
f 677 702 676
f 677 1702 702
f 703 394 720
f 703 691 394
f 1021 704 660
f 1021 1017 704
f 1038 442 1700
f 1038 1700 705
f 1667 675 706
f 1667 706 707
f 680 708 1680
f 680 709 708
f 696 710 1683
f 696 711 710
f 687 686 712
f 687 712 1691
f 674 673 713
f 674 713 409
f 905 4950 714
f 905 714 715
f 709 716 708
f 709 717 716
f 653 718 652
f 653 719 718
f 720 721 729
f 720 394 721
f 711 722 710
f 711 723 722
f 689 688 1709
f 689 1709 998
f 1706 724 868
f 1706 868 644
f 684 683 725
f 684 725 726
f 1702 727 702
f 1702 728 727
f 719 884 718
f 719 1679 884
f 729 730 739
f 729 721 730
f 705 1700 731
f 705 731 732
f 701 733 700
f 701 393 733
f 723 1692 722
f 723 734 1692
f 735 876 498
f 735 693 876
f 998 1709 736
f 998 736 1001
f 717 1666 716
f 717 737 1666
f 1691 712 738
f 1691 738 784
f 739 1685 754
f 739 730 1685
f 1677 740 761
f 1677 679 740
f 728 982 727
f 728 741 982
f 672 742 871
f 672 1673 742
f 715 714 1693
f 715 1693 743
f 409 713 744
f 409 744 745
f 732 731 746
f 732 746 747
f 1686 770 748
f 1686 698 770
f 734 749 1692
f 734 750 749
f 737 751 1666
f 737 752 751
f 498 753 794
f 498 876 753
f 754 755 765
f 754 1685 755
f 1017 1698 704
f 1017 1016 1698
f 436 756 699
f 436 757 756
f 724 758 868
f 724 564 758
f 741 759 982
f 741 760 759
f 761 762 803
f 761 740 762
f 750 763 749
f 750 764 763
f 765 766 780
f 765 755 766
f 743 1693 767
f 743 767 768
f 747 746 1707
f 747 1707 769
f 695 770 694
f 695 748 770
f 752 771 751
f 752 772 771
f 1001 736 773
f 1001 773 1003
f 745 744 774
f 745 774 775
f 1679 887 884
f 1679 776 887
f 726 725 777
f 726 777 501
f 769 1707 778
f 769 778 779
f 780 1672 781
f 780 766 1672
f 1003 773 480
f 1003 480 1007
f 772 1662 771
f 772 782 1662
f 764 1696 763
f 764 783 1696
f 784 785 786
f 784 738 785
f 757 787 756
f 757 788 787
f 1673 789 742
f 1673 790 789
f 775 774 791
f 775 791 1663
f 781 1672 792
f 781 792 793
f 794 795 822
f 794 753 795
f 783 796 1696
f 783 797 796
f 760 798 759
f 760 520 798
f 707 706 799
f 707 799 800
f 768 767 801
f 768 801 802
f 803 841 1664
f 803 762 841
f 782 835 1662
f 782 804 835
f 776 805 887
f 776 806 805
f 797 807 796
f 797 808 807
f 790 809 789
f 790 810 809
f 793 792 811
f 793 811 565
f 501 777 812
f 501 812 813
f 1007 480 814
f 1007 814 1010
f 520 815 798
f 520 516 815
f 816 733 393
f 816 666 733
f 806 817 805
f 806 1687 817
f 1663 791 818
f 1663 818 819
f 779 778 820
f 779 820 821
f 786 785 916
f 822 823 1670
f 822 795 823
f 808 1704 807
f 808 824 1704
f 1687 852 817
f 1687 825 852
f 516 826 815
f 516 827 826
f 828 1681 829
f 828 830 1681
f 802 801 380
f 802 380 831
f 821 820 388
f 821 388 832
f 566 1676 833
f 566 833 834
f 828 829 835
f 828 835 804
f 824 836 1704
f 824 837 836
f 1010 814 842
f 1010 842 1014
f 838 809 810
f 819 818 839
f 819 839 840
f 788 841 787
f 788 1664 841
f 1016 842 1698
f 1016 1014 842
f 830 843 1681
f 830 844 843
f 832 388 864
f 832 864 845
f 834 833 846
f 834 846 847
f 827 848 826
f 827 849 848
f 837 850 836
f 837 851 850
f 813 812 852
f 813 852 825
f 840 839 853
f 840 853 1688
f 800 799 854
f 800 854 1674
f 847 846 455
f 847 455 855
f 851 1708 850
f 851 856 1708
f 831 380 858
f 831 858 857
f 844 858 843
f 844 857 858
f 656 865 1689
f 656 859 865
f 855 455 860
f 855 860 861
f 856 862 1708
f 856 863 862
f 1670 848 849
f 1670 823 848
f 863 864 862
f 863 845 864
f 861 860 865
f 861 865 859
f 866 855 861
f 866 867 855
f 1231 705 732
f 868 869 870
f 868 870 644
f 871 872 873
f 871 742 872
f 629 874 675
f 629 875 874
f 876 877 878
f 876 878 753
f 879 859 656
f 879 656 1111
f 868 880 869
f 868 758 880
f 876 693 881
f 876 881 877
f 879 861 859
f 879 866 861
f 871 882 617
f 871 873 882
f 1111 656 655
f 644 870 883
f 644 883 596
f 884 885 886
f 884 886 718
f 887 888 890
f 887 805 888
f 867 847 855
f 867 889 847
f 884 890 885
f 884 887 890
f 629 586 891
f 629 891 875
f 742 892 872
f 742 789 892
f 889 834 847
f 889 893 834
f 753 878 894
f 753 894 795
f 893 566 834
f 893 895 566
f 596 883 896
f 596 896 597
f 805 897 888
f 805 817 897
f 693 898 881
f 693 657 898
f 758 853 899
f 758 899 880
f 718 886 900
f 718 900 652
f 789 901 892
f 789 809 901
f 597 896 902
f 597 902 611
f 895 565 566
f 895 903 565
f 904 905 906
f 903 793 565
f 903 907 793
f 906 905 715
f 906 715 908
f 617 909 618
f 617 882 909
f 817 910 897
f 817 852 910
f 611 902 911
f 611 911 612
f 907 781 793
f 907 912 781
f 908 715 743
f 908 743 913
f 586 914 891
f 586 585 914
f 809 915 901
f 809 916 915
f 675 917 706
f 675 874 917
f 913 743 768
f 913 768 918
f 912 780 781
f 912 919 780
f 919 765 780
f 919 920 765
f 918 768 802
f 918 802 921
f 657 922 898
f 657 575 922
f 652 900 923
f 652 923 608
f 795 894 924
f 795 924 823
f 921 802 831
f 921 831 925
f 920 754 765
f 920 926 754
f 612 911 927
f 612 927 637
f 925 831 857
f 925 857 928
f 926 739 754
f 926 1229 739
f 916 929 915
f 916 785 929
f 928 857 844
f 928 844 930
f 1229 729 739
f 1229 931 729
f 852 932 910
f 852 812 932
f 853 933 899
f 853 839 933
f 823 924 934
f 823 934 848
f 930 844 830
f 930 830 935
f 575 936 922
f 575 576 936
f 931 720 729
f 931 937 720
f 935 830 828
f 935 828 938
f 937 703 720
f 937 939 703
f 637 927 1086
f 637 1086 679
f 848 940 826
f 848 934 940
f 938 828 804
f 938 804 941
f 608 923 1105
f 785 942 929
f 785 738 942
f 941 804 782
f 941 782 943
f 939 690 703
f 939 944 690
f 943 782 772
f 943 772 945
f 706 917 946
f 706 946 799
f 944 670 690
f 944 947 670
f 618 948 631
f 618 909 948
f 945 772 752
f 945 752 949
f 826 940 950
f 826 950 815
f 839 951 933
f 839 818 951
f 947 654 670
f 947 952 654
f 576 953 936
f 576 563 953
f 679 1086 954
f 679 954 740
f 949 752 737
f 949 737 955
f 585 956 914
f 585 632 956
f 738 957 942
f 738 712 957
f 955 737 717
f 955 717 958
f 812 959 932
f 812 777 959
f 958 717 709
f 958 709 960
f 952 642 654
f 952 961 642
f 815 950 962
f 815 962 798
f 960 709 680
f 960 680 963
f 740 954 964
f 961 622 642
f 961 965 622
f 609 1102 624
f 963 680 664
f 963 664 966
f 965 599 622
f 965 967 599
f 563 968 953
f 563 562 968
f 966 664 639
f 966 639 969
f 967 571 599
f 967 970 571
f 712 971 957
f 712 686 971
f 799 946 1174
f 799 1174 854
f 798 962 986
f 798 986 759
f 969 639 615
f 969 615 972
f 777 973 959
f 777 725 973
f 818 974 951
f 818 791 974
f 972 615 593
f 972 593 1125
f 970 581 571
f 970 975 581
f 631 976 666
f 631 948 976
f 975 595 581
f 975 977 595
f 762 1142 841
f 1125 593 590
f 1125 590 1129
f 977 606 595
f 977 978 606
f 978 634 606
f 978 979 634
f 1129 590 577
f 1129 577 1135
f 624 1102 1090
f 624 1090 568
f 686 980 971
f 686 649 980
f 562 981 968
f 562 694 981
f 1135 577 579
f 1135 579 1136
f 982 983 984
f 982 984 727
f 979 651 634
f 979 985 651
f 982 986 983
f 982 759 986
f 1136 579 614
f 1136 614 1140
f 841 1142 987
f 841 987 787
f 985 668 651
f 985 1281 668
f 791 988 974
f 791 774 988
f 1281 696 668
f 1281 989 696
f 694 990 981
f 694 770 990
f 725 991 973
f 725 683 991
f 1140 614 645
f 1140 645 1144
f 727 984 992
f 727 992 702
f 989 711 696
f 989 993 711
f 1144 645 662
f 1144 662 1148
f 854 1174 994
f 568 1090 995
f 568 995 616
f 1148 662 689
f 1148 689 1150
f 649 996 980
f 649 621 996
f 632 997 956
f 632 700 997
f 1150 998 1154
f 1150 689 998
f 993 723 711
f 993 999 723
f 787 987 1000
f 787 1000 756
f 1154 1001 1157
f 1154 998 1001
f 999 734 723
f 999 1084 734
f 702 992 1002
f 702 1002 676
f 1157 1003 1161
f 1157 1001 1003
f 1084 750 734
f 1084 1004 750
f 770 698 1005
f 770 1005 990
f 1004 764 750
f 1004 1006 764
f 1161 1007 1165
f 1161 1003 1007
f 774 1008 988
f 774 744 1008
f 1006 783 764
f 1006 1009 783
f 1165 1010 1169
f 1165 1007 1010
f 616 995 1095
f 616 1095 640
f 756 1000 1011
f 756 1011 699
f 666 1027 733
f 666 976 1027
f 1009 797 783
f 1009 1287 797
f 621 1012 996
f 621 588 1012
f 676 1002 1013
f 676 1013 627
f 1169 1014 1173
f 1169 1010 1014
f 683 994 991
f 1287 808 797
f 1287 1284 808
f 698 1015 1005
f 698 659 1015
f 1173 1016 1179
f 1173 1014 1016
f 1284 824 808
f 1284 1278 824
f 1278 837 824
f 1278 1275 837
f 1179 1017 1184
f 1179 1016 1017
f 699 1011 1018
f 699 1018 646
f 627 1013 1019
f 627 1019 603
f 588 1020 1012
f 588 589 1020
f 1275 851 837
f 1275 1270 851
f 1270 856 851
f 1270 1266 856
f 1184 1021 1022
f 1184 1017 1021
f 1022 1023 1194
f 1022 1021 1023
f 744 1024 1008
f 744 713 1024
f 659 1025 1015
f 659 582 1025
f 640 1095 1034
f 640 1034 673
f 1194 1026 1199
f 1194 1023 1026
f 700 1027 997
f 700 733 1027
f 1266 863 856
f 1266 1262 863
f 1199 1028 1202
f 1199 1026 1028
f 1262 845 863
f 1262 1257 845
f 603 1019 1029
f 603 1029 600
f 1202 1030 1208
f 1202 1028 1030
f 646 1018 1031
f 646 1031 625
f 1257 832 845
f 1257 1253 832
f 1208 1032 1215
f 1208 1030 1032
f 1253 821 832
f 1253 1249 821
f 589 1037 1020
f 589 601 1037
f 582 1036 1025
f 582 583 1036
f 1215 1033 1220
f 1215 1032 1033
f 713 1034 1024
f 713 673 1034
f 1220 1035 1222
f 1220 1033 1035
f 1249 779 821
f 1249 1243 779
f 625 1031 1036
f 625 1036 583
f 600 1029 1037
f 600 1037 601
f 1222 1038 1225
f 1222 1035 1038
f 1243 769 779
f 1243 1238 769
f 1238 747 769
f 1238 1235 747
f 1225 1038 705
f 1235 732 747
f 1235 1231 732
f 443 332 333
f 443 333 361
f 519 231 230
f 515 230 23
f 299 341 438
f 438 1040 299
f 479 481 305
f 469 1042 275
f 470 275 302
f 521 282 287
f 490 1041 283
f 503 1050 245
f 503 245 276
f 421 1049 353
f 421 353 315
f 318 1041 453
f 453 452 318
f 247 244 525
f 525 1043 247
f 376 1044 260
f 369 30 1044
f 527 32 344
f 344 1045 527
f 482 1045 319
f 397 337 338
f 508 512 26
f 507 26 233
f 259 112 505
f 505 1047 259
f 518 1048 537
f 287 1048 521
f 372 1055 225
f 419 225 347
f 524 1056 226
f 526 226 253
f 277 266 514
f 513 1051 277
f 509 331 360
f 238 554 459
f 459 1053 238
f 360 1052 510
f 511 1052 357
f 385 1054 290
f 379 262 1054
f 381 1059 294
f 381 294 363
f 497 38 242
f 499 1701 38
f 494 1061 256
f 496 256 223
f 188 329 491
f 491 1057 188
f 222 180 390
f 390 1058 222
f 398 229 28
f 382 28 311
f 295 285 500
f 493 492 295
f 317 133 377
f 377 1060 317
f 338 1046 397
f 35 1046 533
f 255 267 463
f 462 1665 255
f 36 239 241
f 447 1068 284
f 447 284 254
f 487 1668 257
f 485 257 264
f 416 1062 24
f 227 365 432
f 431 1658 227
f 305 54 479
f 370 54 236
f 33 269 271
f 252 535 395
f 395 1063 252
f 406 1064 320
f 392 292 1064
f 484 1065 272
f 241 1065 36
f 473 472 323
f 303 286 408
f 407 1066 303
f 475 129 273
f 476 483 129
f 488 1067 308
f 323 1067 473
f 403 1074 313
f 405 313 281
f 34 326 21
f 297 309 378
f 378 387 297
f 399 1069 298
f 271 1069 33
f 368 1070 339
f 21 1070 34
f 364 125 412
f 412 1071 364
f 410 322 336
f 410 336 27
f 471 1073 279
f 456 1081 1073
f 389 1079 351
f 420 351 312
f 307 335 422
f 422 375 307
f 384 400 62
f 352 340 457
f 457 1075 352
f 280 1062 415
f 415 37 280
f 465 1076 288
f 466 468 1076
f 31 1077 324
f 62 1077 383
f 547 246 402
f 402 411 547
f 250 343 430
f 430 1078 250
f 556 314 418
f 418 425 556
f 366 1039 359
f 366 359 349
f 356 355 441
f 441 1082 356
f 449 1080 300
f 450 464 1080
f 444 342 350
f 458 350 304
f 426 1072 358
f 426 358 362
f 530 354 427
f 428 434 530
f 75 327 435
f 437 446 75
f 1394 930 935
f 1394 935 1398
f 1083 1084 1085
f 1083 1004 1084
f 1394 928 930
f 1394 1390 928
f 1086 1133 1087
f 1086 927 1133
f 1398 935 938
f 1398 938 1402
f 983 1088 984
f 983 1089 1088
f 1090 1113 1091
f 1090 1091 995
f 986 962 1092
f 986 1092 1098
f 1093 921 925
f 1093 1094 921
f 1402 938 941
f 1402 941 1408
f 1095 1096 1097
f 1095 1097 1034
f 1093 925 928
f 1093 928 1390
f 983 1098 1089
f 983 986 1098
f 1408 941 943
f 1408 943 1412
f 1095 995 1091
f 1095 1091 1096
f 1094 918 921
f 1094 1099 918
f 1034 1097 1100
f 1034 1100 1024
f 1099 913 918
f 1099 1101 913
f 1102 1103 1104
f 1102 1105 1103
f 1412 943 945
f 1412 945 1418
f 1101 908 913
f 1101 1106 908
f 1106 906 908
f 1106 1107 906
f 1418 945 949
f 1418 949 1421
f 984 1108 992
f 984 1088 1108
f 1107 904 906
f 1107 1109 904
f 1024 1100 1301
f 1024 1301 1008
f 1421 949 955
f 1421 955 1424
f 1424 955 958
f 1424 958 1429
f 1008 1301 1110
f 1008 1110 988
f 1109 1111 904
f 1109 1112 1111
f 1102 1104 1113
f 1102 1113 1090
f 1429 958 960
f 1429 960 1433
f 988 1110 1297
f 988 1297 974
f 1105 1114 1103
f 1105 923 1114
f 1433 960 963
f 1433 963 1438
f 974 1297 1115
f 974 1115 951
f 951 1115 1116
f 951 1116 933
f 992 1117 1002
f 992 1108 1117
f 1438 963 966
f 1438 966 1442
f 933 1116 1118
f 933 1118 899
f 923 1119 1114
f 923 900 1119
f 1442 966 969
f 1442 969 1446
f 899 1118 1120
f 899 1120 880
f 880 1120 1121
f 880 1121 869
f 1446 969 972
f 1446 972 1450
f 869 1121 1122
f 869 1122 870
f 1002 1123 1013
f 1002 1117 1123
f 900 1124 1119
f 900 886 1124
f 1450 1125 1454
f 1450 972 1125
f 870 1122 1126
f 870 1126 883
f 962 1127 1092
f 962 950 1127
f 883 1126 1128
f 883 1128 896
f 1454 1129 1457
f 1454 1125 1129
f 896 1128 1130
f 896 1130 902
f 902 1130 1131
f 902 1131 911
f 886 1132 1124
f 886 885 1132
f 911 1131 1133
f 911 1133 927
f 1013 1134 1019
f 1013 1123 1134
f 1457 1135 1462
f 1457 1129 1135
f 1462 1136 1464
f 1462 1135 1136
f 1086 1087 1137
f 1086 1137 954
f 885 1138 1132
f 885 890 1138
f 954 1137 1139
f 954 1139 964
f 1464 1140 1468
f 1464 1136 1140
f 964 1139 1141
f 964 1141 1142
f 1142 1141 1143
f 1142 1143 987
f 1468 1144 1473
f 1468 1140 1144
f 987 1143 1145
f 987 1145 1000
f 1019 1146 1029
f 1019 1134 1146
f 1000 1145 1147
f 1000 1147 1011
f 1473 1148 1476
f 1473 1144 1148
f 1011 1147 1149
f 1011 1149 1018
f 1476 1150 1479
f 1476 1148 1150
f 890 1151 1138
f 890 888 1151
f 1018 1149 1152
f 1018 1152 1031
f 1031 1152 1153
f 1031 1153 1036
f 1479 1154 1482
f 1479 1150 1154
f 1036 1155 1025
f 1036 1153 1155
f 1029 1156 1037
f 1029 1146 1156
f 1482 1157 1485
f 1482 1154 1157
f 1025 1155 1158
f 1025 1158 1015
f 950 1159 1127
f 950 940 1159
f 1015 1158 1160
f 1015 1160 1005
f 1485 1161 1487
f 1485 1157 1161
f 1005 1160 1162
f 1005 1162 990
f 888 1163 1151
f 888 897 1163
f 990 1162 1164
f 990 1164 981
f 1487 1165 1493
f 1487 1161 1165
f 981 1164 1166
f 981 1166 968
f 968 1166 1167
f 968 1167 953
f 1037 1168 1020
f 1037 1156 1168
f 1493 1169 1500
f 1493 1165 1169
f 953 1167 1170
f 953 1170 936
f 936 1170 1171
f 936 1171 922
f 897 1172 1163
f 897 910 1172
f 1500 1173 1502
f 1500 1169 1173
f 1174 1175 1176
f 1174 946 1175
f 1174 1176 1177
f 1174 1177 994
f 946 1178 1175
f 946 917 1178
f 1502 1179 1183
f 1502 1173 1179
f 922 1171 1180
f 922 1180 898
f 917 1181 1178
f 917 874 1181
f 1020 1182 1012
f 1020 1168 1182
f 1183 1184 1185
f 1183 1179 1184
f 874 1186 1181
f 874 875 1186
f 1187 1009 1006
f 1187 1188 1009
f 875 1189 1186
f 875 891 1189
f 898 1180 1190
f 898 1190 881
f 891 1191 1189
f 891 914 1191
f 914 1192 1191
f 914 956 1192
f 1193 1194 1198
f 1193 1022 1194
f 1112 879 1111
f 1112 1195 879
f 1012 1196 996
f 1012 1182 1196
f 1195 866 879
f 1195 1197 866
f 1193 1184 1022
f 1193 1185 1184
f 1198 1199 1201
f 1198 1194 1199
f 1197 867 866
f 1197 1200 867
f 1201 1202 1207
f 1201 1199 1202
f 1200 889 867
f 1200 1203 889
f 940 1204 1159
f 940 934 1204
f 1203 893 889
f 1203 1205 893
f 910 1206 1172
f 910 932 1206
f 1207 1208 1214
f 1207 1202 1208
f 956 1209 1192
f 956 997 1209
f 881 1190 1210
f 881 1210 877
f 996 1211 980
f 996 1196 1211
f 1205 895 893
f 1205 1212 895
f 1212 903 895
f 1212 1213 903
f 1214 1215 1219
f 1214 1208 1215
f 1213 907 903
f 1213 1216 907
f 994 1177 1217
f 994 1217 991
f 997 1218 1209
f 997 1027 1218
f 1219 1220 1221
f 1219 1215 1220
f 1216 912 907
f 1216 1358 912
f 1221 1222 1224
f 1221 1220 1222
f 980 1223 971
f 980 1211 1223
f 1358 919 912
f 1358 1356 919
f 1224 1225 1227
f 1224 1222 1225
f 1356 920 919
f 1356 1341 920
f 1027 976 1226
f 1027 1226 1218
f 1341 926 920
f 1227 1228 1230
f 1227 1225 1228
f 1332 1316 1229
f 1230 1231 1234
f 1230 1228 1231
f 971 1232 957
f 971 1223 1232
f 1316 931 1229
f 1316 1311 931
f 877 1210 1233
f 877 1233 878
f 1234 1235 1237
f 1234 1231 1235
f 1311 937 931
f 1311 1293 937
f 976 1236 1226
f 976 948 1236
f 1237 1238 1242
f 1237 1235 1238
f 934 1239 1204
f 934 924 1239
f 1293 939 937
f 1293 1240 939
f 932 1241 1206
f 932 959 1241
f 1242 1243 1248
f 1242 1238 1243
f 1240 944 939
f 1240 1244 944
f 948 1245 1236
f 948 909 1245
f 1244 947 944
f 1244 1246 947
f 957 1247 942
f 957 1232 1247
f 991 1217 1279
f 991 1279 973
f 1248 1249 1252
f 1248 1243 1249
f 1246 952 947
f 1246 1250 952
f 1250 961 952
f 1250 1251 961
f 1252 1253 1256
f 1252 1249 1253
f 909 1254 1245
f 909 882 1254
f 1251 965 961
f 1251 1255 965
f 1256 1257 1261
f 1256 1253 1257
f 1255 967 965
f 1255 1258 967
f 942 1259 929
f 942 1247 1259
f 1258 970 967
f 1258 1260 970
f 1261 1262 1265
f 1261 1257 1262
f 882 1263 1254
f 882 873 1263
f 878 1276 894
f 878 1233 1276
f 1260 975 970
f 1260 1264 975
f 1265 1266 1269
f 1265 1262 1266
f 1264 977 975
f 1264 1267 977
f 873 1268 1263
f 873 872 1268
f 1269 1270 1274
f 1269 1266 1270
f 1267 978 977
f 1267 1271 978
f 929 1272 915
f 929 1259 1272
f 1271 979 978
f 1271 1273 979
f 1274 1275 1277
f 1274 1270 1275
f 924 1276 1239
f 924 894 1276
f 1273 985 979
f 1277 1278 1283
f 1277 1275 1278
f 959 1279 1241
f 959 973 1279
f 1360 1280 1281
f 872 1282 1268
f 872 892 1282
f 1283 1284 1286
f 1283 1278 1284
f 1280 989 1281
f 1280 1285 989
f 915 1290 901
f 915 1272 1290
f 1286 1287 1291
f 1286 1284 1287
f 1285 993 989
f 1285 1288 993
f 1288 999 993
f 1288 1289 999
f 892 1290 1282
f 892 901 1290
f 1291 1009 1188
f 1291 1287 1009
f 1289 1084 999
f 1289 1085 1084
f 1083 1006 1004
f 1083 1187 1006
f 2 538 321
f 336 538 536
f 264 1292 17
f 243 242 550
f 192 550 242
f 1632 1293 1633
f 1632 1240 1293
f 1294 1107 1106
f 1294 1536 1107
f 1295 1183 1185
f 1295 1296 1183
f 1297 1298 1299
f 1297 1299 1115
f 1297 1110 1303
f 1297 1303 1298
f 1632 1244 1240
f 1632 1631 1244
f 1115 1299 1300
f 1115 1300 1116
f 1301 1519 1302
f 1301 1100 1519
f 1301 1302 1303
f 1301 1303 1110
f 1631 1246 1244
f 1631 1630 1246
f 1116 1300 1304
f 1116 1304 1118
f 1100 1305 1519
f 1100 1097 1305
f 1097 1306 1305
f 1097 1096 1306
f 1118 1304 1515
f 1118 1515 1120
f 1096 1307 1306
f 1096 1091 1307
f 1120 1515 1308
f 1120 1308 1121
f 1630 1250 1246
f 1630 1629 1250
f 1121 1308 1309
f 1121 1309 1122
f 1122 1309 1310
f 1122 1310 1126
f 1633 1311 1635
f 1633 1293 1311
f 1091 1113 1312
f 1091 1312 1307
f 1113 1313 1312
f 1113 1104 1313
f 1126 1310 1314
f 1126 1314 1128
f 1104 1315 1313
f 1104 1103 1315
f 1635 1316 1638
f 1635 1311 1316
f 1128 1314 1317
f 1128 1317 1130
f 1629 1251 1250
f 1629 1628 1251
f 1130 1317 1318
f 1130 1318 1131
f 1103 1319 1315
f 1103 1114 1319
f 1131 1318 1320
f 1131 1320 1133
f 1114 1321 1319
f 1114 1119 1321
f 1133 1322 1087
f 1133 1320 1322
f 1119 1323 1321
f 1119 1124 1323
f 1087 1322 1324
f 1087 1324 1137
f 1124 1325 1323
f 1124 1132 1325
f 1132 1326 1325
f 1132 1138 1326
f 1137 1324 1513
f 1137 1513 1139
f 1138 1327 1326
f 1138 1151 1327
f 1139 1513 1328
f 1139 1328 1141
f 1628 1255 1251
f 1628 1329 1255
f 1141 1330 1143
f 1141 1328 1330
f 1151 1331 1327
f 1151 1163 1331
f 1638 1332 1639
f 1638 1316 1332
f 1329 1258 1255
f 1329 1333 1258
f 1143 1334 1145
f 1143 1330 1334
f 1145 1335 1147
f 1145 1334 1335
f 1163 1336 1331
f 1163 1172 1336
f 1147 1337 1149
f 1147 1335 1337
f 1172 1338 1336
f 1172 1206 1338
f 1333 1260 1258
f 1333 1339 1260
f 1149 1340 1152
f 1149 1337 1340
f 1639 1341 1640
f 1639 1332 1341
f 1152 1342 1153
f 1152 1340 1342
f 1206 1516 1338
f 1206 1241 1516
f 1153 1343 1155
f 1153 1342 1343
f 1241 1344 1516
f 1241 1279 1344
f 1155 1345 1158
f 1155 1343 1345
f 1279 1217 1346
f 1279 1346 1344
f 1158 1347 1160
f 1158 1345 1347
f 1217 1348 1346
f 1217 1177 1348
f 1339 1264 1260
f 1339 1349 1264
f 1160 1350 1162
f 1160 1347 1350
f 1162 1351 1164
f 1162 1350 1351
f 1177 1508 1348
f 1177 1176 1508
f 1349 1267 1264
f 1349 1352 1267
f 1164 1353 1166
f 1164 1351 1353
f 1352 1271 1267
f 1352 1354 1271
f 1354 1273 1271
f 1354 1355 1273
f 1640 1356 1641
f 1640 1341 1356
f 1166 1357 1167
f 1166 1353 1357
f 1641 1358 1642
f 1641 1356 1358
f 1167 1359 1170
f 1167 1357 1359
f 1355 1360 1273
f 1355 1361 1360
f 1170 1362 1171
f 1170 1359 1362
f 1171 1363 1180
f 1171 1362 1363
f 1361 1280 1360
f 1361 1364 1280
f 1180 1365 1190
f 1180 1363 1365
f 1364 1285 1280
f 1364 1366 1285
f 1366 1288 1285
f 1366 1367 1288
f 1642 1358 1216
f 1642 1216 1368
f 1190 1369 1210
f 1190 1365 1369
f 1367 1289 1288
f 1367 1370 1289
f 1370 1085 1289
f 1370 1371 1085
f 1210 1372 1233
f 1210 1369 1372
f 1368 1216 1213
f 1368 1213 1373
f 1371 1083 1085
f 1371 1374 1083
f 1233 1375 1276
f 1233 1372 1375
f 1374 1187 1083
f 1374 1376 1187
f 1377 1109 1107
f 1377 1107 1536
f 1276 1375 1378
f 1276 1378 1239
f 1377 1112 1109
f 1377 1539 1112
f 1376 1188 1187
f 1376 1379 1188
f 1239 1380 1204
f 1239 1378 1380
f 1379 1291 1188
f 1379 1381 1291
f 1382 1101 1099
f 1382 1099 1383
f 1204 1384 1159
f 1204 1380 1384
f 1381 1286 1291
f 1381 1385 1286
f 1382 1106 1101
f 1382 1294 1106
f 1383 1099 1094
f 1383 1094 1547
f 1547 1094 1093
f 1547 1093 1389
f 1159 1386 1127
f 1159 1384 1386
f 1127 1387 1092
f 1127 1386 1387
f 1373 1213 1212
f 1373 1212 1388
f 1389 1390 1393
f 1389 1093 1390
f 1092 1391 1098
f 1092 1387 1391
f 1385 1283 1286
f 1385 1392 1283
f 1393 1394 1397
f 1393 1390 1394
f 1098 1395 1089
f 1098 1391 1395
f 1388 1212 1205
f 1388 1205 1396
f 1397 1398 1401
f 1397 1394 1398
f 1392 1277 1283
f 1392 1399 1277
f 1089 1400 1088
f 1089 1395 1400
f 1401 1402 1407
f 1401 1398 1402
f 1088 1403 1108
f 1088 1400 1403
f 1399 1274 1277
f 1399 1404 1274
f 1108 1405 1117
f 1108 1403 1405
f 1396 1205 1203
f 1396 1203 1406
f 1407 1408 1411
f 1407 1402 1408
f 1404 1269 1274
f 1404 1409 1269
f 1117 1410 1123
f 1117 1405 1410
f 1123 1510 1134
f 1123 1410 1510
f 1411 1412 1417
f 1411 1408 1412
f 1409 1265 1269
f 1409 1413 1265
f 1413 1261 1265
f 1413 1414 1261
f 1134 1415 1146
f 1134 1510 1415
f 1406 1203 1200
f 1406 1200 1416
f 1417 1418 1420
f 1417 1412 1418
f 1146 1419 1156
f 1146 1415 1419
f 1420 1421 1423
f 1420 1418 1421
f 1414 1256 1261
f 1414 1422 1256
f 1423 1424 1428
f 1423 1421 1424
f 1156 1425 1168
f 1156 1419 1425
f 1168 1426 1182
f 1168 1425 1426
f 1416 1200 1197
f 1416 1197 1427
f 1428 1429 1432
f 1428 1424 1429
f 1422 1252 1256
f 1422 1430 1252
f 1182 1431 1196
f 1182 1426 1431
f 1432 1433 1437
f 1432 1429 1433
f 1196 1434 1211
f 1196 1431 1434
f 1430 1248 1252
f 1430 1435 1248
f 1211 1436 1223
f 1211 1434 1436
f 1437 1438 1441
f 1437 1433 1438
f 1435 1242 1248
f 1435 1439 1242
f 1223 1440 1232
f 1223 1436 1440
f 1441 1442 1445
f 1441 1438 1442
f 1427 1197 1195
f 1427 1195 1443
f 1232 1444 1247
f 1232 1440 1444
f 1445 1446 1449
f 1445 1442 1446
f 1247 1447 1259
f 1247 1444 1447
f 1439 1237 1242
f 1439 1448 1237
f 1449 1450 1453
f 1449 1446 1450
f 1259 1451 1272
f 1259 1447 1451
f 1448 1234 1237
f 1448 1452 1234
f 1453 1454 1456
f 1453 1450 1454
f 1452 1230 1234
f 1452 1455 1230
f 1456 1457 1461
f 1456 1454 1457
f 1272 1458 1290
f 1272 1451 1458
f 1290 1458 1459
f 1290 1459 1282
f 1455 1227 1230
f 1455 1460 1227
f 1461 1462 1463
f 1461 1457 1462
f 1463 1464 1467
f 1463 1462 1464
f 1282 1465 1268
f 1282 1459 1465
f 1460 1224 1227
f 1460 1466 1224
f 1443 1195 1112
f 1443 1112 1539
f 1467 1468 1472
f 1467 1464 1468
f 1268 1469 1263
f 1268 1465 1469
f 1466 1221 1224
f 1466 1470 1221
f 1470 1219 1221
f 1470 1471 1219
f 1472 1473 1475
f 1472 1468 1473
f 1263 1474 1254
f 1263 1469 1474
f 1475 1476 1478
f 1475 1473 1476
f 1254 1477 1245
f 1254 1474 1477
f 1478 1479 1481
f 1478 1476 1479
f 1245 1480 1236
f 1245 1477 1480
f 1481 1482 1484
f 1481 1479 1482
f 1236 1483 1226
f 1236 1480 1483
f 1484 1485 1486
f 1484 1482 1485
f 1486 1487 1492
f 1486 1485 1487
f 1471 1214 1219
f 1471 1488 1214
f 1226 1489 1218
f 1226 1483 1489
f 1488 1207 1214
f 1488 1490 1207
f 1218 1491 1209
f 1218 1489 1491
f 1492 1493 1499
f 1492 1487 1493
f 1209 1494 1192
f 1209 1491 1494
f 1490 1201 1207
f 1490 1495 1201
f 1495 1198 1201
f 1495 1496 1198
f 1192 1497 1191
f 1192 1494 1497
f 1191 1498 1189
f 1191 1497 1498
f 1499 1500 1501
f 1499 1493 1500
f 1501 1502 1509
f 1501 1500 1502
f 1189 1503 1186
f 1189 1498 1503
f 1186 1504 1181
f 1186 1503 1504
f 1496 1193 1198
f 1496 1505 1193
f 1181 1506 1178
f 1181 1504 1506
f 1178 1506 1507
f 1178 1507 1175
f 1175 1507 1508
f 1175 1508 1176
f 1509 1183 1296
f 1509 1502 1183
f 1505 1185 1193
f 1505 1295 1185
f 1510 1511 1512
f 1510 1410 1511
f 1513 1514 1814
f 1513 1814 1328
f 1515 4948 1748
f 1515 1748 1308
f 1516 1517 1518
f 1516 1344 1517
f 1519 1799 1520
f 1519 1305 1799
f 1510 1512 1521
f 1510 1521 1415
f 1519 1522 1302
f 1519 1520 1522
f 1305 1523 1799
f 1305 1306 1523
f 1302 1522 1780
f 1302 1780 1303
f 1415 1738 1419
f 1415 1521 1738
f 1410 1524 1511
f 1410 1405 1524
f 1303 1525 1298
f 1303 1780 1525
f 1344 1773 1517
f 1344 1346 1773
f 1298 1525 1526
f 1298 1526 1299
f 1419 1527 1425
f 1419 1738 1527
f 1405 1528 1524
f 1405 1403 1528
f 1299 1526 1529
f 1299 1529 1300
f 1300 1529 1530
f 1304 4948 1515
f 1346 1531 1773
f 1346 1348 1531
f 1403 1532 1528
f 1403 1400 1532
f 1306 1533 1523
f 1306 1307 1533
f 1425 1534 1426
f 1425 1527 1534
f 1535 1536 1537
f 1535 1538 1539
f 1400 1540 1532
f 1400 1395 1540
f 1537 1536 1294
f 1537 1294 1541
f 1516 1542 1338
f 1516 1518 1542
f 1541 1294 1382
f 1541 1382 1931
f 1426 1543 1431
f 1426 1534 1543
f 1931 1382 1383
f 1348 1544 1531
f 1348 1508 1544
f 1395 1545 1540
f 1395 1391 1545
f 1546 1547 1548
f 1548 1547 1389
f 1548 1389 1549
f 1308 1748 1550
f 1308 1550 1309
f 1549 1389 1393
f 1549 1393 1551
f 1391 1552 1545
f 1391 1387 1552
f 1551 1393 1397
f 1551 1397 1553
f 1431 1554 1434
f 1431 1543 1554
f 1553 1397 1401
f 1553 1401 1555
f 1555 1401 1407
f 1555 1407 1556
f 1387 1753 1552
f 1387 1386 1753
f 1434 1557 1436
f 1434 1554 1557
f 1556 1407 1411
f 1556 1411 1558
f 1386 1559 1753
f 1386 1384 1559
f 1558 1411 1417
f 1558 1417 1560
f 1307 1777 1533
f 1307 1312 1777
f 1560 1417 1420
f 1560 1420 1561
f 1561 1420 1423
f 1561 1423 1562
f 1436 1563 1440
f 1436 1557 1563
f 1562 1423 1428
f 1562 1428 1564
f 1384 1565 1559
f 1384 1380 1565
f 1564 1428 1432
f 1564 1432 1566
f 1566 1432 1437
f 1566 1437 1567
f 1440 1568 1444
f 1440 1563 1568
f 1380 1569 1565
f 1380 1378 1569
f 1338 1542 1721
f 1338 1721 1336
f 1567 1437 1441
f 1567 1441 1570
f 1570 1441 1445
f 1570 1445 1571
f 1309 1550 1572
f 1309 1572 1310
f 1571 1445 1449
f 1571 1449 1573
f 1573 1449 1453
f 1573 1453 1574
f 1378 1575 1569
f 1378 1375 1575
f 1444 1576 1447
f 1444 1568 1576
f 1574 1453 1456
f 1574 1456 1577
f 1577 1456 1461
f 1577 1461 1578
f 1375 1579 1575
f 1375 1372 1579
f 1578 1461 1463
f 1578 1463 1784
f 1784 1463 1467
f 1784 1467 1580
f 1580 1467 1472
f 1580 1472 1581
f 1447 1582 1451
f 1447 1576 1582
f 1372 1583 1579
f 1372 1369 1583
f 1581 1472 1475
f 1581 1475 1584
f 1584 1475 1478
f 1584 1478 1585
f 1369 1586 1583
f 1369 1365 1586
f 1451 1587 1458
f 1451 1582 1587
f 1585 1478 1481
f 1585 1481 1588
f 1365 1589 1586
f 1365 1363 1589
f 1588 1481 1484
f 1588 1484 1590
f 1312 1591 1777
f 1312 1313 1591
f 1590 1484 1486
f 1590 1486 1592
f 1592 1486 1492
f 1592 1492 1593
f 1458 1594 1459
f 1458 1587 1594
f 1363 1595 1589
f 1363 1362 1595
f 1593 1492 1499
f 1593 1499 1596
f 1310 1572 1821
f 1310 1821 1314
f 1596 1499 1501
f 1596 1501 1719
f 1459 1597 1465
f 1459 1594 1597
f 1719 1501 1509
f 1719 1509 1720
f 1362 1598 1595
f 1362 1359 1598
f 1720 1509 1296
f 1720 1296 1724
f 1724 1296 1295
f 1724 1295 1725
f 1336 1721 1599
f 1336 1599 1331
f 1359 1600 1598
f 1359 1357 1600
f 1725 1295 1505
f 1725 1505 1733
f 1465 1601 1469
f 1465 1597 1601
f 1733 1505 1496
f 1733 1496 1734
f 1734 1496 1495
f 1734 1495 1736
f 1736 1495 1490
f 1736 1490 1737
f 1737 1490 1488
f 1737 1488 1743
f 1743 1488 1471
f 1743 1471 1744
f 1469 1602 1474
f 1469 1601 1602
f 1357 1603 1600
f 1357 1353 1603
f 1513 1324 1654
f 1513 1654 1514
f 1744 1471 1470
f 1744 1470 1762
f 1762 1470 1466
f 1762 1466 1763
f 1313 1604 1591
f 1313 1315 1604
f 1763 1466 1460
f 1763 1460 1766
f 1766 1460 1455
f 1766 1455 1767
f 1353 1715 1603
f 1353 1351 1715
f 1474 1605 1477
f 1474 1602 1605
f 1767 1455 1452
f 1767 1452 1770
f 1314 1821 1606
f 1314 1606 1317
f 1770 1452 1448
f 1770 1448 1607
f 1607 1448 1439
f 1607 1439 1608
f 1608 1439 1435
f 1608 1435 1786
f 1351 1609 1715
f 1351 1350 1609
f 1786 1435 1430
f 1786 1430 1789
f 1477 1610 1480
f 1477 1605 1610
f 1789 1430 1422
f 1789 1422 1791
f 1791 1422 1414
f 1791 1414 1795
f 1350 1611 1609
f 1350 1347 1611
f 1795 1414 1413
f 1795 1413 1798
f 1798 1413 1409
f 1798 1409 1803
f 1480 1612 1483
f 1480 1610 1612
f 1803 1409 1404
f 1803 1404 1805
f 1805 1404 1399
f 1805 1399 1807
f 1347 1613 1611
f 1347 1345 1613
f 1331 1599 1614
f 1331 1614 1327
f 1807 1399 1392
f 1807 1392 1809
f 1809 1392 1385
f 1809 1385 1811
f 1483 1615 1489
f 1483 1612 1615
f 1811 1385 1381
f 1811 1381 1818
f 1818 1381 1379
f 1818 1379 1820
f 1345 1616 1613
f 1345 1343 1616
f 1820 1379 1376
f 1820 1376 1826
f 1826 1376 1374
f 1826 1374 1829
f 1315 1617 1604
f 1315 1319 1617
f 1829 1374 1371
f 1829 1371 1831
f 1831 1371 1370
f 1831 1370 1832
f 1489 1615 1618
f 1489 1618 1491
f 1317 1606 1619
f 1317 1619 1318
f 1343 1620 1616
f 1343 1342 1620
f 1832 1370 1367
f 1832 1367 1834
f 1834 1367 1366
f 1834 1366 1837
f 1837 1366 1364
f 1837 1364 1841
f 1841 1364 1361
f 1841 1361 1844
f 1491 1618 1621
f 1491 1621 1494
f 1844 1361 1355
f 1844 1355 1622
f 1622 1355 1354
f 1622 1354 1853
f 1342 1623 1620
f 1342 1340 1623
f 1319 1750 1617
f 1319 1321 1750
f 1853 1354 1352
f 1853 1352 1857
f 1857 1352 1349
f 1857 1349 1624
f 1494 1621 1757
f 1494 1757 1497
f 1624 1349 1339
f 1624 1339 1860
f 1318 1619 1625
f 1318 1625 1320
f 1860 1339 1333
f 1860 1333 1865
f 1340 1626 1623
f 1340 1337 1626
f 1327 1614 1627
f 1327 1627 1326
f 1865 1333 1329
f 1865 1329 1869
f 1869 1628 1872
f 1869 1329 1628
f 1872 1629 1875
f 1872 1628 1629
f 1497 1757 1712
f 1497 1712 1498
f 1875 1630 1879
f 1875 1629 1630
f 1879 1631 1882
f 1879 1630 1631
f 1337 1745 1626
f 1337 1335 1745
f 1882 1632 1884
f 1882 1631 1632
f 1884 1633 1887
f 1884 1632 1633
f 1321 1634 1750
f 1321 1323 1634
f 1887 1635 1890
f 1887 1633 1635
f 1498 1712 1636
f 1498 1636 1503
f 1335 1637 1745
f 1335 1334 1637
f 1890 1638 1892
f 1890 1635 1638
f 1892 1639 1896
f 1892 1638 1639
f 1896 1640 1898
f 1896 1639 1640
f 1898 1641 1901
f 1898 1640 1641
f 1320 1625 1729
f 1320 1729 1322
f 1901 1642 1904
f 1901 1641 1642
f 1326 1627 1651
f 1326 1651 1325
f 1503 1636 1643
f 1503 1643 1504
f 1334 1644 1637
f 1334 1330 1644
f 1904 1642 1368
f 1904 1368 1645
f 1645 1368 1373
f 1645 1373 1646
f 1646 1373 1388
f 1646 1388 1647
f 1647 1388 1396
f 1647 1396 1648
f 1504 1643 1649
f 1504 1649 1506
f 1330 1814 1644
f 1330 1328 1814
f 1648 1396 1406
f 1648 1406 1650
f 1323 1651 1634
f 1323 1325 1651
f 1650 1406 1416
f 1650 1416 1652
f 1652 1416 1427
f 1652 1427 1653
f 1322 1729 1654
f 1322 1654 1324
f 1506 1649 1656
f 1506 1656 1507
f 1653 1427 1443
f 1653 1443 1655
f 1655 1443 1539
f 1655 1539 1538
f 1508 1656 1544
f 1508 1507 1656
f 605 1671 470
f 605 470 1040
f 449 446 626
f 626 1699 449
f 385 292 633
f 633 1657 385
f 641 1658 431
f 674 409 1658
f 829 1681 372
f 835 372 419
f 816 393 406
f 665 406 322
f 574 486 485
f 604 485 483
f 439 337 572
f 572 1661 439
f 421 451 771
f 771 1662 421
f 1066 407 775
f 775 1663 1066
f 757 436 435
f 788 435 434
f 567 1665 462
f 569 433 1665
f 453 489 716
f 716 1666 453
f 376 262 630
f 630 1667 376
f 735 498 497
f 497 1668 735
f 375 422 620
f 620 1675 375
f 792 1672 430
f 792 430 445
f 404 35 623
f 623 1669 404
f 827 516 515
f 849 515 512
f 667 1683 504
f 667 504 1042
f 755 1685 412
f 755 412 429
f 619 1659 424
f 672 424 1072
f 370 30 800
f 800 1674 370
f 580 1678 387
f 570 387 378
f 444 458 833
f 833 1676 444
f 803 1664 427
f 761 427 425
f 704 1698 33
f 660 33 399
f 653 477 491
f 719 491 495
f 282 521 663
f 663 1680 282
f 858 380 381
f 858 381 373
f 4950 414 416
f 416 1682 4950
f 722 1692 526
f 710 526 1050
f 790 1673 440
f 790 440 1082
f 678 1677 417
f 636 417 411
f 721 394 395
f 721 395 413
f 695 1660 475
f 748 475 468
f 776 1679 509
f 806 509 510
f 34 367 840
f 840 1688 34
f 860 455 456
f 865 456 471
f 518 1047 591
f 591 1690 518
f 786 838 454
f 786 454 1075
f 763 1696 496
f 749 496 1056
f 610 1684 401
f 598 401 400
f 813 32 527
f 825 1687 32
f 398 382 767
f 767 1693 398
f 377 396 671
f 671 1694 377
f 506 1053 578
f 578 1695 506
f 807 1704 448
f 796 448 1061
f 685 687 472
f 648 472 473
f 814 480 484
f 814 484 478
f 697 1686 465
f 658 465 464
f 467 1039 731
f 731 1700 467
f 681 481 479
f 684 726 481
f 822 1670 507
f 507 1701 822
f 1043 525 741
f 728 1702 1043
f 460 1058 661
f 661 1703 460
f 850 1708 405
f 836 405 1068
f 587 1697 488
f 602 488 492
f 383 31 724
f 724 1706 383
f 523 1079 778
f 778 1707 523
f 864 388 420
f 864 420 1074
f 391 239 736
f 736 1709 391
f 1051 513 628
f 628 1710 1051
f 1552 1938 1545
f 1552 1711 1938
f 1579 1916 1575
f 1579 1930 1916
f 1712 1942 1713
f 1712 1713 1636
f 2059 1592 1593
f 2059 2058 1592
f 1785 1607 1608
f 1785 1714 1607
f 1715 1716 1717
f 1715 1609 1716
f 2060 1593 1596
f 2060 2059 1593
f 1715 1718 1603
f 1715 1717 1718
f 2060 1719 2061
f 2060 1596 1719
f 2061 1720 2064
f 2061 1719 1720
f 1721 1722 1723
f 1721 1723 1599
f 2064 1724 2065
f 2064 1720 1724
f 2065 1725 2067
f 2065 1724 1725
f 2058 1590 1592
f 2058 2055 1590
f 1543 1726 1554
f 1543 1727 1726
f 1530 1529 2030
f 1636 1713 1728
f 1636 1728 1643
f 1729 1730 1731
f 1729 1731 1654
f 1554 1732 1557
f 1554 1726 1732
f 2067 1733 2068
f 2067 1725 1733
f 2068 1734 2071
f 2068 1733 1734
f 2055 1588 1590
f 2055 2053 1588
f 1729 1625 1735
f 1729 1735 1730
f 2071 1736 2074
f 2071 1734 1736
f 2074 1737 2075
f 2074 1736 1737
f 1738 1739 1740
f 1738 1521 1739
f 1543 1534 1741
f 1543 1741 1727
f 1643 1728 1742
f 1643 1742 1649
f 1738 1740 1894
f 1738 1894 1527
f 1721 1542 1937
f 1721 1937 1722
f 2075 1743 2078
f 2075 1737 1743
f 2078 1744 2080
f 2078 1743 1744
f 1745 1746 1747
f 1745 1637 1746
f 1748 1908 1749
f 1748 1749 1550
f 2053 1585 1588
f 2053 2051 1585
f 1750 1751 1752
f 1750 1752 1617
f 1753 1754 1755
f 1753 1559 1754
f 1745 1756 1626
f 1745 1747 1756
f 1757 1758 1759
f 1757 1621 1758
f 1757 1759 1942
f 1757 1942 1712
f 1603 1718 1760
f 1603 1760 1600
f 2051 1584 1585
f 2051 2049 1584
f 1649 1742 1761
f 1649 1761 1656
f 2080 1762 2082
f 2080 1744 1762
f 2082 1763 2084
f 2082 1762 1763
f 1753 1711 1552
f 1753 1755 1711
f 1545 1764 1540
f 1545 1938 1764
f 1750 1765 1751
f 1750 1634 1765
f 2049 1581 1584
f 2049 2046 1581
f 2084 1766 2086
f 2084 1763 1766
f 2086 1767 2094
f 2086 1766 1767
f 1634 1768 1765
f 1634 1651 1768
f 2046 1580 1581
f 1656 1761 1769
f 1656 1769 1544
f 2094 1770 1772
f 2094 1767 1770
f 1609 1771 1716
f 1609 1611 1771
f 1772 1607 1714
f 1772 1770 1607
f 1773 1774 1775
f 1773 1775 1517
f 1557 1776 1563
f 1557 1732 1776
f 1777 1778 1779
f 1777 1591 1778
f 1780 1781 1782
f 1780 1782 1525
f 1544 1769 1796
f 1544 1796 1531
f 1621 1783 1758
f 1621 1618 1783
f 2045 2042 1784
f 1785 1786 1788
f 1785 1608 1786
f 1780 1522 1787
f 1780 1787 1781
f 1788 1789 1790
f 1788 1786 1789
f 2042 1578 1784
f 2042 2041 1578
f 1790 1791 1794
f 1790 1789 1791
f 1563 1792 1568
f 1563 1776 1792
f 1600 1760 1793
f 1600 1793 1598
f 1794 1795 1797
f 1794 1791 1795
f 2041 1577 1578
f 2041 2039 1577
f 1773 1796 1774
f 1773 1531 1796
f 1797 1798 1802
f 1797 1795 1798
f 1799 1800 1801
f 1799 1523 1800
f 1802 1803 1804
f 1802 1798 1803
f 2039 1574 1577
f 2039 2036 1574
f 1529 1873 2030
f 1529 1526 1873
f 1804 1805 1806
f 1804 1803 1805
f 1806 1807 1808
f 1806 1805 1807
f 1799 1899 1520
f 1799 1801 1899
f 1777 1861 1533
f 1777 1779 1861
f 1808 1809 1810
f 1808 1807 1809
f 1810 1811 1817
f 1810 1809 1811
f 1637 1816 1746
f 1637 1644 1816
f 1618 1812 1783
f 1618 1615 1812
f 1521 1813 1739
f 1521 1512 1813
f 1814 1815 1816
f 1814 1816 1644
f 1817 1818 1819
f 1817 1811 1818
f 1819 1820 1825
f 1819 1818 1820
f 1821 1823 1822
f 1821 1572 1823
f 1550 1749 1823
f 1550 1823 1572
f 2036 1573 1574
f 2036 2034 1573
f 1598 1793 1824
f 1598 1824 1595
f 1825 1826 1828
f 1825 1820 1826
f 1814 1514 1827
f 1814 1827 1815
f 1828 1829 1946
f 1828 1826 1829
f 1559 1830 1754
f 1559 1565 1830
f 1946 1831 1950
f 1946 1829 1831
f 1950 1832 1952
f 1950 1831 1832
f 1540 1833 1532
f 1540 1764 1833
f 1952 1834 1836
f 1952 1832 1834
f 2034 1571 1573
f 2034 2033 1571
f 2033 1570 1571
f 2033 2028 1570
f 1821 1822 1835
f 1821 1835 1606
f 1836 1837 1840
f 1836 1834 1837
f 1568 1838 1576
f 1568 1792 1838
f 1651 1627 1839
f 1651 1839 1768
f 1591 1870 1778
f 1591 1604 1870
f 1840 1841 1843
f 1840 1837 1841
f 2028 1567 1570
f 2028 2026 1567
f 1615 1842 1812
f 1615 1612 1842
f 1843 1844 1845
f 1843 1841 1844
f 1626 1756 1846
f 1626 1846 1623
f 1542 1847 1937
f 1845 1844 1622
f 1595 1824 1848
f 1595 1848 1589
f 1576 1849 1582
f 1576 1838 1849
f 2026 1566 1567
f 2026 1850 1566
f 1565 1851 1830
f 1565 1569 1851
f 1623 1846 1852
f 1623 1852 1620
f 1961 1853 1856
f 4948 1854 1855
f 1856 1857 1858
f 1856 1853 1857
f 1850 1564 1566
f 1850 1859 1564
f 1858 1857 1624
f 1970 1860 1864
f 1523 1861 1800
f 1523 1533 1861
f 1859 1562 1564
f 1859 1862 1562
f 1862 1561 1562
f 1862 1863 1561
f 1864 1865 1868
f 1864 1860 1865
f 1532 1866 1528
f 1532 1833 1866
f 1612 1867 1842
f 1612 1610 1867
f 1868 1869 1871
f 1868 1865 1869
f 1617 1752 1870
f 1617 1870 1604
f 1871 1872 1874
f 1871 1869 1872
f 1525 1782 1873
f 1525 1873 1526
f 1874 1875 1878
f 1874 1872 1875
f 1606 1835 1885
f 1606 1885 1619
f 1863 1560 1561
f 1863 1876 1560
f 1589 1848 1877
f 1589 1877 1586
f 1878 1879 1881
f 1878 1875 1879
f 1654 1827 1514
f 1654 1731 1827
f 1876 1558 1560
f 1876 1880 1558
f 1881 1882 1883
f 1881 1879 1882
f 1883 1884 1886
f 1883 1882 1884
f 1625 1885 1735
f 1625 1619 1885
f 1886 1887 1889
f 1886 1884 1887
f 1880 1556 1558
f 1880 1888 1556
f 1611 1934 1771
f 1611 1613 1934
f 1889 1890 1891
f 1889 1887 1890
f 1891 1892 1895
f 1891 1890 1892
f 1582 1893 1587
f 1582 1849 1893
f 1627 1902 1839
f 1627 1614 1902
f 1534 1894 1741
f 1534 1527 1894
f 1895 1896 1897
f 1895 1892 1896
f 1897 1898 1900
f 1897 1896 1898
f 1517 1775 1847
f 1522 1899 1787
f 1522 1520 1899
f 1900 1901 1903
f 1900 1898 1901
f 1599 1723 1902
f 1599 1902 1614
f 1903 1904 1905
f 1903 1901 1904
f 1610 1906 1867
f 1610 1605 1906
f 1905 1904 1645
f 1905 1645 1907
f 4948 1855 1908
f 4948 1908 1748
f 1907 1645 1646
f 1907 1646 1909
f 1888 1555 1556
f 1888 1910 1555
f 1910 1553 1555
f 1910 1911 1553
f 1911 1551 1553
f 1911 2013 1551
f 1909 1646 1647
f 1909 1647 1912
f 1586 1877 1913
f 1586 1913 1583
f 1587 1893 2096
f 1912 1647 1648
f 1912 1648 1914
f 2013 1549 1551
f 2013 1915 1549
f 1569 1916 1851
f 1569 1575 1916
f 1914 1648 1650
f 1914 1650 1917
f 1917 1650 1652
f 1917 1652 1918
f 1620 1852 1919
f 1620 1919 1616
f 1528 1920 1524
f 1528 1866 1920
f 1918 1652 1653
f 1918 1653 1921
f 1605 1922 1906
f 1605 1602 1922
f 1512 1923 1813
f 1512 1511 1923
f 1921 1653 1655
f 1921 1655 1924
f 1924 1655 1538
f 1924 1538 1925
f 1915 1548 1549
f 1915 1926 1548
f 1925 1538 1535
f 1925 1535 1927
f 1926 1546 1548
f 1926 1928 1546
f 1594 1929 1597
f 1583 1913 1930
f 1583 1930 1579
f 1928 1931 1546
f 1928 1932 1931
f 1932 1541 1931
f 1932 1933 1541
f 1616 1919 1934
f 1616 1934 1613
f 1602 1935 1922
f 1602 1601 1935
f 1524 1923 1511
f 1524 1920 1923
f 1933 1537 1541
f 1933 1936 1537
f 1936 1535 1537
f 1936 1927 1535
f 1597 1935 1601
f 1597 1929 1935
f 1945 1825 1828
f 1945 2315 1825
f 1937 2093 2098
f 1937 1847 2093
f 1938 1939 1940
f 1938 1711 1939
f 1938 1940 1941
f 1938 1941 1764
f 1942 1943 1944
f 1942 1759 1943
f 1945 1946 2316
f 1945 1828 1946
f 1711 1947 1939
f 1711 1755 1947
f 1942 1944 1948
f 1942 1948 1713
f 1755 1949 1947
f 1755 1754 1949
f 2316 1950 2318
f 2316 1946 1950
f 1759 1951 1943
f 1759 1758 1951
f 2318 1952 2319
f 2318 1950 1952
f 1754 1953 1949
f 1754 1830 1953
f 1764 1941 1954
f 1764 1954 1833
f 2319 1952 1836
f 2319 1836 2322
f 2315 1819 1825
f 2315 2311 1819
f 1830 1955 1953
f 1830 1851 1955
f 1851 1956 1955
f 1851 1916 1956
f 2322 1836 1840
f 2322 1840 2325
f 2325 1840 1843
f 2325 1843 2328
f 1916 1930 1957
f 1916 1957 1956
f 1713 1948 1958
f 1713 1958 1728
f 1930 1959 1957
f 1930 1913 1959
f 1833 1954 1960
f 1833 1960 1866
f 2328 1843 1845
f 2328 1845 2329
f 2329 1845 1961
f 2329 1961 2331
f 1913 1962 1959
f 1913 1877 1962
f 1877 1963 1962
f 1877 1848 1963
f 1758 1964 1951
f 1758 1783 1964
f 2331 1961 1856
f 2331 1856 2334
f 1848 1965 1963
f 1848 1824 1965
f 1728 1958 1966
f 1728 1966 1742
f 1824 1967 1965
f 1824 1793 1967
f 2334 1856 1858
f 2334 1858 2335
f 1866 1960 1968
f 1866 1968 1920
f 1793 1969 1967
f 1793 1760 1969
f 2335 1858 1970
f 2335 1970 2339
f 1760 1971 1969
f 1760 1718 1971
f 2339 1970 1864
f 2339 1864 1972
f 1718 1973 1971
f 1718 1717 1973
f 1742 1966 1974
f 1742 1974 1761
f 1717 1975 1973
f 1717 1716 1975
f 1920 1968 1976
f 1920 1976 1923
f 1783 1977 1964
f 1783 1812 1977
f 1716 1978 1975
f 1716 1771 1978
f 1972 1864 1868
f 1972 1868 1979
f 1771 1980 1978
f 1771 1934 1980
f 1979 1868 1871
f 1979 1871 1981
f 1934 1982 1980
f 1934 1919 1982
f 1761 1974 1983
f 1761 1983 1769
f 2311 1817 1819
f 2311 2310 1817
f 1919 1984 1982
f 1919 1852 1984
f 1852 1985 1984
f 1852 1846 1985
f 1923 1986 1813
f 1923 1976 1986
f 1981 1871 1874
f 1981 1874 1987
f 1846 1988 1985
f 1846 1756 1988
f 1756 1989 1988
f 1756 1747 1989
f 1987 1874 1878
f 1987 1878 1990
f 1747 1991 1989
f 1747 1746 1991
f 1990 1878 1881
f 1990 1881 1992
f 2310 1810 1817
f 2310 2309 1810
f 1746 1993 1991
f 1746 1816 1993
f 1813 1986 1994
f 1813 1994 1739
f 1816 2304 1993
f 1812 1995 1977
f 1812 1842 1995
f 1769 1983 1996
f 1769 1996 1796
f 1992 1881 1883
f 1992 1883 1997
f 1815 1827 2302
f 1827 1998 2302
f 1827 1731 1998
f 1997 1883 1886
f 1997 1886 1999
f 1731 2000 1998
f 1731 1730 2000
f 1999 1886 1889
f 1999 1889 2001
f 2002 1925 1927
f 2002 2137 1925
f 2002 1927 1936
f 2002 1936 2134
f 1730 2003 2000
f 1730 1735 2003
f 1739 1994 2004
f 1739 2004 1740
f 2001 1889 1891
f 2001 1891 2005
f 2134 1936 1933
f 2134 1933 2139
f 1735 2006 2003
f 1735 1885 2006
f 1842 2007 1995
f 1842 1867 2007
f 2139 1933 1932
f 2139 1932 2143
f 2143 1932 1928
f 2143 1928 2147
f 1740 2004 2008
f 1740 2008 1894
f 1885 1835 2009
f 1885 2009 2006
f 2005 1891 1895
f 2005 1895 2010
f 2147 1928 1926
f 2147 1926 2149
f 2010 1895 1897
f 2010 1897 2011
f 2149 1926 1915
f 1835 2012 2009
f 1835 1822 2012
f 2151 2013 2153
f 2153 2013 1911
f 2153 1911 2157
f 2011 1897 1900
f 2011 1900 2014
f 1894 2008 2015
f 1894 2015 1741
f 2157 1911 1910
f 2157 1910 2159
f 2309 1808 1810
f 2309 2306 1808
f 1822 2016 2012
f 1822 1823 2016
f 2159 1910 1888
f 2159 1888 2162
f 2014 1900 1903
f 2014 1903 2017
f 2162 1888 1880
f 2162 1880 2164
f 1823 2018 2016
f 1823 1749 2018
f 2164 1880 1876
f 2164 1876 2167
f 2167 1876 1863
f 2167 1863 2172
f 1741 2019 1727
f 1741 2015 2019
f 1749 2020 2018
f 1749 1908 2020
f 2017 1903 1905
f 2017 1905 2021
f 2172 1863 1862
f 2172 1862 2174
f 2306 1806 1808
f 2306 2301 1806
f 2174 1862 1859
f 2174 1859 2177
f 1908 2022 2020
f 1908 1855 2022
f 2021 1905 1907
f 2021 1907 2023
f 2177 1859 1850
f 2177 1850 2179
f 2023 1907 1909
f 2023 1909 2024
f 1855 2025 2022
f 1855 1854 2025
f 2179 2026 2182
f 2179 1850 2026
f 1727 2027 1726
f 1727 2019 2027
f 2182 2028 2184
f 2182 2026 2028
f 1854 2029 2025
f 1854 2030 2029
f 1867 2031 2007
f 1867 1906 2031
f 2024 1909 1912
f 2024 1912 2032
f 2184 2033 2188
f 2184 2028 2033
f 2188 2034 2192
f 2188 2033 2034
f 2030 2035 2029
f 2030 1873 2035
f 2192 2036 2194
f 2192 2034 2036
f 1726 2037 1732
f 1726 2027 2037
f 1873 2038 2035
f 1873 1782 2038
f 2194 2039 2196
f 2194 2036 2039
f 2032 1912 1914
f 2032 1914 2040
f 2196 2041 2199
f 2196 2039 2041
f 2199 2042 2201
f 2199 2041 2042
f 1782 2043 2038
f 1782 1781 2043
f 2040 1914 1917
f 2040 1917 2044
f 2201 2045 2205
f 2201 2042 2045
f 2205 2046 2211
f 2205 2045 2046
f 1732 2047 1776
f 1732 2037 2047
f 1781 2048 2043
f 1781 1787 2048
f 2211 2049 2214
f 2211 2046 2049
f 2044 1917 1918
f 2044 1918 2050
f 2214 2051 2216
f 2214 2049 2051
f 2050 1918 1921
f 2050 1921 2052
f 2216 2053 2218
f 2216 2051 2053
f 1787 2054 2048
f 1787 1899 2054
f 2218 2055 2224
f 2218 2053 2055
f 1776 2056 1792
f 1776 2047 2056
f 1906 2057 2031
f 1906 1922 2057
f 1899 1801 2111
f 1899 2111 2054
f 2052 1921 1924
f 2052 1924 2100
f 2100 1924 1925
f 2100 1925 2137
f 2224 2058 2226
f 2224 2055 2058
f 2226 2059 2228
f 2226 2058 2059
f 1801 2102 2111
f 1801 1800 2102
f 2228 2060 2233
f 2228 2059 2060
f 2233 2061 2236
f 2233 2060 2061
f 2301 1804 1806
f 2301 2300 1804
f 1792 2062 1838
f 1792 2056 2062
f 1800 2063 2102
f 1800 1861 2063
f 2236 2064 2241
f 2236 2061 2064
f 2300 1802 1804
f 2300 2296 1802
f 2241 2065 2246
f 2241 2064 2065
f 1861 1779 2066
f 1861 2066 2063
f 2296 1797 1802
f 2296 2293 1797
f 2246 2067 2248
f 2246 2065 2067
f 2248 2068 2253
f 2248 2067 2068
f 1779 2069 2066
f 1779 1778 2069
f 1838 2070 1849
f 1838 2062 2070
f 2253 2071 2255
f 2253 2068 2071
f 1922 2072 2057
f 1922 1935 2072
f 1778 2073 2069
f 1778 1870 2073
f 2293 1794 1797
f 2293 2292 1794
f 2255 2074 2259
f 2255 2071 2074
f 2259 2075 2261
f 2259 2074 2075
f 2292 1790 1794
f 2292 2169 1790
f 1849 2076 1893
f 1849 2070 2076
f 2169 1788 1790
f 2169 2077 1788
f 2261 2078 2264
f 2261 2075 2078
f 1870 2079 2073
f 1870 1752 2079
f 2264 2080 2266
f 2264 2078 2080
f 1935 2081 2072
f 1935 1929 2081
f 2077 1785 1788
f 2077 2290 1785
f 2266 2082 2270
f 2266 2080 2082
f 1752 2083 2079
f 1752 1751 2083
f 2270 2084 2273
f 2270 2082 2084
f 1796 1996 2085
f 1796 2085 1774
f 2273 2086 2277
f 2273 2084 2086
f 1751 2087 2083
f 1751 1765 2087
f 1893 2088 2096
f 1893 2076 2088
f 2290 1714 1785
f 2290 2286 1714
f 1774 2085 2089
f 1774 2089 1775
f 1765 2090 2087
f 1765 1768 2090
f 1768 2091 2090
f 1768 1839 2091
f 1839 2092 2091
f 1839 1902 2092
f 1775 2089 2093
f 1775 2093 1847
f 2277 2094 2282
f 2277 2086 2094
f 2286 1772 1714
f 2286 2285 1772
f 1902 2095 2092
f 1902 1723 2095
f 2096 2081 1929
f 2096 2088 2081
f 2282 1772 2285
f 2282 2094 1772
f 1723 2097 2095
f 1723 1722 2097
f 1722 2098 2097
f 1722 1937 2098
f 838 786 916
f 916 809 838
f 2099 2100 2101
f 2099 2052 2100
f 2515 1972 1979
f 2515 2511 1972
f 2102 2103 2112
f 2102 2063 2103
f 1962 2104 1959
f 1962 2105 2104
f 1959 2106 1957
f 1959 2104 2106
f 1962 2107 2105
f 1962 1963 2107
f 2063 2108 2103
f 2063 2066 2108
f 1957 2109 1956
f 1957 2106 2109
f 2066 2110 2108
f 2066 2069 2110
f 2111 2112 2113
f 2111 2102 2112
f 1956 2114 1955
f 1956 2109 2114
f 2111 2115 2054
f 2111 2113 2115
f 1963 2116 2107
f 1963 1965 2116
f 2069 2117 2110
f 2069 2073 2117
f 1955 2118 1953
f 1955 2114 2118
f 1953 2119 1949
f 1953 2118 2119
f 2073 2120 2117
f 2073 2079 2120
f 2054 2115 2121
f 2054 2121 2048
f 1949 2122 1947
f 1949 2119 2122
f 2079 2123 2120
f 2079 2083 2123
f 1965 2124 2116
f 1965 1967 2124
f 1947 2125 1939
f 1947 2122 2125
f 1939 2126 1940
f 1939 2125 2126
f 2083 2127 2123
f 2083 2087 2127
f 1967 2128 2124
f 1967 1969 2128
f 1940 2129 1941
f 1940 2126 2129
f 2048 2121 2130
f 2048 2130 2043
f 2087 2358 2127
f 1941 2131 1954
f 1941 2129 2131
f 1954 2132 1960
f 1954 2131 2132
f 2090 2091 2133
f 2135 2134 2138
f 2135 2136 2137
f 2138 2139 2142
f 2138 2134 2139
f 1969 2140 2128
f 1969 1971 2140
f 2043 2141 2038
f 2043 2130 2141
f 2142 2143 2146
f 2142 2139 2143
f 1960 2144 1968
f 1960 2132 2144
f 1968 2145 1976
f 1968 2144 2145
f 2146 2147 2148
f 2146 2143 2147
f 2148 2149 2150
f 2148 2147 2149
f 2091 2353 2133
f 2091 2092 2353
f 2150 2151 2152
f 2150 2149 2151
f 2152 2153 2156
f 2152 2151 2153
f 2038 2154 2035
f 2038 2141 2154
f 1976 2155 1986
f 1976 2145 2155
f 2156 2157 2158
f 2156 2153 2157
f 2158 2159 2161
f 2158 2157 2159
f 1986 2160 1994
f 1986 2155 2160
f 2161 2162 2163
f 2161 2159 2162
f 2163 2164 2166
f 2163 2162 2164
f 2035 2165 2029
f 2035 2154 2165
f 2166 2167 2171
f 2166 2164 2167
f 1971 2168 2140
f 1971 1973 2168
f 2374 2169 2383
f 2374 2077 2169
f 1994 2170 2004
f 1994 2160 2170
f 2171 2172 2173
f 2171 2167 2172
f 2173 2174 2176
f 2173 2172 2174
f 2029 2175 2025
f 2029 2165 2175
f 2176 2177 2178
f 2176 2174 2177
f 2092 2350 2353
f 2092 2095 2350
f 2136 2100 2137
f 2136 2101 2100
f 2178 2179 2181
f 2178 2177 2179
f 2004 2180 2008
f 2004 2170 2180
f 2181 2182 2183
f 2181 2179 2182
f 2183 2184 2187
f 2183 2182 2184
f 2025 2185 2022
f 2025 2175 2185
f 2008 2186 2015
f 2008 2180 2186
f 2187 2188 2191
f 2187 2184 2188
f 2015 2189 2019
f 2015 2186 2189
f 2095 2190 2350
f 2095 2097 2190
f 2191 2192 2193
f 2191 2188 2192
f 2193 2194 2195
f 2193 2192 2194
f 2195 2196 2198
f 2195 2194 2196
f 2022 2197 2020
f 2022 2185 2197
f 2198 2199 2200
f 2198 2196 2199
f 2200 2201 2204
f 2200 2199 2201
f 2019 2202 2027
f 2019 2189 2202
f 1973 2203 2168
f 1973 1975 2203
f 2204 2205 2210
f 2204 2201 2205
f 2027 2206 2037
f 2027 2202 2206
f 2097 2207 2190
f 2097 2098 2207
f 2020 2208 2018
f 2020 2197 2208
f 2099 2050 2052
f 2099 2209 2050
f 2210 2211 2213
f 2210 2205 2211
f 2209 2044 2050
f 2209 2212 2044
f 2213 2214 2215
f 2213 2211 2214
f 2215 2216 2217
f 2215 2214 2216
f 2217 2218 2223
f 2217 2216 2218
f 2037 2219 2047
f 2037 2206 2219
f 2018 2220 2016
f 2018 2208 2220
f 2047 2221 2056
f 2047 2219 2221
f 2212 2040 2044
f 2212 2222 2040
f 2223 2224 2225
f 2223 2218 2224
f 2225 2226 2227
f 2225 2224 2226
f 2227 2228 2232
f 2227 2226 2228
f 1975 2229 2203
f 1975 1978 2229
f 2222 2032 2040
f 2222 2230 2032
f 2016 2231 2012
f 2016 2220 2231
f 2232 2233 2235
f 2232 2228 2233
f 2056 2234 2062
f 2056 2221 2234
f 2235 2236 2240
f 2235 2233 2236
f 2098 2237 2207
f 2098 2093 2237
f 1985 2299 1984
f 1985 2238 2299
f 2230 2024 2032
f 2230 2239 2024
f 2240 2241 2245
f 2240 2236 2241
f 2239 2023 2024
f 2239 2242 2023
f 2012 2243 2009
f 2012 2231 2243
f 2062 2244 2070
f 2062 2234 2244
f 2245 2246 2247
f 2245 2241 2246
f 2247 2248 2252
f 2247 2246 2248
f 2070 2249 2076
f 2070 2244 2249
f 2093 2250 2237
f 2093 2089 2250
f 1978 2251 2229
f 1978 1980 2251
f 2252 2253 2254
f 2252 2248 2253
f 2254 2255 2258
f 2254 2253 2255
f 2242 2021 2023
f 2242 2256 2021
f 2009 2257 2006
f 2009 2243 2257
f 2258 2259 2260
f 2258 2255 2259
f 2260 2261 2263
f 2260 2259 2261
f 2076 2262 2088
f 2076 2249 2262
f 2263 2264 2265
f 2263 2261 2264
f 2265 2266 2269
f 2265 2264 2266
f 2088 2344 2081
f 2088 2262 2344
f 2006 2267 2003
f 2006 2257 2267
f 2081 2268 2072
f 2081 2344 2268
f 2269 2270 2272
f 2269 2266 2270
f 2256 2017 2021
f 2256 2271 2017
f 2272 2273 2276
f 2272 2270 2273
f 2271 2014 2017
f 2271 2274 2014
f 2072 2275 2057
f 2072 2268 2275
f 2276 2277 2281
f 2276 2273 2277
f 2003 2278 2000
f 2003 2267 2278
f 2274 2011 2014
f 2274 2279 2011
f 2089 2280 2250
f 2089 2085 2280
f 2281 2282 2284
f 2281 2277 2282
f 1980 2283 2251
f 1980 1982 2283
f 2284 2285 2361
f 2284 2282 2285
f 2361 2286 2366
f 2361 2285 2286
f 2000 2287 1998
f 2000 2278 2287
f 2279 2010 2011
f 2279 2288 2010
f 2057 2275 2289
f 2057 2289 2031
f 2366 2290 2371
f 2366 2286 2290
f 2371 2077 2374
f 2371 2290 2077
f 2031 2289 2291
f 2031 2291 2007
f 2383 2292 2389
f 2383 2169 2292
f 2389 2293 2394
f 2389 2292 2293
f 1998 2294 2302
f 1998 2287 2294
f 2288 2005 2010
f 2288 2295 2005
f 2394 2296 2402
f 2394 2293 2296
f 2295 2001 2005
f 2295 2297 2001
f 2085 2298 2280
f 2085 1996 2298
f 1982 2299 2283
f 1982 1984 2299
f 2402 2300 2408
f 2402 2296 2300
f 2408 2301 2413
f 2408 2300 2301
f 2302 2303 2304
f 2302 2294 2303
f 2007 2291 2305
f 2007 2305 1995
f 2413 2306 2419
f 2413 2301 2306
f 2297 1999 2001
f 2297 2307 1999
f 1995 2305 2308
f 1995 2308 1977
f 2419 2309 2429
f 2419 2306 2309
f 2429 2310 2433
f 2429 2309 2310
f 2433 2311 2438
f 2433 2310 2311
f 2304 2312 1993
f 2304 2303 2312
f 1977 2308 2313
f 2307 1997 1999
f 2307 2314 1997
f 2438 2315 2448
f 2438 2311 2315
f 2448 2315 1945
f 1996 2337 2298
f 1996 1983 2337
f 1964 2391 1951
f 2460 2316 2462
f 1993 2317 1991
f 1993 2312 2317
f 2462 2318 2468
f 2462 2316 2318
f 2314 1992 1997
f 2314 2341 1992
f 2468 2319 2321
f 2468 2318 2319
f 1951 2391 2320
f 1951 2320 1943
f 2321 2322 2324
f 2321 2319 2322
f 1943 2320 2323
f 1943 2323 1944
f 2324 2325 2477
f 2324 2322 2325
f 1991 2326 1989
f 1991 2317 2326
f 1944 2323 2327
f 1944 2327 1948
f 2477 2328 2482
f 2477 2325 2328
f 2482 2329 2485
f 2482 2328 2329
f 2341 1990 1992
f 2341 2330 1990
f 2485 2331 2490
f 2485 2329 2331
f 1989 2338 1988
f 1989 2326 2338
f 1948 2327 2332
f 1948 2332 1958
f 2330 1987 1990
f 2330 2522 1987
f 1958 2332 2333
f 1958 2333 1966
f 2490 2334 2496
f 2490 2331 2334
f 2522 1981 1987
f 2522 2520 1981
f 2496 2335 2503
f 2496 2334 2335
f 1966 2333 2336
f 1966 2336 1974
f 1974 2336 2337
f 1974 2337 1983
f 1985 2338 2238
f 1985 1988 2338
f 2520 1979 1981
f 2520 2515 1979
f 2503 2339 2506
f 2503 2335 2339
f 2506 1972 2511
f 2506 2339 1972
f 2720 2321 2324
f 2720 2717 2321
f 2340 2341 2342
f 2340 2330 2341
f 2652 2276 2281
f 2652 2649 2276
f 2268 2343 2275
f 2268 2347 2343
f 2649 2272 2276
f 2649 2647 2272
f 2344 2345 2346
f 2344 2262 2345
f 2344 2346 2347
f 2344 2347 2268
f 2275 2348 2289
f 2275 2343 2348
f 2262 2349 2345
f 2262 2249 2349
f 2350 2351 2356
f 2350 2190 2351
f 2614 2245 2247
f 2614 2611 2245
f 2190 2352 2351
f 2190 2207 2352
f 2353 2354 2355
f 2353 2355 2133
f 2353 2356 2354
f 2353 2350 2356
f 2133 2355 2357
f 2133 2357 2358
f 2207 2359 2352
f 2207 2237 2359
f 2656 2281 2284
f 2656 2652 2281
f 2647 2269 2272
f 2647 2639 2269
f 2249 2360 2349
f 2249 2244 2360
f 2656 2361 2658
f 2656 2284 2361
f 2358 2357 2362
f 2358 2362 2127
f 2289 2363 2291
f 2289 2348 2363
f 2244 2364 2360
f 2244 2234 2364
f 2237 2365 2359
f 2237 2250 2365
f 2658 2366 2370
f 2658 2361 2366
f 2291 2367 2305
f 2291 2363 2367
f 2639 2265 2269
f 2639 2637 2265
f 2127 2362 2538
f 2127 2538 2123
f 2234 2368 2364
f 2234 2221 2368
f 2637 2263 2265
f 2637 2634 2263
f 2123 2538 2526
f 2123 2526 2120
f 2221 2369 2368
f 2221 2219 2369
f 2370 2371 2663
f 2370 2366 2371
f 2634 2260 2263
f 2634 2629 2260
f 2219 2372 2369
f 2219 2206 2372
f 2305 2373 2308
f 2305 2367 2373
f 2663 2374 2664
f 2663 2371 2374
f 2206 2375 2372
f 2206 2202 2375
f 2629 2258 2260
f 2629 2623 2258
f 2120 2526 2376
f 2120 2376 2117
f 2250 2377 2365
f 2623 2254 2258
f 2623 2622 2254
f 2117 2376 2378
f 2117 2378 2110
f 2202 2379 2375
f 2202 2189 2379
f 2308 2373 2380
f 2308 2380 2313
f 2189 2381 2379
f 2189 2186 2381
f 2110 2378 2382
f 2110 2382 2108
f 2622 2252 2254
f 2622 2616 2252
f 2664 2383 2669
f 2664 2374 2383
f 2616 2247 2252
f 2616 2614 2247
f 2186 2384 2381
f 2186 2180 2384
f 2280 2298 2385
f 2108 2382 2386
f 2108 2386 2103
f 2180 2528 2384
f 2180 2170 2528
f 2387 2101 2136
f 2387 2388 2101
f 2669 2389 2671
f 2669 2383 2389
f 2313 2380 2390
f 2313 2390 2391
f 2170 2392 2528
f 2170 2160 2392
f 2387 2136 2135
f 2387 2135 2393
f 2671 2394 2674
f 2671 2389 2394
f 2160 2395 2392
f 2160 2155 2395
f 2611 2240 2245
f 2611 2608 2240
f 2388 2099 2101
f 2388 2396 2099
f 2155 2397 2395
f 2155 2145 2397
f 2103 2386 2398
f 2103 2398 2112
f 2391 2390 2399
f 2391 2399 2320
f 2608 2235 2240
f 2608 2605 2235
f 2298 2561 2385
f 2298 2337 2561
f 2145 2400 2397
f 2145 2144 2400
f 2396 2209 2099
f 2396 2401 2209
f 2674 2402 2678
f 2674 2394 2402
f 2320 2399 2403
f 2320 2403 2323
f 2144 2404 2400
f 2144 2132 2404
f 2605 2232 2235
f 2605 2598 2232
f 2112 2398 2405
f 2112 2405 2113
f 2401 2212 2209
f 2401 2406 2212
f 2132 2407 2404
f 2132 2131 2407
f 2598 2227 2232
f 2598 2595 2227
f 2678 2408 2679
f 2678 2402 2408
f 2131 2409 2407
f 2131 2129 2409
f 2113 2405 2410
f 2113 2410 2115
f 2595 2225 2227
f 2595 2593 2225
f 2129 2411 2409
f 2129 2126 2411
f 2406 2222 2212
f 2406 2412 2222
f 2679 2413 2683
f 2679 2408 2413
f 2323 2403 2414
f 2323 2414 2327
f 2126 2415 2411
f 2126 2125 2415
f 2593 2223 2225
f 2593 2589 2223
f 2412 2230 2222
f 2412 2416 2230
f 2589 2217 2223
f 2589 2586 2217
f 2115 2410 2417
f 2115 2417 2121
f 2125 2418 2415
f 2125 2122 2418
f 2683 2419 2686
f 2683 2413 2419
f 2416 2239 2230
f 2416 2420 2239
f 2327 2414 2421
f 2327 2421 2332
f 2122 2422 2418
f 2122 2119 2422
f 2586 2215 2217
f 2586 2423 2215
f 2121 2417 2424
f 2121 2424 2130
f 2420 2242 2239
f 2420 2425 2242
f 2119 2426 2422
f 2119 2118 2426
f 2425 2256 2242
f 2425 2427 2256
f 2130 2424 2428
f 2130 2428 2141
f 2686 2429 2690
f 2686 2419 2429
f 2118 2430 2426
f 2118 2114 2430
f 2423 2213 2215
f 2423 2431 2213
f 2332 2421 2432
f 2332 2432 2333
f 2690 2433 2693
f 2690 2429 2433
f 2114 2434 2430
f 2114 2109 2434
f 2431 2210 2213
f 2431 2435 2210
f 2427 2271 2256
f 2427 2436 2271
f 2109 2437 2434
f 2109 2106 2437
f 2693 2438 2696
f 2693 2433 2438
f 2435 2204 2210
f 2435 2439 2204
f 2106 2440 2437
f 2106 2104 2440
f 2439 2200 2204
f 2439 2441 2200
f 2141 2428 2442
f 2141 2442 2154
f 2104 2443 2440
f 2104 2105 2443
f 2436 2274 2271
f 2436 2444 2274
f 2333 2432 2445
f 2333 2445 2336
f 2441 2198 2200
f 2441 2446 2198
f 2105 2447 2443
f 2105 2107 2447
f 2696 2448 2697
f 2696 2438 2448
f 2446 2195 2198
f 2446 2449 2195
f 2107 2450 2447
f 2107 2116 2450
f 2154 2442 2451
f 2154 2451 2165
f 2444 2279 2274
f 2444 2452 2279
f 2393 2135 2138
f 2393 2138 2453
f 2116 2454 2450
f 2116 2124 2454
f 2449 2193 2195
f 2449 2455 2193
f 2455 2191 2193
f 2455 2456 2191
f 2165 2451 2457
f 2165 2457 2175
f 2124 2458 2454
f 2124 2128 2458
f 2452 2288 2279
f 2452 2459 2288
f 2697 2460 2703
f 2697 2448 2460
f 2128 2461 2458
f 2128 2140 2461
f 2336 2445 2561
f 2336 2561 2337
f 2703 2462 2706
f 2703 2460 2462
f 2459 2295 2288
f 2459 2463 2295
f 2140 2464 2461
f 2140 2168 2464
f 2456 2187 2191
f 2456 2465 2187
f 2175 2457 2466
f 2175 2466 2185
f 2168 2467 2464
f 2168 2203 2467
f 2706 2468 2710
f 2706 2462 2468
f 2465 2183 2187
f 2465 2469 2183
f 2463 2297 2295
f 2463 2470 2297
f 2203 2471 2467
f 2203 2229 2471
f 2710 2321 2717
f 2710 2468 2321
f 2229 2472 2471
f 2229 2251 2472
f 2185 2466 2473
f 2185 2473 2197
f 2251 2474 2472
f 2251 2283 2474
f 2469 2181 2183
f 2469 2475 2181
f 2475 2178 2181
f 2475 2476 2178
f 2720 2477 2724
f 2720 2324 2477
f 2453 2138 2142
f 2453 2142 2478
f 2283 2479 2474
f 2283 2299 2479
f 2476 2176 2178
f 2476 2480 2176
f 2299 2238 2481
f 2299 2481 2479
f 2724 2482 2727
f 2724 2477 2482
f 2197 2473 2483
f 2197 2483 2208
f 2480 2173 2176
f 2480 2484 2173
f 2727 2485 2730
f 2727 2482 2485
f 2238 2486 2481
f 2238 2338 2486
f 2478 2142 2146
f 2478 2146 2487
f 2470 2307 2297
f 2470 2488 2307
f 2338 2326 2489
f 2338 2489 2486
f 2730 2490 2495
f 2730 2485 2490
f 2488 2314 2307
f 2488 2491 2314
f 2326 2492 2489
f 2326 2317 2492
f 2487 2146 2148
f 2487 2148 2493
f 2208 2483 2494
f 2208 2494 2220
f 2495 2496 2502
f 2495 2490 2496
f 2317 2497 2492
f 2317 2312 2497
f 2484 2171 2173
f 2484 2498 2171
f 2220 2494 2499
f 2220 2499 2231
f 2312 2500 2497
f 2312 2303 2500
f 2498 2166 2171
f 2498 2501 2166
f 2491 2341 2314
f 2491 2342 2341
f 2502 2503 2505
f 2502 2496 2503
f 2501 2163 2166
f 2501 2504 2163
f 2505 2506 2705
f 2505 2503 2506
f 2303 2507 2500
f 2303 2294 2507
f 2294 2508 2507
f 2294 2287 2508
f 2504 2161 2163
f 2504 2509 2161
f 2493 2148 2150
f 2493 2150 2510
f 2705 2511 2514
f 2705 2506 2511
f 2287 2512 2508
f 2287 2278 2512
f 2510 2150 2152
f 2510 2152 2513
f 2231 2499 2524
f 2231 2524 2243
f 2514 2515 2519
f 2514 2511 2515
f 2278 2516 2512
f 2278 2267 2516
f 2509 2158 2161
f 2509 2517 2158
f 2517 2156 2158
f 2517 2518 2156
f 2519 2520 2521
f 2519 2515 2520
f 2521 2522 2525
f 2521 2520 2522
f 2267 2523 2516
f 2267 2257 2523
f 2518 2152 2156
f 2518 2513 2152
f 2257 2524 2523
f 2257 2243 2524
f 2525 2330 2340
f 2525 2522 2330
f 2526 2540 2527
f 2526 2527 2376
f 2528 2739 2737
f 2528 2392 2739
f 2529 2517 2509
f 2529 2530 2517
f 2529 2509 2504
f 2529 2504 2531
f 2376 2527 2532
f 2376 2532 2378
f 2533 2388 2387
f 2533 2534 2388
f 2533 2387 2393
f 2533 2393 2535
f 2531 2504 2501
f 2531 2501 2536
f 2536 2501 2498
f 2536 2498 2537
f 2378 2532 2742
f 2378 2742 2382
f 2538 2539 2540
f 2538 2540 2526
f 2537 2498 2484
f 2537 2484 2541
f 2534 2396 2388
f 2534 2542 2396
f 2538 2362 2543
f 2538 2543 2539
f 2382 2742 2544
f 2382 2544 2386
f 2541 2484 2480
f 2541 2480 2545
f 2545 2480 2476
f 2545 2476 2546
f 2542 2401 2396
f 2542 2547 2401
f 2386 2544 2548
f 2386 2548 2398
f 2547 2406 2401
f 2547 2549 2406
f 2398 2548 2550
f 2398 2550 2405
f 2549 2412 2406
f 2549 2551 2412
f 2530 2518 2517
f 2530 2552 2518
f 2362 2553 2543
f 2362 2357 2553
f 2546 2476 2475
f 2546 2475 2554
f 2405 2550 2555
f 2405 2555 2410
f 2554 2475 2469
f 2554 2469 2556
f 2556 2469 2465
f 2556 2465 2557
f 2551 2416 2412
f 2551 2558 2416
f 2410 2555 2559
f 2410 2559 2417
f 2558 2420 2416
f 2558 2560 2420
f 2561 2562 2563
f 2561 2445 2562
f 2557 2465 2456
f 2557 2456 2564
f 2417 2559 2565
f 2417 2565 2424
f 2357 2566 2553
f 2357 2355 2566
f 2424 2565 2567
f 2424 2567 2428
f 2564 2456 2455
f 2564 2455 2568
f 2561 2657 2385
f 2561 2563 2657
f 2568 2455 2449
f 2568 2449 2569
f 2428 2567 2570
f 2428 2570 2442
f 2560 2425 2420
f 2560 2571 2425
f 2569 2449 2446
f 2569 2446 2572
f 2442 2570 2573
f 2442 2573 2451
f 2572 2446 2441
f 2572 2441 2574
f 2355 2575 2566
f 2355 2354 2575
f 2571 2427 2425
f 2571 2576 2427
f 2451 2573 2577
f 2451 2577 2457
f 2445 2578 2562
f 2445 2432 2578
f 2574 2441 2439
f 2574 2439 2579
f 2579 2439 2435
f 2579 2435 2580
f 2457 2577 2581
f 2457 2581 2466
f 2580 2435 2431
f 2580 2431 2841
f 2432 2582 2578
f 2432 2421 2582
f 2576 2436 2427
f 2576 2583 2436
f 2354 2584 2575
f 2354 2356 2584
f 2841 2431 2423
f 2841 2423 2585
f 2585 2586 2588
f 2585 2423 2586
f 2583 2444 2436
f 2583 2587 2444
f 2588 2589 2592
f 2588 2586 2589
f 2421 2760 2582
f 2421 2414 2760
f 2466 2581 2590
f 2466 2590 2473
f 2473 2590 2591
f 2473 2591 2483
f 2592 2593 2594
f 2592 2589 2593
f 2594 2595 2597
f 2594 2593 2595
f 2414 2596 2760
f 2414 2403 2596
f 2597 2598 2875
f 2597 2595 2598
f 2483 2591 2599
f 2483 2599 2494
f 2552 2513 2518
f 2552 2600 2513
f 2356 2601 2584
f 2356 2351 2601
f 2403 2602 2596
f 2403 2399 2602
f 2587 2452 2444
f 2587 2603 2452
f 2494 2599 2604
f 2494 2604 2499
f 2875 2605 2887
f 2875 2598 2605
f 2603 2459 2452
f 2603 2606 2459
f 2499 2604 2607
f 2499 2607 2524
f 2887 2608 2610
f 2887 2605 2608
f 2351 2609 2601
f 2351 2352 2609
f 2610 2611 2895
f 2610 2608 2611
f 2399 2612 2602
f 2399 2390 2612
f 2524 2607 2613
f 2524 2613 2523
f 2895 2614 2910
f 2895 2611 2614
f 2523 2613 2615
f 2523 2615 2516
f 2910 2616 2913
f 2910 2614 2616
f 2516 2615 2617
f 2516 2617 2512
f 2390 2618 2612
f 2390 2380 2618
f 2380 2619 2618
f 2380 2373 2619
f 2352 2620 2609
f 2352 2359 2620
f 2512 2617 2621
f 2512 2621 2508
f 2913 2622 2924
f 2913 2616 2622
f 2924 2623 2928
f 2924 2622 2623
f 2606 2463 2459
f 2606 2624 2463
f 2508 2621 2625
f 2508 2625 2507
f 2373 2626 2619
f 2373 2367 2626
f 2359 2627 2620
f 2359 2365 2627
f 2624 2470 2463
f 2624 2628 2470
f 2928 2629 2934
f 2928 2623 2629
f 2507 2625 2630
f 2507 2630 2500
f 2367 2631 2626
f 2367 2363 2631
f 2500 2630 2632
f 2500 2632 2497
f 2600 2510 2513
f 2600 2633 2510
f 2934 2634 2636
f 2934 2629 2634
f 2628 2488 2470
f 2628 2635 2488
f 2636 2637 2638
f 2636 2634 2637
f 2638 2639 2646
f 2638 2637 2639
f 2497 2632 2640
f 2497 2640 2492
f 2363 2641 2631
f 2363 2348 2641
f 2635 2491 2488
f 2635 2642 2491
f 2365 2643 2627
f 2365 2377 2643
f 2633 2493 2510
f 2633 2644 2493
f 2492 2640 2645
f 2492 2645 2489
f 2646 2647 2648
f 2646 2639 2647
f 2648 2649 2651
f 2648 2647 2649
f 2348 2650 2641
f 2348 2343 2650
f 2651 2652 2655
f 2651 2649 2652
f 2489 2645 2653
f 2489 2653 2486
f 2486 2653 2654
f 2486 2654 2481
f 2655 2656 2757
f 2655 2652 2656
f 2377 2657 2643
f 2377 2385 2657
f 2757 2658 2772
f 2757 2656 2658
f 2343 2659 2650
f 2343 2347 2659
f 2481 2654 2660
f 2481 2660 2479
f 2642 2342 2491
f 2642 2661 2342
f 2479 2660 2662
f 2479 2662 2474
f 2772 2658 2370
f 2790 2663 2799
f 2799 2664 2805
f 2799 2663 2664
f 2347 2665 2659
f 2347 2346 2665
f 2644 2487 2493
f 2644 2666 2487
f 2474 2662 2667
f 2474 2667 2472
f 2661 2340 2342
f 2661 2668 2340
f 2805 2669 2828
f 2805 2664 2669
f 2346 2670 2665
f 2346 2345 2670
f 2828 2671 2843
f 2828 2669 2671
f 2472 2667 2672
f 2472 2672 2471
f 2668 2525 2340
f 2668 2673 2525
f 2345 2765 2670
f 2345 2349 2765
f 2843 2674 2851
f 2843 2671 2674
f 2349 2675 2765
f 2349 2360 2675
f 2471 2672 2676
f 2471 2676 2467
f 2360 2677 2675
f 2360 2364 2677
f 2851 2678 2861
f 2851 2674 2678
f 2861 2679 2868
f 2861 2678 2679
f 2666 2478 2487
f 2666 2680 2478
f 2467 2676 2681
f 2467 2681 2464
f 2673 2521 2525
f 2673 2682 2521
f 2868 2683 2879
f 2868 2679 2683
f 2364 2684 2677
f 2364 2368 2684
f 2464 2681 2685
f 2464 2685 2461
f 2879 2686 2891
f 2879 2683 2686
f 2680 2453 2478
f 2680 2687 2453
f 2461 2685 2688
f 2461 2688 2458
f 2458 2688 2689
f 2458 2689 2454
f 2891 2690 2897
f 2891 2686 2690
f 2454 2689 2691
f 2454 2691 2450
f 2682 2519 2521
f 2682 2692 2519
f 2897 2693 2906
f 2897 2690 2693
f 2368 2694 2684
f 2450 2691 2695
f 2450 2695 2447
f 2906 2696 2915
f 2906 2693 2696
f 2915 2697 2918
f 2915 2696 2697
f 2447 2695 2698
f 2447 2698 2443
f 2443 2698 2699
f 2443 2699 2440
f 2687 2393 2453
f 2687 2535 2393
f 2692 2514 2519
f 2369 2372 2884
f 2440 2699 2700
f 2440 2700 2437
f 2437 2700 2701
f 2437 2701 2434
f 2372 2702 2884
f 2372 2375 2702
f 2918 2703 2932
f 2918 2697 2703
f 2812 2704 2705
f 2932 2706 2709
f 2932 2703 2706
f 2434 2701 2707
f 2434 2707 2430
f 2430 2707 2708
f 2430 2708 2426
f 2709 2710 2716
f 2709 2706 2710
f 2426 2708 2711
f 2426 2711 2422
f 2422 2711 2712
f 2422 2712 2418
f 2375 2713 2702
f 2375 2379 2713
f 2704 2505 2705
f 2704 2714 2505
f 2418 2712 2715
f 2418 2715 2415
f 2716 2717 2719
f 2716 2710 2717
f 2415 2715 2718
f 2415 2718 2411
f 2719 2720 2723
f 2719 2717 2720
f 2411 2718 2721
f 2411 2721 2409
f 2379 2722 2713
f 2379 2381 2722
f 2723 2724 2726
f 2723 2720 2724
f 2409 2721 2725
f 2409 2725 2407
f 2726 2727 2729
f 2726 2724 2727
f 2714 2502 2505
f 2714 2728 2502
f 2729 2730 2738
f 2729 2727 2730
f 2407 2725 2731
f 2407 2731 2404
f 2404 2731 2732
f 2404 2732 2400
f 2381 2733 2722
f 2381 2384 2733
f 2400 2732 2734
f 2400 2734 2397
f 2397 2734 2735
f 2397 2735 2395
f 2728 2495 2502
f 2728 2736 2495
f 2384 2737 2733
f 2384 2528 2737
f 2738 2495 2736
f 2738 2730 2495
f 2395 2735 2739
f 2395 2739 2392
f 205 204 15
f 181 194 190
f 57 64 108
f 194 45 48
f 210 209 8
f 131 555 12
f 609 608 1105
f 1105 1102 609
f 762 740 964
f 964 1142 762
f 655 905 904
f 904 1111 655
f 2740 2531 2536
f 2740 2741 2531
f 2742 2889 2743
f 2742 2743 2544
f 2744 2576 2571
f 2744 2571 2745
f 2613 2746 2615
f 2613 2747 2746
f 2613 2607 2748
f 2613 2748 2747
f 2749 2551 2549
f 2749 2750 2551
f 2740 2536 2537
f 2740 2537 2751
f 2749 2549 2547
f 2749 2547 2752
f 2735 2753 2739
f 2735 2754 2753
f 2741 2529 2531
f 2741 2755 2529
f 2756 2757 2771
f 2756 2655 2757
f 2758 2719 2723
f 2758 2723 2759
f 2760 2761 2762
f 2760 2596 2761
f 2760 2763 2582
f 2760 2762 2763
f 2756 2651 2655
f 2756 2764 2651
f 2765 2766 2767
f 2765 2675 2766
f 2718 2768 2721
f 2718 2769 2768
f 2615 2770 2617
f 2615 2746 2770
f 2771 2772 2952
f 2771 2757 2772
f 2751 2537 2541
f 2751 2541 2773
f 2733 2774 2722
f 2733 2939 2774
f 2596 2775 2761
f 2596 2602 2775
f 2607 2776 2748
f 2607 2604 2776
f 2718 2715 2777
f 2718 2777 2769
f 2755 2530 2529
f 2755 2778 2530
f 2617 2779 2621
f 2617 2770 2779
f 2963 2682 2673
f 2963 2960 2682
f 2675 2780 2766
f 2675 2677 2780
f 2773 2541 2545
f 2773 2545 2781
f 2778 2552 2530
f 2778 2782 2552
f 2752 2547 2542
f 2752 2542 2783
f 2963 2673 2668
f 2963 2668 2971
f 2781 2545 2546
f 2781 2546 2784
f 2750 2558 2551
f 2750 2785 2558
f 2602 2965 2775
f 2602 2612 2965
f 2784 2546 2554
f 2784 2554 2786
f 2782 2600 2552
f 2782 2787 2600
f 2765 2788 2670
f 2765 2767 2788
f 2960 2692 2682
f 2960 2955 2692
f 2621 2789 2625
f 2621 2779 2789
f 2952 2790 3017
f 2952 2772 2790
f 2783 2542 2534
f 2783 2534 2791
f 2582 2763 2792
f 2582 2792 2578
f 2793 2729 2738
f 2793 2794 2729
f 2604 2795 2776
f 2604 2599 2795
f 2786 2554 2556
f 2786 2556 2796
f 2733 2797 2939
f 2733 2737 2797
f 2796 2556 2557
f 2796 2557 2798
f 2721 2903 2725
f 2721 2768 2903
f 3017 2799 3031
f 3017 2790 2799
f 2612 2800 2965
f 2612 2618 2800
f 2625 2801 2630
f 2625 2789 2801
f 2764 2648 2651
f 2764 2802 2648
f 2735 2734 2803
f 2735 2803 2754
f 2787 2633 2600
f 2787 2804 2633
f 3031 2805 3058
f 3031 2799 2805
f 2798 2557 2564
f 2798 2564 2806
f 2793 2738 2736
f 2793 2736 2807
f 2807 2736 2728
f 2807 2728 2808
f 2791 2534 2533
f 2791 2533 2809
f 2785 2560 2558
f 2785 2810 2560
f 2599 2811 2795
f 2599 2591 2811
f 2955 2812 2692
f 2955 2949 2812
f 2630 2813 2632
f 2630 2801 2813
f 2806 2564 2568
f 2806 2568 2814
f 2802 2646 2648
f 2802 2815 2646
f 2758 2716 2719
f 2758 2816 2716
f 2804 2644 2633
f 2804 2817 2644
f 2971 2668 2661
f 2971 2661 2976
f 2715 2818 2777
f 2715 2712 2818
f 2810 2571 2560
f 2810 2745 2571
f 2722 2819 2713
f 2722 2774 2819
f 2814 2568 2569
f 2814 2569 2820
f 2657 2563 3029
f 2657 2821 2643
f 2618 2822 2800
f 2618 2619 2822
f 2632 2823 2640
f 2632 2813 2823
f 2820 2569 2572
f 2820 2572 2824
f 2809 2533 2535
f 2824 2572 2574
f 2824 2574 2825
f 2643 2821 2826
f 2643 2826 2627
f 2677 2827 2780
f 2677 2684 2827
f 3058 2828 3112
f 3058 2805 2828
f 2976 2661 2642
f 2976 2642 2980
f 2640 2829 2645
f 2640 2823 2829
f 2825 2574 2579
f 2825 2579 2830
f 2739 2797 2737
f 2739 2753 2797
f 2627 2826 2831
f 2627 2831 2620
f 2619 2832 2822
f 2619 2626 2832
f 2578 2792 2833
f 2578 2833 2562
f 2591 2834 2811
f 2591 2590 2834
f 2620 2831 2835
f 2620 2835 2609
f 2734 2836 2803
f 2734 2732 2836
f 2830 2579 2580
f 2817 2666 2644
f 2817 2837 2666
f 2645 2838 2653
f 2645 2829 2838
f 2609 2835 2839
f 2609 2839 2601
f 2712 2840 2818
f 2712 2711 2840
f 3109 2841 2842
f 2980 2642 2635
f 2980 2635 2986
f 3112 2843 2850
f 3112 2828 2843
f 2653 2844 2654
f 2653 2838 2844
f 2949 2704 2812
f 2949 2943 2704
f 2837 2680 2666
f 2837 2845 2680
f 2601 2839 2846
f 2601 2846 2584
f 2654 2847 2660
f 2654 2844 2847
f 2816 2709 2716
f 2816 2848 2709
f 2584 2846 2849
f 2584 2849 2575
f 2850 2851 2860
f 2850 2843 2851
f 2626 2852 2832
f 2626 2631 2852
f 2842 2841 2585
f 2842 2585 2853
f 2986 2635 2628
f 2986 2628 2987
f 2845 2687 2680
f 2845 3042 2687
f 2853 2585 2588
f 2853 2588 2854
f 2575 2849 2855
f 2575 2855 2566
f 2660 2856 2662
f 2660 2847 2856
f 2943 2714 2704
f 2943 2857 2714
f 2684 2858 2827
f 2684 2694 2858
f 2562 2833 3029
f 2562 3029 2563
f 2662 2859 2667
f 2662 2856 2859
f 2860 2861 2867
f 2860 2851 2861
f 2566 2855 2862
f 2566 2862 2553
f 2987 2628 2624
f 2987 2624 2991
f 2854 2588 2592
f 2854 2592 3120
f 2794 2726 2729
f 2794 2863 2726
f 2711 2864 2840
f 2711 2708 2864
f 2553 2862 2865
f 2553 2865 2543
f 2667 2866 2672
f 2667 2859 2866
f 3042 2535 2687
f 2867 2868 2878
f 2867 2861 2868
f 2631 2869 2852
f 2631 2641 2869
f 2590 2870 2834
f 2590 2581 2870
f 2543 2865 2871
f 2543 2871 2539
f 3120 2592 2594
f 3120 2594 3123
f 2672 2872 2676
f 2672 2866 2872
f 2539 2871 2873
f 2539 2873 2540
f 2713 2904 2702
f 2713 2819 2904
f 3123 2594 2597
f 3123 2597 3127
f 2732 2874 2836
f 2732 2731 2874
f 2676 2944 2681
f 2676 2872 2944
f 3127 2875 2886
f 3127 2597 2875
f 2540 2873 2876
f 2540 2876 2527
f 2815 2638 2646
f 2815 2877 2638
f 2878 2879 2890
f 2878 2868 2879
f 2991 2624 2606
f 2991 2606 2996
f 2681 2880 2685
f 2681 2944 2880
f 2527 2876 2881
f 2527 2881 2532
f 2641 2882 2869
f 2641 2650 2882
f 2694 2883 2858
f 2694 2884 2883
f 2996 2606 2603
f 2996 2603 2885
f 2886 2887 3128
f 2886 2875 2887
f 2685 2888 2688
f 2685 2880 2888
f 2532 2881 2889
f 2532 2889 2742
f 3128 2887 2610
f 2890 2891 3084
f 2890 2879 2891
f 2544 2743 2892
f 2544 2892 2548
f 2863 2723 2726
f 2863 2759 2723
f 2688 2893 2689
f 2688 2888 2893
f 2894 2895 2909
f 2650 2896 2882
f 2650 2659 2896
f 3084 2897 2905
f 3084 2891 2897
f 2885 2603 2587
f 2885 2587 2898
f 2689 2899 2691
f 2689 2893 2899
f 2581 2900 2870
f 2581 2577 2900
f 2857 2728 2714
f 2857 2808 2728
f 2691 2901 2695
f 2691 2899 2901
f 2548 2892 2902
f 2548 2902 2550
f 2731 2903 2874
f 2731 2725 2903
f 2884 2904 2883
f 2884 2702 2904
f 2905 2906 2914
f 2905 2897 2906
f 2708 2907 2864
f 2708 2707 2907
f 2670 2921 2665
f 2670 2788 2921
f 2695 2908 2698
f 2695 2901 2908
f 2909 2910 2912
f 2909 2895 2910
f 2550 2902 2911
f 2550 2911 2555
f 2912 2913 2923
f 2912 2910 2913
f 2914 2915 2917
f 2914 2906 2915
f 2698 2916 2699
f 2698 2908 2916
f 2917 2918 2931
f 2917 2915 2918
f 2555 2911 2919
f 2555 2919 2559
f 2898 2587 2583
f 2898 2583 2920
f 2577 2937 2900
f 2577 2573 2937
f 2659 2921 2896
f 2659 2665 2921
f 2559 2919 2922
f 2559 2922 2565
f 2923 2924 2927
f 2923 2913 2924
f 2699 2925 2700
f 2699 2916 2925
f 2877 2636 2638
f 2877 2926 2636
f 2927 2928 2933
f 2927 2924 2928
f 2565 2922 2929
f 2565 2929 2567
f 2920 2583 2576
f 2920 2576 2744
f 2700 2930 2701
f 2700 2925 2930
f 2931 2932 2936
f 2931 2918 2932
f 2933 2934 2938
f 2933 2928 2934
f 2567 2929 2935
f 2567 2935 2570
f 2936 2709 2848
f 2936 2932 2709
f 2701 2907 2707
f 2701 2930 2907
f 2570 2935 2937
f 2570 2937 2573
f 2938 2636 2926
f 2938 2934 2636
f 2939 2940 2941
f 2939 2941 2774
f 2942 2943 2948
f 2942 2857 2943
f 2944 2945 2946
f 2944 2872 2945
f 2939 2947 2940
f 2939 2797 2947
f 2948 2949 2954
f 2948 2943 2949
f 2944 2946 2950
f 2944 2950 2880
f 2951 2952 3016
f 2951 2771 2952
f 2951 2756 2771
f 2951 2953 2756
f 2954 2955 2959
f 2954 2949 2955
f 2849 2956 2855
f 2849 2957 2956
f 2872 3174 2945
f 2872 2866 3174
f 2849 2846 2958
f 2849 2958 2957
f 2959 2960 2962
f 2959 2955 2960
f 2942 2808 2857
f 2942 2961 2808
f 2855 3146 2862
f 2855 2956 3146
f 2962 2963 2970
f 2962 2960 2963
f 2866 2964 3174
f 2866 2859 2964
f 2965 2966 2967
f 2965 2800 2966
f 2953 2764 2756
f 2953 2968 2764
f 2961 2807 2808
f 2961 2969 2807
f 2970 2971 2975
f 2970 2963 2971
f 2965 2972 2775
f 2965 2967 2972
f 2846 2973 2958
f 2846 2839 2973
f 2859 2974 2964
f 2859 2856 2974
f 2880 3160 2888
f 2880 2950 3160
f 2975 2976 2979
f 2975 2971 2976
f 2892 2977 2902
f 2892 2978 2977
f 2979 2980 3136
f 2979 2976 2980
f 2874 2981 2836
f 2874 3194 2981
f 2969 2793 2807
f 2969 2982 2793
f 2839 2983 2973
f 2839 2835 2983
f 2774 2941 2984
f 2774 2984 2819
f 2856 2985 2974
f 2856 2847 2985
f 3136 2986 3193
f 3136 2980 2986
f 3193 2987 3201
f 3193 2986 2987
f 2800 2988 2966
f 2800 2822 2988
f 2888 2989 2893
f 2888 3160 2989
f 2902 2990 2911
f 2902 2977 2990
f 3201 2991 3223
f 3201 2987 2991
f 2874 2992 3194
f 2874 2903 2992
f 2847 3164 2985
f 2847 2844 3164
f 2835 2993 2983
f 2835 2831 2993
f 2862 2994 2865
f 2862 3146 2994
f 2982 2794 2793
f 2982 2995 2794
f 3223 2996 3251
f 3223 2991 2996
f 2775 2997 2761
f 2775 2972 2997
f 2844 2998 3164
f 2844 2838 2998
f 3251 2996 2885
f 3251 2885 3263
f 2797 3143 2947
f 2797 2753 3143
f 3263 2885 2898
f 3263 2898 3278
f 2968 2802 2764
f 2968 2999 2802
f 2831 3000 2993
f 2831 2826 3000
f 2893 3001 2899
f 2893 2989 3001
f 3278 2898 2920
f 3278 2920 3297
f 2995 2863 2794
f 2995 3002 2863
f 2838 3003 2998
f 2838 2829 3003
f 2819 2984 3004
f 2819 3004 2904
f 3297 2920 2744
f 3297 2744 3313
f 2829 3207 3003
f 2829 2823 3207
f 3002 2759 2863
f 3002 3005 2759
f 2761 3006 2762
f 2761 2997 3006
f 3313 2744 2745
f 3313 2745 3007
f 2826 3008 3000
f 2826 2821 3008
f 2899 3009 2901
f 2899 3001 3009
f 3007 2745 2810
f 3007 2810 3010
f 2823 3215 3207
f 2823 2813 3215
f 2865 3011 2871
f 2865 2994 3011
f 2999 2815 2802
f 2999 3012 2815
f 2892 2743 3177
f 2892 3177 2978
f 3010 2810 2785
f 3010 2785 3013
f 3013 2785 2750
f 3013 2750 3014
f 3005 2758 2759
f 3005 3015 2758
f 3016 3017 3030
f 3016 2952 3017
f 2904 3004 3018
f 2904 3018 2883
f 2821 3019 3008
f 2821 3020 3019
f 2813 3021 3215
f 2813 2801 3021
f 3012 2877 2815
f 3012 3022 2877
f 2901 3023 2908
f 2901 3009 3023
f 3014 2750 2749
f 3014 2749 3024
f 3024 2749 2752
f 3024 2752 3025
f 2822 3026 2988
f 2822 2832 3026
f 3025 2752 2783
f 3025 2783 3027
f 2801 3229 3021
f 2801 2789 3229
f 3015 2816 2758
f 3015 3028 2816
f 3020 3212 3019
f 3020 3029 3212
f 3030 3031 3057
f 3030 3017 3031
f 3027 2783 2791
f 3027 2791 3032
f 2908 3033 2916
f 2908 3023 3033
f 2911 3190 2919
f 2911 2990 3190
f 2762 3034 2763
f 2762 3006 3034
f 2789 3035 3229
f 2789 2779 3035
f 3028 2848 2816
f 3028 3036 2848
f 2883 3197 2858
f 2883 3018 3197
f 2871 3037 2873
f 2871 3011 3037
f 3032 2791 2809
f 3032 2809 3038
f 2916 3167 2925
f 2916 3033 3167
f 3022 2926 2877
f 3022 3039 2926
f 2779 3181 3035
f 2779 2770 3181
f 3038 2809 3040
f 3038 3040 3041
f 3041 3040 3042
f 3041 3042 3043
f 2858 3044 2827
f 2858 3197 3044
f 3036 2936 2848
f 3036 3045 2936
f 2770 3046 3181
f 2770 2746 3046
f 3043 3042 2845
f 3043 2845 3047
f 2925 3167 3048
f 3049 2886 3128
f 3049 3050 2886
f 3047 2845 2837
f 3047 2837 3051
f 3052 2926 3039
f 3052 2938 2926
f 3051 2837 2817
f 3051 2817 3053
f 2763 3054 2792
f 2763 3034 3054
f 2746 3055 3046
f 2746 2747 3055
f 3053 2817 2804
f 3053 2804 3056
f 2836 3097 2803
f 2836 2981 3097
f 3057 3058 3111
f 3057 3031 3058
f 3056 2804 2787
f 3056 2787 3059
f 3052 2933 2938
f 3052 3060 2933
f 3045 2931 2936
f 3045 3333 2931
f 3059 2787 2782
f 3059 2782 3061
f 2930 3062 2907
f 2903 2768 3208
f 2903 3208 2992
f 2827 3063 2780
f 2827 3044 3063
f 2919 3064 2922
f 2919 3190 3064
f 2832 3065 3026
f 2832 2852 3065
f 2747 3246 3055
f 2747 2748 3246
f 3061 2782 2778
f 3061 2778 3066
f 3333 2917 2931
f 3333 3321 2917
f 3066 2778 2755
f 3066 2755 3067
f 2873 3068 2876
f 2873 3037 3068
f 3067 2755 2741
f 3067 2741 3069
f 2792 3070 2833
f 2792 3054 3070
f 2748 3172 3246
f 2748 2776 3172
f 3060 2927 2933
f 3060 3071 2927
f 3321 2914 2917
f 3321 3303 2914
f 2753 3072 3143
f 2753 2754 3072
f 3069 2741 2740
f 3069 2740 3073
f 3073 2740 2751
f 3073 2751 3074
f 2907 3187 2864
f 2907 3062 3187
f 2780 3075 2766
f 2780 3063 3075
f 3074 2751 2773
f 3074 2773 3076
f 2776 3077 3172
f 2776 2795 3077
f 3076 2773 2781
f 3076 2781 3078
f 3303 2905 2914
f 2766 3079 2767
f 2766 3075 3079
f 3078 2781 2784
f 3078 2784 3080
f 2864 3081 2840
f 2864 3187 3081
f 2876 3082 2881
f 2876 3068 3082
f 2795 3083 3077
f 2795 2811 3083
f 3275 3259 3084
f 3080 2784 2786
f 3080 2786 3085
f 3085 2786 2796
f 3085 2796 3086
f 3071 2923 2927
f 3071 3087 2923
f 2767 3088 2788
f 2767 3079 3088
f 3086 2796 2798
f 3086 2798 3089
f 2833 3212 3029
f 2833 3070 3212
f 2811 3139 3083
f 2811 2834 3139
f 2743 3090 3177
f 2743 2889 3090
f 3259 2890 3084
f 3259 3243 2890
f 2840 3091 2818
f 2840 3081 3091
f 3089 2798 2806
f 3089 2806 3092
f 3092 2806 2814
f 3092 2814 3093
f 3243 2878 2890
f 3243 3221 2878
f 2852 3094 3065
f 2852 2869 3094
f 2788 3095 2921
f 2788 3088 3095
f 3093 2814 2820
f 3093 2820 3096
f 2754 3097 3072
f 2754 2803 3097
f 2922 3098 2929
f 2922 3064 3098
f 2881 3090 2889
f 2881 3082 3090
f 3087 2912 2923
f 3087 3099 2912
f 2834 3100 3139
f 2834 2870 3100
f 3096 2820 2824
f 3096 2824 3101
f 2818 3141 2777
f 2818 3091 3141
f 3101 2824 2825
f 3101 2825 3102
f 3099 2909 2912
f 3099 3103 2909
f 3221 2867 2878
f 3221 3104 2867
f 3102 2825 2830
f 3102 2830 3105
f 2870 3106 3100
f 2870 2900 3106
f 2921 3095 3107
f 2921 3107 2896
f 3104 2860 2867
f 3104 3108 2860
f 3105 2830 3109
f 3105 3109 3110
f 3111 3112 3125
f 3111 3058 3112
f 3110 3109 2842
f 3110 2842 3113
f 3103 2894 2909
f 3103 3114 2894
f 3108 2850 2860
f 3108 3115 2850
f 2777 3116 2769
f 2777 3141 3116
f 2900 3117 3106
f 2900 2937 3117
f 2896 3124 2882
f 2896 3107 3124
f 3113 2842 2853
f 3113 2853 3118
f 3118 2853 2854
f 3118 2854 3119
f 3119 3120 3122
f 3119 2854 3120
f 2929 3121 2935
f 2929 3098 3121
f 2937 3121 3117
f 2937 2935 3121
f 3122 3123 3126
f 3122 3120 3123
f 2869 3124 3094
f 2869 2882 3124
f 3125 2850 3115
f 3125 3112 2850
f 3126 3127 3129
f 3126 3123 3127
f 3114 3128 2894
f 3114 3049 3128
f 2769 3208 2768
f 2769 3116 3208
f 3129 2886 3050
f 3129 3127 2886
f 3378 3057 3111
f 3378 3360 3057
f 3470 3067 3069
f 3470 3069 3130
f 3131 3085 3086
f 3131 3132 3085
f 3121 3098 3133
f 3121 3133 3134
f 3135 3136 3192
f 3135 2979 3136
f 3137 3126 3129
f 3137 3138 3126
f 3139 3301 3140
f 3139 3100 3301
f 3141 3142 3209
f 3141 3209 3116
f 3143 3144 3145
f 3143 3072 3144
f 3146 3147 3148
f 3146 2956 3147
f 3146 3148 3149
f 3146 3149 2994
f 3124 3107 3150
f 3124 3150 3151
f 2956 3152 3147
f 2956 2957 3152
f 3423 3115 3108
f 3423 3409 3115
f 3124 3151 3153
f 3124 3153 3094
f 3121 3134 3154
f 3121 3154 3117
f 3155 3074 3076
f 3155 3156 3074
f 3155 3076 3078
f 3155 3078 3157
f 3138 3122 3126
f 3138 3158 3122
f 3159 2979 3135
f 3159 2975 2979
f 3160 3161 3162
f 3160 2950 3161
f 3159 2970 2975
f 3159 3163 2970
f 3164 3165 3166
f 3164 3166 2985
f 3167 3168 3169
f 3167 3033 3168
f 3470 3066 3067
f 3158 3119 3122
f 3158 3170 3119
f 2984 2941 3490
f 3137 3129 3050
f 3137 3050 3171
f 3172 3173 3247
f 3172 3077 3173
f 3174 3315 3175
f 3174 2964 3315
f 3423 3108 3104
f 3423 3104 3464
f 3163 2962 2970
f 3163 3176 2962
f 3177 3178 3179
f 3177 3179 2978
f 3131 3086 3089
f 3131 3089 3180
f 3181 3343 3182
f 3181 3046 3343
f 2994 3149 3183
f 2994 3183 3011
f 3184 3051 3053
f 3184 3053 3185
f 3160 3162 3186
f 3160 3186 2989
f 3187 3347 3188
f 3187 3062 3347
f 2957 3189 3152
f 2957 2958 3189
f 3190 3345 3292
f 3190 2990 3345
f 3176 2959 2962
f 3176 3191 2959
f 3192 3193 3200
f 3192 3136 3193
f 3194 3195 3196
f 3194 3196 2981
f 3197 3198 3199
f 3197 3199 3044
f 3200 3201 3222
f 3200 3193 3201
f 3098 3202 3133
f 3098 3064 3202
f 3107 3203 3150
f 3107 3095 3203
f 3164 3204 3165
f 3164 2998 3204
f 3177 3325 3178
f 3177 3090 3325
f 2984 3205 3004
f 3184 3047 3051
f 3184 3206 3047
f 3409 3125 3115
f 3409 3394 3125
f 3207 3350 3308
f 3207 3308 3003
f 3208 3209 3210
f 3208 3116 3209
f 3191 2954 2959
f 3191 3211 2954
f 3139 3253 3083
f 3139 3140 3253
f 3212 3213 3364
f 3212 3070 3213
f 3212 3214 3019
f 3212 3364 3214
f 3215 3216 3350
f 3215 3350 3207
f 3167 3169 3217
f 3167 3217 3048
f 3141 3091 3218
f 3141 3218 3142
f 3011 3183 3219
f 3011 3219 3037
f 3170 3118 3119
f 3170 3220 3118
f 3464 3221 3471
f 3464 3104 3221
f 3181 3256 3035
f 3181 3182 3256
f 3222 3223 3250
f 3222 3201 3223
f 3171 3050 3049
f 3171 3049 3224
f 3206 3043 3047
f 3206 3225 3043
f 2941 3226 3490
f 2941 2940 3226
f 3070 3227 3213
f 3070 3054 3227
f 3211 2948 2954
f 3211 3228 2948
f 3229 3230 3314
f 3229 3314 3021
f 3174 3231 2945
f 3174 3175 3231
f 3094 3153 3232
f 3094 3232 3065
f 3220 3113 3118
f 3220 3233 3113
f 3033 3234 3168
f 3033 3023 3234
f 3037 3219 3235
f 3037 3235 3068
f 3046 3236 3343
f 3046 3055 3236
f 3224 3049 3114
f 3224 3114 3237
f 3394 3111 3125
f 3394 3378 3111
f 2958 3238 3189
f 2958 2973 3238
f 3187 3188 3239
f 3187 3239 3081
f 3091 3239 3218
f 3091 3081 3239
f 3143 3288 2947
f 3143 3145 3288
f 3132 3080 3085
f 3132 3240 3080
f 3237 3114 3103
f 3237 3103 3241
f 3228 2942 2948
f 3228 3242 2942
f 3471 3243 3499
f 3471 3221 3243
f 3095 3244 3203
f 3095 3088 3244
f 3054 3245 3227
f 3054 3034 3245
f 3044 3199 3327
f 3044 3327 3063
f 3246 3247 3248
f 3246 3172 3247
f 3194 3249 3195
f 3194 2992 3249
f 3250 3251 3262
f 3250 3223 3251
f 3233 3110 3113
f 3233 3252 3110
f 3077 3253 3173
f 3077 3083 3253
f 3072 3270 3144
f 3072 3097 3270
f 3117 3154 3254
f 3117 3254 3106
f 3241 3103 3099
f 3241 3099 3255
f 3229 3256 3230
f 3229 3035 3256
f 3185 3053 3056
f 3185 3056 3257
f 2985 3166 3258
f 2985 3258 2974
f 3499 3259 3274
f 3499 3243 3259
f 3242 2961 2942
f 3242 3260 2961
f 2950 3445 3161
f 2973 3261 3238
f 2973 2983 3261
f 3262 3263 3277
f 3262 3251 3263
f 3004 3205 3264
f 3004 3264 3018
f 3255 3099 3087
f 3255 3087 3265
f 3034 3266 3245
f 3034 3006 3266
f 3267 3069 3073
f 3267 3130 3069
f 3197 3018 3264
f 3197 3264 3198
f 3246 3236 3055
f 3246 3248 3236
f 3252 3105 3110
f 3252 3268 3105
f 3088 3269 3244
f 3088 3079 3269
f 2981 3196 3270
f 2981 3270 3097
f 3023 3271 3234
f 3023 3009 3271
f 3260 2969 2961
f 3260 3272 2969
f 3272 2982 2969
f 3272 3273 2982
f 3274 3275 3302
f 3274 3259 3275
f 3065 3232 3276
f 3065 3276 3026
f 3277 3278 3362
f 3277 3263 3278
f 2978 3179 3279
f 2978 3279 2977
f 3268 3102 3105
f 3268 3280 3102
f 3360 3030 3057
f 3360 3357 3030
f 3068 3235 3281
f 3068 3281 3082
f 3257 3056 3059
f 3257 3059 3282
f 3006 3283 3266
f 3006 2997 3283
f 3265 3087 3071
f 3265 3071 3284
f 3284 3071 3060
f 3284 3060 3285
f 2983 3286 3261
f 2983 2993 3286
f 3273 2995 2982
f 3273 3287 2995
f 3208 3249 2992
f 3208 3210 3249
f 2940 3288 3226
f 2940 2947 3288
f 3285 3060 3052
f 3285 3052 3289
f 3287 3002 2995
f 3287 3290 3002
f 2989 3186 3307
f 2989 3307 3001
f 3282 3059 3061
f 3282 3061 3291
f 3048 3217 3347
f 3048 3347 3062
f 3064 3292 3202
f 3064 3190 3292
f 3019 3214 3319
f 3019 3319 3008
f 2997 3293 3283
f 2997 2972 3293
f 3079 3294 3269
f 3079 3075 3294
f 3295 3038 3041
f 3295 3296 3038
f 3362 3297 3393
f 3362 3278 3297
f 3280 3101 3102
f 3280 3298 3101
f 3290 3005 3002
f 3290 3299 3005
f 2993 3300 3286
f 2993 3000 3300
f 3106 3254 3301
f 3106 3301 3100
f 3302 3303 3320
f 3302 3275 3303
f 3298 3096 3101
f 3298 3304 3096
f 3357 3016 3030
f 3357 3305 3016
f 3289 3052 3039
f 3289 3039 3306
f 3009 3307 3271
f 3009 3001 3307
f 3295 3041 3043
f 3295 3043 3225
f 2998 3308 3204
f 2998 3003 3308
f 3156 3073 3074
f 3156 3267 3073
f 3157 3078 3080
f 3157 3080 3240
f 2972 3309 3293
f 2972 2967 3309
f 3306 3039 3022
f 3306 3022 3310
f 3304 3093 3096
f 3304 3311 3093
f 3296 3032 3038
f 3296 3312 3032
f 3026 3276 3339
f 3026 3339 2988
f 3393 3313 3404
f 3393 3297 3313
f 3215 3314 3216
f 3215 3021 3314
f 2974 3258 3315
f 2974 3315 2964
f 3310 3022 3012
f 3310 3012 3316
f 3404 3313 3007
f 3404 3007 3317
f 3299 3015 3005
f 3299 3318 3015
f 3000 3319 3300
f 3000 3008 3319
f 3320 3321 3332
f 3320 3303 3321
f 3312 3027 3032
f 3312 3322 3027
f 2946 2945 3231
f 2977 3279 3345
f 2977 3345 2990
f 3316 3012 2999
f 3316 2999 3323
f 3322 3025 3027
f 3322 3324 3025
f 3082 3281 3325
f 3082 3325 3090
f 2967 3326 3309
f 2967 2966 3326
f 3075 3327 3294
f 3075 3063 3327
f 3318 3028 3015
f 3318 3328 3028
f 3317 3007 3010
f 3317 3010 3329
f 3305 2951 3016
f 3305 3330 2951
f 3291 3061 3066
f 3323 2999 2968
f 3323 2968 3331
f 3332 3333 3342
f 3332 3321 3333
f 3328 3036 3028
f 3328 3334 3036
f 3324 3024 3025
f 3324 3335 3024
f 3311 3092 3093
f 3311 3336 3092
f 3331 2968 2953
f 3331 2953 3337
f 3335 3014 3024
f 3335 3338 3014
f 3180 3089 3092
f 3180 3092 3336
f 2966 3339 3326
f 2966 2988 3339
f 3329 3010 3013
f 3329 3013 3340
f 3338 3013 3014
f 3338 3340 3013
f 3334 3045 3036
f 3334 3341 3045
f 3342 3045 3341
f 3342 3333 3045
f 3337 2953 2951
f 3337 2951 3330
f 3343 3344 3379
f 3343 3236 3344
f 3345 3346 3500
f 3345 3279 3346
f 3711 3262 3277
f 3711 3709 3262
f 3347 3348 3349
f 3347 3217 3348
f 3350 3351 3352
f 3350 3216 3351
f 3353 3237 3241
f 3353 3354 3237
f 3308 3350 3352
f 3308 3352 3355
f 3709 3250 3262
f 3709 3698 3250
f 3347 3356 3188
f 3347 3349 3356
f 3574 3357 3602
f 3574 3305 3357
f 3216 3358 3351
f 3216 3314 3358
f 3698 3222 3250
f 3698 3695 3222
f 3354 3224 3237
f 3354 3359 3224
f 3602 3360 3606
f 3602 3357 3360
f 3314 3230 3361
f 3314 3361 3358
f 3711 3362 3725
f 3711 3277 3362
f 3308 3355 3363
f 3308 3363 3204
f 3364 3365 3366
f 3364 3213 3365
f 3353 3241 3255
f 3353 3255 3367
f 3364 3516 3214
f 3364 3366 3516
f 3695 3200 3222
f 3695 3683 3200
f 3217 3368 3348
f 3217 3169 3368
f 3683 3192 3200
f 3683 3676 3192
f 3359 3171 3224
f 3359 3369 3171
f 3188 3370 3239
f 3188 3356 3370
f 3230 3371 3361
f 3230 3256 3371
f 3676 3135 3192
f 3676 3672 3135
f 3213 3372 3365
f 3213 3227 3372
f 3204 3373 3165
f 3204 3363 3373
f 3369 3137 3171
f 3369 3374 3137
f 3227 3375 3372
f 3227 3245 3375
f 3256 3182 3513
f 3256 3513 3371
f 3672 3159 3135
f 3672 3655 3159
f 3367 3255 3265
f 3367 3265 3535
f 3245 3376 3375
f 3245 3266 3376
f 3239 3370 3377
f 3239 3377 3218
f 3655 3163 3159
f 3655 3647 3163
f 3606 3378 3630
f 3606 3360 3378
f 3182 3379 3513
f 3182 3343 3379
f 3165 3380 3166
f 3165 3373 3380
f 3381 3311 3304
f 3381 3382 3311
f 3383 3335 3324
f 3383 3384 3335
f 3374 3138 3137
f 3374 3385 3138
f 3266 3386 3376
f 3266 3283 3386
f 3574 3330 3305
f 3574 3553 3330
f 3236 3387 3344
f 3236 3248 3387
f 3385 3158 3138
f 3385 3388 3158
f 3647 3176 3163
f 3647 3621 3176
f 3283 3389 3386
f 3283 3293 3389
f 3390 3312 3296
f 3390 3391 3312
f 3218 3392 3142
f 3218 3377 3392
f 3621 3191 3176
f 3621 3614 3191
f 3725 3393 3735
f 3725 3362 3393
f 3630 3394 3649
f 3630 3378 3394
f 3293 3395 3389
f 3293 3309 3395
f 3248 3396 3387
f 3248 3247 3396
f 3614 3211 3191
f 3614 3608 3211
f 3309 3397 3395
f 3309 3326 3397
f 3247 3398 3396
f 3247 3173 3398
f 3388 3170 3158
f 3388 3399 3170
f 3608 3228 3211
f 3608 3590 3228
f 3166 3400 3258
f 3166 3380 3400
f 3326 3401 3397
f 3326 3339 3401
f 3169 3402 3368
f 3169 3168 3402
f 3339 3276 3403
f 3339 3403 3401
f 3735 3404 3405
f 3735 3393 3404
f 3142 3406 3209
f 3142 3392 3406
f 3590 3242 3228
f 3590 3568 3242
f 3173 3407 3398
f 3173 3253 3407
f 3276 3408 3403
f 3276 3232 3408
f 3649 3409 3660
f 3649 3394 3409
f 3535 3265 3284
f 3535 3284 3583
f 3399 3220 3170
f 3399 3410 3220
f 3214 3516 3411
f 3214 3411 3319
f 3232 3412 3408
f 3232 3153 3412
f 3558 3242 3568
f 3558 3260 3242
f 3153 3413 3412
f 3153 3151 3413
f 3558 3272 3260
f 3558 3538 3272
f 3405 3404 3317
f 3405 3317 3414
f 3410 3233 3220
f 3410 3415 3233
f 3390 3296 3295
f 3390 3295 3416
f 3253 3140 3417
f 3253 3417 3407
f 3319 3411 3418
f 3319 3418 3300
f 3538 3273 3272
f 3538 3523 3273
f 3151 3419 3413
f 3151 3150 3419
f 3258 3420 3315
f 3258 3400 3420
f 3300 3421 3286
f 3300 3418 3421
f 3150 3422 3419
f 3150 3203 3422
f 3583 3284 3285
f 3583 3285 3595
f 3660 3423 3669
f 3660 3409 3423
f 3140 3424 3417
f 3140 3301 3424
f 3209 3406 3425
f 3209 3425 3210
f 3416 3295 3225
f 3416 3225 3426
f 3286 3427 3261
f 3286 3421 3427
f 3523 3287 3273
f 3523 3428 3287
f 3315 3429 3175
f 3315 3420 3429
f 3301 3430 3424
f 3301 3254 3430
f 3595 3285 3289
f 3595 3289 3431
f 3553 3337 3330
f 3553 3526 3337
f 3428 3290 3287
f 3428 3432 3290
f 3261 3433 3238
f 3261 3427 3433
f 3203 3434 3422
f 3203 3244 3434
f 3210 3435 3249
f 3210 3425 3435
f 3426 3225 3206
f 3426 3206 3557
f 3238 3436 3189
f 3238 3433 3436
f 3432 3299 3290
f 3432 3437 3299
f 3557 3206 3184
f 3557 3184 3565
f 3526 3331 3337
f 3526 3438 3331
f 3415 3252 3233
f 3415 3439 3252
f 3244 3440 3434
f 3244 3269 3440
f 3414 3317 3329
f 3414 3329 3441
f 3175 3442 3231
f 3175 3429 3442
f 3254 3443 3430
f 3254 3154 3443
f 3565 3184 3185
f 3565 3185 3579
f 3231 3442 3444
f 3231 3444 3445
f 3269 3446 3440
f 3269 3294 3446
f 3189 3447 3152
f 3189 3436 3447
f 3437 3318 3299
f 3437 3448 3318
f 3168 3449 3402
f 3168 3234 3449
f 3441 3329 3340
f 3441 3340 3450
f 3294 3451 3446
f 3294 3327 3451
f 3152 3452 3147
f 3152 3447 3452
f 3579 3185 3257
f 3579 3257 3453
f 3154 3454 3443
f 3154 3134 3454
f 3439 3268 3252
f 3439 3702 3268
f 3391 3322 3312
f 3391 3455 3322
f 3448 3328 3318
f 3448 3456 3328
f 3453 3257 3282
f 3453 3282 3457
f 3431 3289 3306
f 3431 3306 3458
f 3445 3459 3161
f 3445 3444 3459
f 3147 3460 3148
f 3147 3452 3460
f 3327 3199 3461
f 3327 3461 3451
f 3456 3334 3328
f 3456 3462 3334
f 3249 3463 3195
f 3249 3435 3463
f 3457 3282 3291
f 3457 3291 3604
f 3669 3464 3693
f 3669 3423 3464
f 3134 3465 3454
f 3134 3133 3465
f 3604 3291 3466
f 3604 3466 3623
f 3148 3467 3149
f 3148 3460 3467
f 3199 3468 3461
f 3199 3198 3468
f 3458 3306 3310
f 3458 3310 3469
f 3623 3466 3470
f 3623 3470 3634
f 3693 3471 3704
f 3693 3464 3471
f 3198 3472 3468
f 3198 3264 3472
f 3702 3280 3268
f 3702 3473 3280
f 3149 3474 3183
f 3149 3467 3474
f 3462 3341 3334
f 3462 3475 3341
f 3161 3476 3162
f 3161 3459 3476
f 3634 3470 3130
f 3634 3130 3644
f 3264 3205 3477
f 3264 3477 3472
f 3475 3342 3341
f 3475 3478 3342
f 3183 3479 3219
f 3183 3474 3479
f 3469 3310 3316
f 3469 3316 3532
f 3473 3298 3280
f 3473 3480 3298
f 3450 3340 3338
f 3450 3338 3481
f 3133 3482 3465
f 3133 3202 3482
f 3644 3130 3267
f 3644 3267 3663
f 3234 3506 3449
f 3234 3271 3506
f 3205 3483 3477
f 3205 3484 3483
f 3162 3485 3186
f 3162 3476 3485
f 3663 3267 3156
f 3663 3156 3486
f 3219 3487 3235
f 3219 3479 3487
f 3478 3332 3342
f 3478 3488 3332
f 3202 3489 3482
f 3202 3292 3489
f 3484 3508 3483
f 3484 3490 3508
f 3486 3156 3155
f 3486 3155 3696
f 3235 3491 3281
f 3235 3487 3491
f 3455 3324 3322
f 3455 3383 3324
f 3195 3492 3196
f 3195 3463 3492
f 3696 3155 3157
f 3696 3157 3707
f 3488 3320 3332
f 3488 3493 3320
f 3481 3338 3335
f 3481 3335 3384
f 3281 3494 3325
f 3281 3491 3494
f 3490 3495 3508
f 3490 3226 3495
f 3707 3157 3240
f 3707 3240 3715
f 3715 3240 3132
f 3715 3132 3732
f 3186 3496 3307
f 3186 3485 3496
f 3480 3304 3298
f 3480 3381 3304
f 3325 3497 3178
f 3325 3494 3497
f 3438 3323 3331
f 3438 3570 3323
f 3226 3498 3495
f 3226 3288 3498
f 3493 3302 3320
f 3493 3737 3302
f 3732 3132 3131
f 3732 3131 3745
f 3704 3499 3718
f 3704 3471 3499
f 3292 3500 3489
f 3292 3345 3500
f 3288 3145 3501
f 3288 3501 3498
f 3745 3131 3180
f 3745 3180 3502
f 3196 3507 3270
f 3196 3492 3507
f 3178 3503 3179
f 3178 3497 3503
f 3145 3504 3501
f 3145 3144 3504
f 3502 3180 3336
f 3502 3336 3505
f 3532 3316 3323
f 3532 3323 3570
f 3307 3496 3506
f 3307 3506 3271
f 3179 3346 3279
f 3179 3503 3346
f 3737 3274 3302
f 3737 3721 3274
f 3144 3507 3504
f 3144 3270 3507
f 3505 3336 3311
f 3505 3311 3382
f 3718 3274 3721
f 3718 3499 3274
f 926 1341 1332
f 1332 1229 926
f 985 1273 1360
f 1360 1281 985
f 3508 3509 3510
f 3508 3495 3509
f 3511 3405 3414
f 3511 3512 3405
f 3513 3514 3515
f 3513 3515 3371
f 3522 3432 3428
f 3522 3880 3432
f 3516 3517 3518
f 3516 3518 3411
f 3371 3515 3519
f 3371 3519 3361
f 3516 3366 3689
f 3516 3689 3517
f 3361 3519 3520
f 3361 3520 3358
f 3411 3518 3521
f 3411 3521 3418
f 3522 3523 3883
f 3522 3428 3523
f 3513 3524 3514
f 3513 3379 3524
f 3525 3526 3552
f 3525 3438 3526
f 3534 3353 3367
f 3534 3527 3353
f 3358 3520 3528
f 3358 3528 3351
f 3379 3529 3524
f 3379 3344 3529
f 3351 3528 3530
f 3351 3530 3352
f 3531 3532 3569
f 3531 3469 3532
f 3533 3432 3880
f 3533 3437 3432
f 3534 3535 3582
f 3534 3367 3535
f 3352 3530 3536
f 3352 3536 3355
f 3344 3537 3529
f 3344 3387 3537
f 3883 3538 3888
f 3883 3523 3538
f 3418 3521 3539
f 3418 3539 3421
f 3355 3536 3540
f 3355 3540 3363
f 3363 3540 3541
f 3363 3541 3373
f 3542 3390 3416
f 3542 3543 3390
f 3542 3416 3426
f 3542 3426 3556
f 3373 3541 3544
f 3373 3544 3380
f 3380 3544 3545
f 3380 3545 3400
f 3387 3546 3537
f 3387 3396 3546
f 3527 3354 3353
f 3527 3547 3354
f 3421 3539 3548
f 3421 3548 3427
f 3400 3545 3549
f 3400 3549 3420
f 3396 3550 3546
f 3396 3398 3550
f 3531 3458 3469
f 3531 3551 3458
f 3552 3553 3573
f 3552 3526 3553
f 3533 3448 3437
f 3533 3554 3448
f 3420 3549 3555
f 3420 3555 3429
f 3556 3557 3564
f 3556 3426 3557
f 3888 3558 3567
f 3888 3538 3558
f 3398 3559 3550
f 3398 3407 3559
f 3429 3555 3560
f 3429 3560 3442
f 3442 3560 3561
f 3442 3561 3444
f 3444 3562 3459
f 3444 3561 3562
f 3407 3563 3559
f 3407 3417 3563
f 3564 3565 3578
f 3564 3557 3565
f 3459 3566 3476
f 3459 3562 3566
f 3567 3568 3589
f 3567 3558 3568
f 3569 3570 3571
f 3569 3532 3570
f 3476 3572 3485
f 3476 3566 3572
f 3573 3574 3601
f 3573 3553 3574
f 3417 3575 3563
f 3417 3424 3575
f 3547 3359 3354
f 3547 3576 3359
f 3485 3577 3496
f 3485 3572 3577
f 3578 3579 3580
f 3578 3565 3579
f 3496 3581 3506
f 3496 3577 3581
f 3582 3583 3594
f 3582 3535 3583
f 3424 3584 3575
f 3424 3430 3584
f 3506 3585 3449
f 3506 3581 3585
f 3430 3586 3584
f 3430 3443 3586
f 3449 3756 3402
f 3449 3585 3756
f 3427 3548 3750
f 3427 3750 3433
f 3402 3587 3368
f 3402 3756 3587
f 3443 3588 3586
f 3443 3454 3588
f 3554 3456 3448
f 3554 3875 3456
f 3580 3579 3453
f 3589 3590 3607
f 3589 3568 3590
f 3368 3591 3348
f 3368 3587 3591
f 3576 3369 3359
f 3576 3592 3369
f 3348 3593 3349
f 3348 3591 3593
f 3594 3595 3667
f 3594 3583 3595
f 3454 3596 3588
f 3454 3465 3596
f 3349 3597 3356
f 3349 3593 3597
f 3465 3598 3596
f 3465 3482 3598
f 3356 3599 3370
f 3356 3597 3599
f 3592 3374 3369
f 3592 3600 3374
f 3601 3602 3605
f 3601 3574 3602
f 3370 3603 3377
f 3370 3599 3603
f 3784 3604 3622
f 3605 3606 3629
f 3605 3602 3606
f 3607 3608 3613
f 3607 3590 3608
f 3377 3609 3392
f 3377 3603 3609
f 3392 3610 3406
f 3392 3609 3610
f 3875 3462 3456
f 3875 3872 3462
f 3482 3611 3598
f 3482 3489 3611
f 3406 3612 3425
f 3406 3610 3612
f 3613 3614 3620
f 3613 3608 3614
f 3433 3750 3615
f 3433 3615 3436
f 3489 3616 3611
f 3489 3500 3616
f 3425 3617 3435
f 3425 3612 3617
f 3435 3618 3463
f 3435 3617 3618
f 3463 3619 3492
f 3463 3618 3619
f 3620 3621 3646
f 3620 3614 3621
f 3622 3623 3633
f 3622 3604 3623
f 3600 3385 3374
f 3600 3624 3385
f 3492 3625 3507
f 3492 3619 3625
f 3436 3615 3626
f 3436 3626 3447
f 3507 3625 3627
f 3507 3627 3504
f 3504 3628 3501
f 3504 3627 3628
f 3629 3630 3648
f 3629 3606 3630
f 3501 3631 3498
f 3501 3628 3631
f 3498 3509 3495
f 3498 3631 3509
f 3551 3431 3458
f 3551 3632 3431
f 3633 3634 3643
f 3633 3623 3634
f 3508 3635 3483
f 3508 3510 3635
f 3447 3626 3636
f 3447 3636 3452
f 3346 3616 3500
f 3346 3637 3616
f 3483 3638 3477
f 3483 3635 3638
f 3477 3639 3472
f 3477 3638 3639
f 3472 3640 3468
f 3472 3639 3640
f 3624 3388 3385
f 3624 3641 3388
f 3346 3642 3637
f 3346 3503 3642
f 3643 3644 3662
f 3643 3634 3644
f 3468 3645 3461
f 3468 3640 3645
f 3646 3647 3654
f 3646 3621 3647
f 3648 3649 3659
f 3648 3630 3649
f 3525 3570 3438
f 3525 3571 3570
f 3461 3650 3451
f 3461 3645 3650
f 3641 3399 3388
f 3641 3651 3399
f 3451 3652 3446
f 3451 3650 3652
f 3446 3653 3440
f 3446 3652 3653
f 3654 3655 3671
f 3654 3647 3655
f 3440 3656 3434
f 3440 3653 3656
f 3434 3657 3422
f 3434 3656 3657
f 3422 3658 3419
f 3422 3657 3658
f 3419 3751 3413
f 3419 3658 3751
f 3659 3660 3668
f 3659 3649 3660
f 3413 3661 3412
f 3413 3751 3661
f 3662 3663 3664
f 3662 3644 3663
f 3503 3665 3642
f 3503 3497 3665
f 3412 3666 3408
f 3412 3661 3666
f 3667 3431 3632
f 3667 3595 3431
f 3668 3669 3692
f 3668 3660 3669
f 3408 3670 3403
f 3408 3666 3670
f 3671 3672 3675
f 3671 3655 3672
f 3403 3673 3401
f 3403 3670 3673
f 3401 3673 3674
f 3401 3674 3397
f 3675 3676 3682
f 3675 3672 3676
f 3397 3674 3677
f 3397 3677 3395
f 3872 3475 3462
f 3872 3678 3475
f 3664 3663 3486
f 3395 3677 3679
f 3395 3679 3389
f 3389 3679 3680
f 3389 3680 3386
f 3452 3636 3681
f 3452 3681 3460
f 3682 3683 3694
f 3682 3676 3683
f 3651 3410 3399
f 3651 3684 3410
f 3386 3680 3685
f 3386 3685 3376
f 3376 3685 3686
f 3376 3686 3375
f 3684 3415 3410
f 3684 3814 3415
f 3375 3686 3687
f 3375 3687 3372
f 3372 3687 3688
f 3372 3688 3365
f 3365 3688 3689
f 3365 3689 3366
f 3497 3690 3665
f 3497 3494 3690
f 3678 3478 3475
f 3678 3691 3478
f 3692 3693 3703
f 3692 3669 3693
f 3694 3695 3697
f 3694 3683 3695
f 3795 3696 3706
f 3814 3439 3415
f 3697 3698 3708
f 3697 3695 3698
f 3494 3699 3690
f 3494 3491 3699
f 3700 3701 3702
f 3703 3704 3717
f 3703 3693 3704
f 3691 3488 3478
f 3691 3705 3488
f 3706 3707 3714
f 3706 3696 3707
f 3708 3709 3710
f 3708 3698 3709
f 3710 3711 3724
f 3710 3709 3711
f 3701 3473 3702
f 3701 3712 3473
f 3491 3713 3699
f 3491 3487 3713
f 3714 3715 3731
f 3714 3707 3715
f 3543 3391 3390
f 3543 3716 3391
f 3717 3718 3720
f 3717 3704 3718
f 3716 3455 3391
f 3716 3719 3455
f 3720 3721 3736
f 3720 3718 3721
f 3719 3383 3455
f 3719 3722 3383
f 3712 3480 3473
f 3712 3723 3480
f 3724 3725 3734
f 3724 3711 3725
f 3487 3726 3713
f 3705 3493 3488
f 3705 3727 3493
f 3722 3384 3383
f 3722 3728 3384
f 3723 3381 3480
f 3723 3729 3381
f 3479 3474 3895
f 3460 3681 3742
f 3460 3742 3467
f 3729 3382 3381
f 3729 3730 3382
f 3731 3732 3744
f 3731 3715 3732
f 3728 3481 3384
f 3728 3733 3481
f 3734 3735 3740
f 3734 3725 3735
f 3736 3737 3738
f 3736 3721 3737
f 3733 3450 3481
f 3733 3739 3450
f 3740 3405 3512
f 3740 3735 3405
f 3730 3505 3382
f 3730 3741 3505
f 3474 3742 3895
f 3474 3467 3742
f 3739 3441 3450
f 3739 3743 3441
f 3744 3745 3746
f 3744 3732 3745
f 3727 3737 3493
f 3727 3738 3737
f 3741 3502 3505
f 3741 3747 3502
f 3743 3414 3441
f 3743 3511 3414
f 3747 3745 3502
f 3747 3746 3745
f 3748 3556 3564
f 3748 3564 3749
f 3750 4027 3901
f 3750 3901 3615
f 3751 3752 3753
f 3751 3658 3752
f 3751 3753 3754
f 3751 3754 3661
f 3755 3739 3733
f 3755 4063 3739
f 3756 3757 3758
f 3756 3585 3757
f 3755 3733 3728
f 3755 3728 4065
f 4065 3728 3722
f 4065 3722 3759
f 3661 3760 3666
f 3661 3754 3760
f 3658 3761 3752
f 3658 3657 3761
f 3666 3762 3670
f 3666 3760 3762
f 3657 3763 3761
f 3657 3656 3763
f 3756 3758 3821
f 3756 3821 3587
f 3748 3542 3556
f 3748 3764 3542
f 3656 3765 3763
f 3656 3653 3765
f 3670 3766 3673
f 3670 3762 3766
f 3673 3766 3767
f 3673 3767 3674
f 3653 3768 3765
f 3653 3652 3768
f 3674 3767 3769
f 3674 3769 3677
f 3764 3543 3542
f 3764 3950 3543
f 3677 3769 3770
f 3677 3770 3679
f 3771 3564 3578
f 3771 3749 3564
f 3679 3770 3772
f 3679 3772 3680
f 3759 3722 3719
f 3759 3719 4066
f 3680 3772 3773
f 3680 3773 3685
f 4066 3719 3716
f 4066 3716 3774
f 3652 3775 3768
f 3652 3650 3775
f 3685 3773 3776
f 3685 3776 3686
f 3774 3716 3543
f 3774 3543 3950
f 3650 3903 3775
f 3650 3645 3903
f 3686 3776 3777
f 3686 3777 3687
f 3687 3777 3778
f 3687 3778 3688
f 3645 3779 3903
f 3645 3640 3779
f 4063 3743 3739
f 4063 4062 3743
f 3771 3578 3580
f 3771 3580 3952
f 3688 3778 3780
f 3688 3780 3689
f 3640 3781 3779
f 3640 3639 3781
f 3689 3782 3517
f 3689 3780 3782
f 3952 3580 4949
f 3952 4949 3783
f 3783 4949 3784
f 3783 3784 3956
f 3639 3785 3781
f 3639 3638 3785
f 4062 3511 3743
f 4062 3786 3511
f 3638 3787 3785
f 3638 3635 3787
f 3956 3784 3622
f 3956 3622 3788
f 3788 3622 3633
f 3788 3633 3789
f 3635 3790 3787
f 3635 3510 3790
f 3786 3512 3511
f 3786 3791 3512
f 3789 3633 3643
f 3789 3643 3792
f 3792 3643 3662
f 3792 3662 3961
f 3961 3662 3664
f 3961 3664 3962
f 3510 3793 3790
f 3510 3509 3793
f 3509 3794 3793
f 3509 3631 3794
f 3962 3664 3795
f 3962 3795 3796
f 3631 3797 3794
f 3631 3628 3797
f 3796 3795 3706
f 3796 3706 3965
f 3628 3798 3797
f 3628 3627 3798
f 3965 3706 3714
f 3965 3714 3799
f 3799 3714 3731
f 3799 3731 3800
f 3627 3801 3798
f 3627 3625 3801
f 3800 3731 3744
f 3800 3744 3802
f 3625 3803 3801
f 3625 3619 3803
f 3802 3744 3746
f 3802 3746 3804
f 3791 3740 3512
f 3791 4061 3740
f 3804 3746 3747
f 3804 3747 3971
f 3619 3805 3803
f 3619 3618 3805
f 3971 3747 3741
f 3971 3741 3972
f 3618 3806 3805
f 3618 3617 3806
f 3972 3741 3730
f 3972 3730 3807
f 3807 3730 3729
f 3807 3729 3808
f 3808 3729 3723
f 3808 3723 3977
f 4061 3734 3740
f 4061 3809 3734
f 3617 3810 3806
f 3617 3612 3810
f 3977 3723 3712
f 3977 3712 3978
f 3612 3811 3810
f 3612 3610 3811
f 3610 3812 3811
f 3610 3609 3812
f 3978 3712 3701
f 3978 3701 3813
f 3813 3701 3700
f 3813 3700 3981
f 3981 3700 3814
f 3981 3814 3982
f 3809 3724 3734
f 3809 4060 3724
f 3609 3815 3812
f 3609 3603 3815
f 3603 3816 3815
f 3603 3599 3816
f 3982 3814 3684
f 3982 3684 3983
f 3599 3817 3816
f 3599 3597 3817
f 3597 3818 3817
f 3597 3593 3818
f 3983 3684 3651
f 3983 3651 3819
f 3819 3651 3641
f 3819 3641 3984
f 3593 3820 3818
f 3593 3591 3820
f 3984 3641 3624
f 3984 3624 3985
f 3985 3624 3600
f 3985 3600 3987
f 3591 3821 3820
f 3591 3587 3821
f 3987 3600 3592
f 3987 3592 3902
f 4060 3710 3724
f 4060 4059 3710
f 3902 3592 3576
f 3902 3576 3822
f 3822 3576 3547
f 3822 3547 3823
f 3823 3547 3527
f 3823 3527 3991
f 3991 3527 3534
f 3991 3534 3992
f 3992 3534 3582
f 3992 3582 3993
f 3993 3582 3594
f 3993 3594 3824
f 3585 3825 3757
f 3585 3581 3825
f 4059 3708 3710
f 4059 4057 3708
f 3581 3826 3825
f 3581 3577 3826
f 3824 3594 3667
f 3824 3667 3827
f 3827 3667 3632
f 3827 3632 3828
f 3577 3829 3826
f 3577 3572 3829
f 4057 3697 3708
f 4057 3830 3697
f 3828 3632 3551
f 3828 3551 3996
f 3572 3831 3829
f 3572 3566 3831
f 3566 3832 3831
f 3566 3562 3832
f 3996 3551 3531
f 3996 3531 3833
f 3562 3834 3832
f 3562 3561 3834
f 3561 3835 3834
f 3561 3560 3835
f 3560 3836 3835
f 3560 3555 3836
f 3555 3837 3836
f 3555 3549 3837
f 3833 3531 3569
f 3833 3569 4001
f 3549 3838 3837
f 3549 3545 3838
f 3830 3694 3697
f 3830 4056 3694
f 3545 3839 3838
f 3545 3544 3839
f 4001 3569 3571
f 4001 3571 4002
f 4002 3571 3525
f 4002 3525 4004
f 3544 3840 3839
f 3544 3541 3840
f 4004 3525 3552
f 4004 3552 3841
f 4056 3682 3694
f 4056 4054 3682
f 3541 3842 3840
f 3541 3540 3842
f 3841 3552 3573
f 3841 3573 4006
f 4006 3573 3601
f 4006 3601 3843
f 3540 3844 3842
f 3540 3536 3844
f 3536 3845 3844
f 3536 3530 3845
f 3843 3601 3605
f 3843 3605 4009
f 3530 3846 3845
f 3530 3528 3846
f 3528 3847 3846
f 3528 3520 3847
f 3520 3848 3847
f 3520 3519 3848
f 4009 3605 3629
f 4009 3629 4011
f 4054 3675 3682
f 4054 3849 3675
f 4011 3629 3648
f 4011 3648 4012
f 3519 3850 3848
f 3519 3515 3850
f 4012 3648 3659
f 4012 3659 3851
f 3849 3671 3675
f 3849 3852 3671
f 3515 3853 3850
f 3515 3514 3853
f 3851 3659 3668
f 3851 3668 4015
f 3514 3854 3853
f 3514 3524 3854
f 4015 3668 3692
f 4015 3692 4016
f 3852 3654 3671
f 3852 3855 3654
f 3524 3856 3854
f 3524 3529 3856
f 3529 3857 3856
f 3529 3537 3857
f 4016 3692 3703
f 4016 3703 3858
f 3858 3703 3717
f 3858 3717 4019
f 3537 3859 3857
f 3537 3546 3859
f 4019 3717 3720
f 4019 3720 4021
f 3546 3860 3859
f 3546 3550 3860
f 4022 3720 3736
f 4022 4021 3720
f 3550 3861 3860
f 3550 3559 3861
f 3559 3862 3861
f 3559 3563 3862
f 4022 3736 3738
f 4022 3738 3863
f 3563 3864 3862
f 3563 3575 3864
f 3575 3865 3864
f 3575 3584 3865
f 3855 3646 3654
f 3855 4051 3646
f 3584 3866 3865
f 3584 3586 3866
f 3863 3738 3727
f 3863 3727 3867
f 3586 3868 3866
f 3586 3588 3868
f 3867 3727 3705
f 3867 3705 3869
f 3869 3705 3691
f 3869 3691 3870
f 4051 3620 3646
f 4051 4048 3620
f 3870 3691 3678
f 3870 3678 3871
f 3871 3872 4033
f 3871 3678 3872
f 3588 3873 3868
f 3588 3596 3873
f 4048 3613 3620
f 4048 4047 3613
f 3596 3874 3873
f 3596 3598 3874
f 4033 3875 4035
f 4033 3872 3875
f 3598 3876 3874
f 3598 3611 3876
f 3611 3932 3876
f 4035 3875 3554
f 4035 3554 3877
f 3877 3554 3533
f 3877 3533 3879
f 3616 3637 3878
f 3879 3880 4039
f 3879 3533 3880
f 4039 3880 3522
f 4039 3522 3882
f 3637 3881 3878
f 3637 3642 3881
f 3882 3883 4041
f 3882 3522 3883
f 3642 3884 3881
f 3642 3665 3884
f 3517 3782 3885
f 3517 3885 3518
f 4047 3607 3613
f 4047 4046 3607
f 3665 3886 3884
f 3665 3690 3886
f 3690 3887 3886
f 3690 3699 3887
f 4041 3888 4044
f 4041 3883 3888
f 4046 3589 3607
f 4046 3889 3589
f 3518 3885 3890
f 3518 3890 3521
f 3699 3891 3887
f 3699 3713 3891
f 3713 3892 3891
f 3713 3726 3892
f 3521 3890 3893
f 3521 3893 3539
f 3726 3894 3892
f 3726 3895 3894
f 3895 3896 3894
f 3895 3742 3896
f 3742 3681 3897
f 3742 3897 3896
f 3539 3893 4028
f 3889 3567 3589
f 3889 3898 3567
f 3681 3899 3897
f 3681 3636 3899
f 4044 3888 3567
f 4044 3567 3898
f 3636 3900 3899
f 3636 3626 3900
f 3548 4027 3750
f 3626 3901 3900
f 3626 3615 3901
f 68 78 12
f 208 207 157
f 4095 4099 3902
f 4095 3902 3822
f 3903 3904 3905
f 3903 3779 3904
f 3866 3906 3865
f 3866 3907 3906
f 3865 3908 3864
f 3865 3906 3908
f 3779 3909 3904
f 3779 3781 3909
f 3903 3910 3775
f 3903 3905 3910
f 3866 3911 3907
f 3866 3868 3911
f 3781 3785 3912
f 3781 3912 3909
f 3864 3913 3862
f 3864 3908 3913
f 3868 3873 3914
f 3868 3914 3911
f 3873 3874 3915
f 3873 3915 3914
f 3775 3916 3768
f 3775 3910 3916
f 3785 3787 3917
f 3785 3917 3912
f 3862 3913 3918
f 3862 3918 3861
f 3874 3876 3919
f 3874 3919 3915
f 3768 3920 3765
f 3768 3916 3920
f 3861 3921 3860
f 3861 3918 3921
f 3787 3790 3922
f 3787 3922 3917
f 3765 3923 3763
f 3765 3920 3923
f 3790 3793 3924
f 3790 3924 3922
f 3860 3925 3859
f 3860 3921 3925
f 3763 3926 3761
f 3763 3923 3926
f 3876 3932 3927
f 3876 3927 3919
f 3793 3928 3924
f 3793 3794 3928
f 3859 3929 3857
f 3859 3925 3929
f 3761 3930 3752
f 3761 3926 3930
f 3794 3931 3928
f 3794 3797 3931
f 3932 3878 3933
f 3932 3933 3927
f 3857 3929 4072
f 3857 4072 3856
f 3797 3798 3934
f 3797 3934 3931
f 3856 4072 3935
f 3856 3935 3854
f 3752 3936 3753
f 3752 3930 3936
f 3753 3937 3754
f 3753 3936 3937
f 3798 3801 3938
f 3798 3938 3934
f 3854 3935 3939
f 3854 3939 3853
f 3754 3940 3760
f 3754 3937 3940
f 3853 3941 3850
f 3853 3939 3941
f 3878 3881 3942
f 3878 3942 3933
f 3801 3943 3938
f 3801 3803 3943
f 3760 3944 3762
f 3760 3940 3944
f 3881 3884 3945
f 3881 3945 3942
f 3850 3946 3848
f 3850 3941 3946
f 3884 3886 3947
f 3884 3947 3945
f 3803 3805 3948
f 3803 3948 3943
f 4189 3764 3748
f 4189 3748 4186
f 4189 3949 3950
f 4189 3950 3764
f 3762 3951 3766
f 3762 3944 3951
f 4186 3748 3749
f 4186 3749 4183
f 4183 3749 3771
f 4183 3771 4180
f 4180 3952 4177
f 4180 3771 3952
f 3766 3953 3767
f 3766 3951 3953
f 4177 3952 3783
f 4177 3783 4172
f 3886 3887 3954
f 3886 3954 3947
f 3848 3955 3847
f 3848 3946 3955
f 4172 3956 4171
f 4172 3783 3956
f 3767 3957 3769
f 3767 3953 3957
f 3847 3955 3958
f 3847 3958 3846
f 4171 3956 3788
f 4171 3788 4167
f 3805 3959 3948
f 3805 3806 3959
f 4167 3788 3789
f 4167 3789 4164
f 4164 3789 3792
f 4164 3792 4159
f 3769 3960 3770
f 3769 3957 3960
f 4159 3961 4158
f 4159 3792 3961
f 4158 3962 4157
f 4158 3961 3962
f 4157 3962 3796
f 4157 3796 4153
f 3770 3963 3772
f 3770 3960 3963
f 3806 3964 3959
f 3806 3810 3964
f 4153 3965 4148
f 4153 3796 3965
f 4148 3965 3799
f 4148 3799 4145
f 3887 3891 3966
f 3887 3966 3954
f 3772 3967 3773
f 3772 3963 3967
f 4145 3799 3800
f 4145 3800 4142
f 3773 3967 3968
f 3773 3968 3776
f 4142 3800 3802
f 4142 3802 4138
f 4138 3802 3804
f 4138 3804 4135
f 3891 3892 3969
f 3891 3969 3966
f 3776 3970 3777
f 3776 3968 3970
f 4135 3971 4132
f 4135 3804 3971
f 4132 3972 4131
f 4132 3971 3972
f 3777 3970 3973
f 3777 3973 3778
f 3846 3958 3974
f 3846 3974 3845
f 3778 3975 3780
f 3778 3973 3975
f 3780 3975 3976
f 3780 3976 3782
f 4131 3972 3807
f 4131 3807 4126
f 4126 3807 3808
f 4126 3808 4123
f 4123 3977 4121
f 4123 3808 3977
f 4121 3978 4120
f 4121 3977 3978
f 4120 3978 3813
f 4120 3813 4117
f 3845 3974 3979
f 3845 3979 3844
f 3810 3811 3980
f 3810 3980 3964
f 4117 3981 4113
f 4117 3813 3981
f 3892 3894 4197
f 3892 4197 3969
f 4113 3982 4111
f 4113 3981 3982
f 4111 3983 4110
f 4111 3982 3983
f 4110 3983 3819
f 4110 3819 4107
f 4107 3984 4105
f 4107 3819 3984
f 4105 3985 4104
f 4105 3984 3985
f 3811 3812 3986
f 3811 3986 3980
f 4104 3987 4102
f 4104 3985 3987
f 3894 3896 3988
f 3894 3988 4197
f 3844 3989 3842
f 3844 3979 3989
f 4102 3987 3902
f 4102 3902 4099
f 3812 3990 3986
f 3812 3815 3990
f 4095 3822 3823
f 4095 3823 4093
f 4093 3991 4092
f 4093 3823 3991
f 4092 3992 4090
f 4092 3991 3992
f 4090 3993 4089
f 4090 3992 3993
f 4089 3993 3824
f 4089 3824 4086
f 3842 3989 3994
f 3842 3994 3840
f 4086 3824 3827
f 4086 3827 4082
f 3815 3995 3990
f 3815 3816 3995
f 4082 3827 3828
f 4082 3828 4079
f 4079 3996 3997
f 4079 3828 3996
f 3896 3897 3998
f 3896 3998 3988
f 3840 3999 3839
f 3840 3994 3999
f 3997 3996 3833
f 3997 3833 4000
f 4000 4001 4084
f 4000 3833 4001
f 4084 4002 4097
f 4084 4001 4002
f 3897 3899 4003
f 3897 4003 3998
f 4097 4004 4103
f 4097 4002 4004
f 4103 4004 3841
f 4103 3841 4005
f 4005 4006 4115
f 4005 3841 4006
f 3816 3817 4007
f 3816 4007 3995
f 4115 4006 3843
f 4115 3843 4008
f 4008 4009 4178
f 4008 3843 4009
f 3899 3900 4010
f 3899 4010 4003
f 4178 4011 4184
f 4178 4009 4011
f 4184 4012 4196
f 4184 4011 4012
f 4196 4012 3851
f 4196 3851 4014
f 3900 3901 4013
f 3900 4013 4010
f 4014 4015 4210
f 4014 3851 4015
f 4210 4016 4215
f 4210 4015 4016
f 3839 4017 3838
f 3839 3999 4017
f 4215 4016 3858
f 4215 3858 4018
f 4018 4019 4223
f 4018 3858 4019
f 3817 3818 4020
f 3817 4020 4007
f 4223 4021 4226
f 4223 4019 4021
f 4226 4022 4229
f 4226 4021 4022
f 3901 4027 4023
f 3901 4023 4013
f 4229 4022 3863
f 4229 3863 4024
f 4024 3863 3867
f 4024 3867 4025
f 4025 3867 3869
f 4025 3869 4026
f 4027 4028 4029
f 4027 4029 4023
f 4026 3869 3870
f 4026 3870 4030
f 3818 3820 4031
f 3818 4031 4020
f 4030 3870 3871
f 4030 3871 4032
f 4032 4033 4246
f 4032 3871 4033
f 3820 3821 4034
f 3820 4034 4031
f 4246 4035 4251
f 4246 4033 4035
f 4251 4035 3877
f 4251 3877 4036
f 3838 4037 3837
f 3838 4017 4037
f 4036 3877 3879
f 4036 3879 4038
f 4038 4039 4264
f 4038 3879 4039
f 4264 4039 3882
f 4264 3882 4040
f 4040 4041 4273
f 4040 3882 4041
f 4028 3893 4042
f 4028 4042 4029
f 3837 4037 4043
f 3837 4043 3836
f 4273 4044 4275
f 4273 4041 4044
f 4275 4044 3898
f 4275 3898 4045
f 4045 3898 3889
f 4045 3889 4278
f 4278 4046 4276
f 4278 3889 4046
f 4276 4047 4272
f 4276 4046 4047
f 4272 4048 4269
f 4272 4047 4048
f 3836 4049 3835
f 3836 4043 4049
f 3893 3890 4050
f 3893 4050 4042
f 4269 4051 4263
f 4269 4048 4051
f 4263 4051 3855
f 4263 3855 4260
f 4260 3855 3852
f 4260 3852 4257
f 4257 3852 3849
f 4257 3849 4256
f 3821 3758 4052
f 3821 4052 4034
f 3890 3885 4053
f 3890 4053 4050
f 4256 4054 4254
f 4256 3849 4054
f 3835 4049 4055
f 3835 4055 3834
f 4254 4056 4247
f 4254 4054 4056
f 4247 4056 3830
f 4247 3830 4245
f 4245 4057 4241
f 4245 3830 4057
f 3758 3757 4058
f 3758 4058 4052
f 3885 3782 3976
f 3885 3976 4053
f 4241 4059 4239
f 4241 4057 4059
f 4239 4060 4237
f 4239 4059 4060
f 4237 4060 3809
f 4237 3809 4234
f 4234 4061 4225
f 4234 3809 4061
f 4225 4061 3791
f 4225 3791 4221
f 4221 3791 3786
f 4221 3786 4220
f 4220 4062 4219
f 4220 3786 4062
f 4219 4063 4216
f 4219 4062 4063
f 4216 4063 3755
f 4216 3755 4208
f 3757 3825 4064
f 3757 4064 4058
f 4208 4065 4207
f 4208 3755 4065
f 4207 4065 3759
f 4207 3759 4206
f 4206 4066 4067
f 4206 3759 4066
f 3834 4068 3832
f 3834 4055 4068
f 4067 4066 3774
f 4067 3774 4191
f 4191 3950 3949
f 4191 3774 3950
f 3825 3826 4069
f 3825 4069 4064
f 3832 4070 3831
f 3832 4068 4070
f 3826 3829 4071
f 3826 4071 4069
f 3831 4071 3829
f 3831 4070 4071
f 4072 4073 4074
f 4072 4074 3935
f 3917 4075 3912
f 3917 4076 4075
f 4078 3997 4000
f 4078 4000 4083
f 4042 4077 4029
f 4042 4165 4077
f 4078 4302 4079
f 4078 4079 3997
f 4072 3929 4080
f 4072 4080 4073
f 3935 4074 4081
f 3935 4081 3939
f 4302 4085 4082
f 4302 4082 4079
f 4083 4084 4470
f 4083 4000 4084
f 4085 4088 4086
f 4085 4086 4082
f 3939 4087 3941
f 3939 4081 4087
f 4088 4465 4089
f 4088 4089 4086
f 4465 4461 4090
f 4465 4090 4089
f 3929 3925 4091
f 3929 4091 4080
f 4461 4454 4092
f 4461 4092 4090
f 4454 4094 4093
f 4454 4093 4092
f 4094 4098 4095
f 4094 4095 4093
f 3941 4096 3946
f 3941 4087 4096
f 4470 4097 4468
f 4470 4084 4097
f 4098 4101 4099
f 4098 4099 4095
f 3946 4100 3955
f 3946 4096 4100
f 4101 4437 4102
f 4101 4102 4099
f 4468 4103 4464
f 4468 4097 4103
f 4437 4432 4104
f 4437 4104 4102
f 4432 4427 4105
f 4432 4105 4104
f 3925 3921 4106
f 3925 4106 4091
f 4427 4109 4107
f 4427 4107 4105
f 4464 4103 4005
f 4464 4005 4458
f 3955 4100 4108
f 3955 4108 3958
f 4109 4417 4110
f 4109 4110 4107
f 4417 4414 4111
f 4417 4111 4110
f 3958 4108 4112
f 3958 4112 3974
f 4414 4408 4113
f 4414 4113 4111
f 3921 3918 4114
f 3921 4114 4106
f 4458 4115 4457
f 4458 4005 4115
f 3974 4112 4116
f 3974 4116 3979
f 4408 4119 4117
f 4408 4117 4113
f 3979 4118 3989
f 3979 4116 4118
f 4119 4401 4120
f 4119 4120 4117
f 4457 4115 4008
f 4457 4008 4449
f 4401 4397 4121
f 4401 4121 4120
f 3918 3913 4122
f 3918 4122 4114
f 4397 4125 4123
f 4397 4123 4121
f 3989 4118 4124
f 3989 4124 3994
f 4125 4130 4126
f 4125 4126 4123
f 3975 3973 4127
f 3975 4127 4128
f 3975 4129 3976
f 3975 4128 4129
f 4130 4389 4131
f 4130 4131 4126
f 4389 4386 4132
f 4389 4132 4131
f 3994 4133 3999
f 3994 4124 4133
f 3976 4129 4134
f 3976 4134 4053
f 4386 4137 4135
f 4386 4135 4132
f 3973 3970 4136
f 3973 4136 4127
f 4137 4141 4138
f 4137 4138 4135
f 3913 3908 4139
f 3913 4139 4122
f 3999 4140 4017
f 3999 4133 4140
f 4141 4144 4142
f 4141 4142 4138
f 3970 3968 4143
f 3970 4143 4136
f 4144 4147 4145
f 4144 4145 4142
f 4017 4146 4037
f 4017 4140 4146
f 4147 4369 4148
f 4147 4148 4145
f 3968 3967 4149
f 3968 4149 4143
f 3908 3906 4150
f 3908 4150 4139
f 4053 4134 4151
f 4053 4151 4050
f 4037 4146 4152
f 4037 4152 4043
f 4369 4156 4153
f 4369 4153 4148
f 3967 3963 4154
f 3967 4154 4149
f 4043 4155 4049
f 4043 4152 4155
f 4156 4360 4157
f 4156 4157 4153
f 4360 4357 4158
f 4360 4158 4157
f 4357 4163 4159
f 4357 4159 4158
f 3906 3907 4160
f 3906 4160 4150
f 4049 4155 4161
f 4049 4161 4055
f 3963 3960 4162
f 3963 4162 4154
f 4163 4166 4164
f 4163 4164 4159
f 4050 4151 4165
f 4050 4165 4042
f 4166 4170 4167
f 4166 4167 4164
f 4055 4168 4068
f 4055 4161 4168
f 3960 3957 4169
f 3960 4169 4162
f 4170 4342 4171
f 4170 4171 4167
f 4342 4176 4172
f 4342 4172 4171
f 3907 3911 4173
f 3907 4173 4160
f 4068 4174 4070
f 4068 4168 4174
f 3957 3953 4175
f 3957 4175 4169
f 4176 4336 4177
f 4176 4177 4172
f 4449 4178 4445
f 4449 4008 4178
f 4070 4179 4071
f 4070 4174 4179
f 4336 4182 4180
f 4336 4180 4177
f 3953 3951 4181
f 3953 4181 4175
f 4182 4185 4183
f 4182 4183 4180
f 4445 4184 4442
f 4445 4178 4184
f 4185 4188 4186
f 4185 4186 4183
f 3911 3914 4187
f 3911 4187 4173
f 4188 4307 4189
f 4188 4189 4186
f 4071 4190 4069
f 4071 4179 4190
f 4192 4305 4191
f 4192 4191 3949
f 4192 4189 4307
f 4192 3949 4189
f 4069 4193 4064
f 4069 4190 4193
f 3914 3915 4194
f 3914 4194 4187
f 3951 3944 4195
f 3951 4195 4181
f 4442 4196 4439
f 4442 4184 4196
f 4197 4198 4199
f 4197 4199 3969
f 4064 4200 4058
f 4064 4193 4200
f 4029 4077 4201
f 4029 4201 4023
f 4058 4200 4202
f 4058 4202 4052
f 4310 4067 4191
f 4310 4191 4305
f 3944 3940 4203
f 3944 4203 4195
f 4439 4196 4014
f 4439 4014 4433
f 3915 3919 4204
f 3915 4204 4194
f 4052 4205 4034
f 4052 4202 4205
f 4310 4311 4206
f 4310 4206 4067
f 4311 4313 4207
f 4311 4207 4206
f 4313 4315 4208
f 4313 4208 4207
f 4034 4209 4031
f 4034 4205 4209
f 4433 4210 4431
f 4433 4014 4210
f 3919 3927 4211
f 3919 4211 4204
f 3940 3937 4212
f 3940 4212 4203
f 4023 4213 4013
f 4023 4201 4213
f 4031 4214 4020
f 4031 4209 4214
f 4431 4215 4426
f 4431 4210 4215
f 4315 4316 4216
f 4315 4216 4208
f 4020 4214 4217
f 4020 4217 4007
f 3937 3936 4218
f 3937 4218 4212
f 4426 4215 4018
f 4426 4018 4421
f 4316 4318 4219
f 4316 4219 4216
f 4318 4320 4220
f 4318 4220 4219
f 4320 4323 4221
f 4320 4221 4220
f 3927 3933 4222
f 3927 4222 4211
f 4421 4223 4419
f 4421 4018 4223
f 4007 4217 4224
f 4007 4224 3995
f 4323 4324 4225
f 4323 4225 4221
f 4419 4226 4413
f 4419 4223 4226
f 3995 4224 4227
f 3995 4227 3990
f 3936 3930 4228
f 3936 4228 4218
f 4413 4229 4410
f 4413 4226 4229
f 3933 3942 4230
f 3933 4230 4222
f 4013 4213 4231
f 4013 4231 4010
f 3990 4227 4232
f 3990 4232 3986
f 3930 3926 4233
f 3930 4233 4228
f 4324 4326 4234
f 4324 4234 4225
f 4410 4229 4024
f 4410 4024 4405
f 3926 3923 4235
f 3926 4235 4233
f 3986 4232 4236
f 3986 4236 3980
f 4405 4024 4025
f 4405 4025 4403
f 4326 4327 4237
f 4326 4237 4234
f 4403 4025 4026
f 4403 4026 4399
f 4010 4231 4238
f 4010 4238 4003
f 4327 4329 4239
f 4327 4239 4237
f 3942 3945 4240
f 3942 4240 4230
f 4399 4026 4030
f 4399 4030 4396
f 4329 4332 4241
f 4329 4241 4239
f 3980 4242 3964
f 3980 4236 4242
f 3923 3920 4243
f 3923 4243 4235
f 4396 4030 4032
f 4396 4032 4393
f 3964 4244 3959
f 3964 4242 4244
f 4332 4337 4245
f 4332 4245 4241
f 4393 4246 4391
f 4393 4032 4246
f 4337 4338 4247
f 4337 4247 4245
f 3945 3947 4248
f 3945 4248 4240
f 3959 4244 4249
f 3959 4249 3948
f 3920 3916 4250
f 3920 4250 4243
f 4391 4251 4387
f 4391 4246 4251
f 3948 4249 4252
f 3948 4252 3943
f 4003 4238 4253
f 4003 4253 3998
f 4338 4339 4254
f 4338 4254 4247
f 3916 3910 4255
f 3916 4255 4250
f 4339 4344 4256
f 4339 4256 4254
f 4344 4345 4257
f 4344 4257 4256
f 3947 3954 4258
f 3947 4258 4248
f 4387 4251 4036
f 4387 4036 4259
f 3943 4282 3938
f 3943 4252 4282
f 4345 4348 4260
f 4345 4260 4257
f 4259 4036 4038
f 4259 4038 4381
f 3938 4282 4261
f 3938 4261 3934
f 3910 3905 4262
f 3910 4262 4255
f 4348 4351 4263
f 4348 4263 4260
f 4381 4264 4379
f 4381 4038 4264
f 3998 4265 3988
f 3998 4253 4265
f 3954 3966 4266
f 3954 4266 4258
f 3934 4267 3931
f 3934 4261 4267
f 3905 3904 4268
f 3905 4268 4262
f 4351 4355 4269
f 4351 4269 4263
f 3931 4270 3928
f 3931 4267 4270
f 3904 3909 4271
f 3904 4271 4268
f 4355 4358 4272
f 4355 4272 4269
f 4379 4264 4040
f 4379 4040 4377
f 4377 4273 4372
f 4377 4040 4273
f 3988 4198 4197
f 3988 4265 4198
f 3966 3969 4199
f 3966 4199 4266
f 3928 4270 4274
f 3928 4274 3924
f 3909 3912 4075
f 3909 4075 4271
f 4372 4275 4370
f 4372 4273 4275
f 4358 4362 4276
f 4358 4276 4272
f 3924 4274 4277
f 3924 4277 3922
f 3922 4076 3917
f 3922 4277 4076
f 4370 4275 4045
f 4370 4045 4364
f 4362 4363 4278
f 4362 4278 4276
f 4363 4364 4045
f 4363 4045 4278
f 4203 4279 4195
f 4203 4462 4279
f 4527 4078 4083
f 4527 4083 4522
f 4231 4213 4280
f 4231 4280 4281
f 4282 4283 4284
f 4282 4284 4261
f 4231 4281 4285
f 4231 4285 4238
f 4213 4201 4286
f 4213 4286 4280
f 4201 4077 4287
f 4201 4287 4286
f 4252 4283 4282
f 4252 4288 4283
f 4252 4249 4289
f 4252 4289 4288
f 4077 4165 4290
f 4077 4290 4287
f 4261 4291 4267
f 4261 4284 4291
f 4165 4151 4292
f 4165 4292 4290
f 4151 4134 4293
f 4151 4293 4292
f 4238 4285 4294
f 4238 4294 4253
f 4134 4129 4295
f 4134 4295 4293
f 4267 4296 4270
f 4267 4291 4296
f 4129 4128 4297
f 4129 4297 4295
f 4270 4296 4298
f 4270 4298 4274
f 4253 4299 4265
f 4253 4294 4299
f 4274 4298 4300
f 4274 4300 4277
f 4277 4301 4076
f 4277 4300 4301
f 4527 4536 4302
f 4527 4302 4078
f 4249 4244 4303
f 4249 4303 4289
f 4076 4304 4075
f 4076 4301 4304
f 4306 4525 4305
f 4306 4305 4192
f 4306 4307 4528
f 4306 4192 4307
f 4075 4308 4271
f 4075 4304 4308
f 4265 4309 4198
f 4265 4299 4309
f 4525 4531 4310
f 4525 4310 4305
f 4531 4532 4311
f 4531 4311 4310
f 4128 4127 4312
f 4128 4312 4297
f 4532 4539 4313
f 4532 4313 4311
f 4198 4309 4314
f 4198 4314 4199
f 4539 4544 4315
f 4539 4315 4313
f 4544 4545 4316
f 4544 4316 4315
f 4271 4317 4268
f 4271 4308 4317
f 4545 4549 4318
f 4545 4318 4316
f 4244 4242 4319
f 4244 4319 4303
f 4549 4554 4320
f 4549 4320 4318
f 4199 4321 4266
f 4199 4314 4321
f 4127 4136 4322
f 4127 4322 4312
f 4554 4557 4323
f 4554 4323 4320
f 4557 4559 4324
f 4557 4324 4323
f 4528 4307 4188
f 4528 4188 4325
f 4559 4563 4326
f 4559 4326 4324
f 4563 4565 4327
f 4563 4327 4326
f 4268 4317 4328
f 4268 4328 4262
f 4565 4571 4329
f 4565 4329 4327
f 4266 4321 4330
f 4266 4330 4258
f 4325 4188 4185
f 4325 4185 4331
f 4571 4574 4332
f 4571 4332 4329
f 4331 4185 4182
f 4331 4182 4335
f 4242 4236 4333
f 4242 4333 4319
f 4136 4143 4334
f 4136 4334 4322
f 4335 4336 4637
f 4335 4182 4336
f 4574 4578 4337
f 4574 4337 4332
f 4578 4580 4338
f 4578 4338 4337
f 4637 4336 4176
f 4637 4176 4341
f 4580 4588 4339
f 4580 4339 4338
f 4262 4328 4340
f 4262 4340 4255
f 4341 4342 4643
f 4341 4176 4342
f 4258 4330 4343
f 4258 4343 4248
f 4588 4592 4344
f 4588 4344 4339
f 4592 4593 4345
f 4592 4345 4344
f 4643 4342 4170
f 4643 4170 4346
f 4236 4232 4347
f 4236 4347 4333
f 4593 4598 4348
f 4593 4348 4345
f 4248 4343 4349
f 4248 4349 4240
f 4346 4170 4166
f 4346 4166 4350
f 4598 4601 4351
f 4598 4351 4348
f 4255 4340 4352
f 4255 4352 4250
f 4143 4149 4353
f 4143 4353 4334
f 4350 4166 4163
f 4350 4163 4356
f 4232 4227 4354
f 4232 4354 4347
f 4601 4607 4355
f 4601 4355 4351
f 4356 4357 4650
f 4356 4163 4357
f 4607 4609 4358
f 4607 4358 4355
f 4240 4349 4359
f 4240 4359 4230
f 4650 4360 4658
f 4650 4357 4360
f 4227 4224 4361
f 4227 4361 4354
f 4609 4613 4362
f 4609 4362 4358
f 4613 4617 4363
f 4613 4363 4362
f 4658 4360 4156
f 4658 4156 4368
f 4617 4620 4364
f 4617 4364 4363
f 4250 4365 4243
f 4250 4352 4365
f 4149 4154 4366
f 4149 4366 4353
f 4224 4217 4367
f 4224 4367 4361
f 4368 4369 4662
f 4368 4156 4369
f 4620 4478 4370
f 4620 4370 4364
f 4230 4371 4222
f 4230 4359 4371
f 4478 4376 4372
f 4478 4372 4370
f 4662 4369 4147
f 4662 4147 4373
f 4217 4214 4374
f 4217 4374 4367
f 4373 4147 4144
f 4373 4144 4375
f 4376 4635 4377
f 4376 4377 4372
f 4154 4162 4378
f 4154 4378 4366
f 4635 4641 4379
f 4635 4379 4377
f 4375 4144 4141
f 4375 4141 4380
f 4380 4141 4137
f 4380 4137 4385
f 4641 4644 4381
f 4641 4381 4379
f 4243 4382 4235
f 4243 4365 4382
f 4214 4209 4383
f 4214 4383 4374
f 4653 4259 4381
f 4653 4381 4644
f 4222 4384 4211
f 4222 4371 4384
f 4385 4386 4388
f 4385 4137 4386
f 4653 4663 4387
f 4653 4387 4259
f 4388 4389 4477
f 4388 4386 4389
f 4162 4169 4390
f 4162 4390 4378
f 4663 4669 4391
f 4663 4391 4387
f 4209 4205 4392
f 4209 4392 4383
f 4477 4389 4130
f 4477 4130 4665
f 4669 4673 4393
f 4669 4393 4391
f 4235 4382 4394
f 4235 4394 4233
f 4665 4130 4125
f 4665 4125 4655
f 4211 4384 4395
f 4211 4395 4204
f 4673 4398 4396
f 4673 4396 4393
f 4655 4397 4638
f 4655 4125 4397
f 4398 4402 4399
f 4398 4399 4396
f 4205 4202 4400
f 4205 4400 4392
f 4638 4401 4634
f 4638 4397 4401
f 4402 4404 4403
f 4402 4403 4399
f 4634 4401 4119
f 4634 4119 4630
f 4404 4409 4405
f 4404 4405 4403
f 4202 4200 4406
f 4202 4406 4400
f 4169 4175 4407
f 4169 4407 4390
f 4630 4408 4622
f 4630 4119 4408
f 4409 4590 4410
f 4409 4410 4405
f 4204 4395 4411
f 4204 4411 4194
f 4233 4412 4228
f 4233 4394 4412
f 4590 4567 4413
f 4590 4413 4410
f 4622 4414 4619
f 4622 4408 4414
f 4200 4193 4415
f 4200 4415 4406
f 4193 4190 4416
f 4193 4416 4415
f 4619 4417 4612
f 4619 4414 4417
f 4190 4179 4418
f 4190 4418 4416
f 4567 4555 4419
f 4567 4419 4413
f 4179 4174 4420
f 4179 4420 4418
f 4555 4425 4421
f 4555 4421 4419
f 4194 4422 4187
f 4194 4411 4422
f 4612 4417 4109
f 4612 4109 4602
f 4174 4168 4423
f 4174 4423 4420
f 4168 4161 4424
f 4168 4424 4423
f 4425 4524 4426
f 4425 4426 4421
f 4602 4427 4597
f 4602 4109 4427
f 4161 4155 4428
f 4161 4428 4424
f 4155 4152 4429
f 4155 4429 4428
f 4175 4181 4430
f 4175 4430 4407
f 4524 4496 4431
f 4524 4431 4426
f 4597 4432 4587
f 4597 4427 4432
f 4496 4438 4433
f 4496 4433 4431
f 4228 4434 4218
f 4228 4412 4434
f 4152 4146 4435
f 4152 4435 4429
f 4146 4140 4436
f 4146 4436 4435
f 4587 4437 4584
f 4587 4432 4437
f 4438 4485 4439
f 4438 4439 4433
f 4187 4440 4173
f 4187 4422 4440
f 4140 4133 4441
f 4140 4441 4436
f 4584 4437 4101
f 4584 4101 4576
f 4485 4483 4442
f 4485 4442 4439
f 4133 4124 4443
f 4133 4443 4441
f 4576 4101 4098
f 4576 4098 4569
f 4124 4118 4444
f 4124 4444 4443
f 4483 4448 4445
f 4483 4445 4442
f 4118 4116 4446
f 4118 4446 4444
f 4116 4112 4447
f 4116 4447 4446
f 4569 4098 4094
f 4569 4094 4561
f 4448 4484 4449
f 4448 4449 4445
f 4173 4440 4450
f 4173 4450 4160
f 4181 4195 4279
f 4181 4279 4430
f 4218 4451 4212
f 4218 4434 4451
f 4112 4108 4452
f 4112 4452 4447
f 4108 4100 4453
f 4108 4453 4452
f 4561 4454 4560
f 4561 4094 4454
f 4100 4096 4455
f 4100 4455 4453
f 4160 4456 4150
f 4160 4450 4456
f 4484 4491 4457
f 4484 4457 4449
f 4491 4494 4458
f 4491 4458 4457
f 4096 4087 4459
f 4096 4459 4455
f 4087 4081 4460
f 4087 4460 4459
f 4560 4461 4553
f 4560 4454 4461
f 4212 4451 4462
f 4212 4462 4203
f 4081 4074 4463
f 4081 4463 4460
f 4494 4498 4464
f 4494 4464 4458
f 4553 4465 4550
f 4553 4461 4465
f 4150 4466 4139
f 4150 4456 4466
f 4074 4073 4467
f 4074 4467 4463
f 4498 4507 4468
f 4498 4468 4464
f 4073 4080 4469
f 4073 4469 4467
f 4507 4514 4470
f 4507 4470 4468
f 4550 4465 4088
f 4550 4088 4547
f 4080 4091 4471
f 4080 4471 4469
f 4547 4088 4085
f 4547 4085 4538
f 4139 4472 4122
f 4139 4466 4472
f 4091 4106 4473
f 4091 4473 4471
f 4514 4522 4083
f 4514 4083 4470
f 4538 4085 4302
f 4538 4302 4536
f 4106 4114 4474
f 4106 4474 4473
f 4122 4472 4474
f 4122 4474 4114
f 4463 4467 4475
f 4463 4475 4476
f 4781 4477 4783
f 4781 4388 4477
f 4815 4478 4814
f 4815 4376 4478
f 4333 4479 4319
f 4333 4480 4479
f 4285 4281 4481
f 4285 4481 4482
f 4840 4483 4875
f 4840 4448 4483
f 4840 4490 4484
f 4840 4484 4448
f 4875 4485 4871
f 4875 4483 4485
f 4285 4482 4486
f 4285 4486 4294
f 4333 4487 4480
f 4333 4347 4487
f 4467 4469 4488
f 4467 4488 4475
f 4347 4354 4489
f 4347 4489 4487
f 4490 4757 4491
f 4490 4491 4484
f 4871 4485 4438
f 4871 4438 4869
f 4319 4492 4303
f 4319 4479 4492
f 4463 4493 4460
f 4463 4476 4493
f 4757 4497 4494
f 4757 4494 4491
f 4294 4495 4299
f 4294 4486 4495
f 4869 4496 4862
f 4869 4438 4496
f 4497 4696 4498
f 4497 4498 4494
f 4297 4312 4499
f 4297 4499 4500
f 4297 4501 4295
f 4297 4500 4501
f 4469 4471 4502
f 4469 4502 4488
f 4312 4322 4503
f 4312 4503 4499
f 4354 4361 4504
f 4354 4504 4489
f 4322 4334 4505
f 4322 4505 4503
f 4460 4506 4459
f 4460 4493 4506
f 4696 4687 4507
f 4696 4507 4498
f 4334 4353 4508
f 4334 4508 4505
f 4303 4492 4509
f 4303 4509 4289
f 4361 4367 4510
f 4361 4510 4504
f 4353 4366 4511
f 4353 4511 4508
f 4471 4473 4512
f 4471 4512 4502
f 4366 4378 4513
f 4366 4513 4511
f 4687 4521 4514
f 4687 4514 4507
f 4378 4390 4515
f 4378 4515 4513
f 4390 4407 4516
f 4390 4516 4515
f 4299 4517 4309
f 4299 4495 4517
f 4407 4430 4518
f 4407 4518 4516
f 4367 4374 4519
f 4367 4519 4510
f 4430 4279 4520
f 4430 4520 4518
f 4521 4526 4522
f 4521 4522 4514
f 4473 4474 4523
f 4473 4523 4512
f 4862 4524 4858
f 4862 4496 4524
f 4736 4753 4525
f 4736 4525 4306
f 4526 4676 4527
f 4526 4527 4522
f 4736 4528 4529
f 4736 4306 4528
f 4459 4530 4455
f 4459 4506 4530
f 4753 4758 4531
f 4753 4531 4525
f 4858 4524 4425
f 4858 4425 4851
f 4758 4760 4532
f 4758 4532 4531
f 4281 4280 4533
f 4281 4533 4481
f 4474 4534 4523
f 4474 4472 4534
f 4279 4462 4535
f 4279 4535 4520
f 4676 4726 4536
f 4676 4536 4527
f 4289 4509 4537
f 4289 4537 4288
f 4726 4772 4538
f 4726 4538 4536
f 4760 4762 4539
f 4760 4539 4532
f 4374 4383 4540
f 4374 4540 4519
f 4462 4451 4541
f 4462 4541 4535
f 4455 4542 4453
f 4455 4530 4542
f 4472 4466 4543
f 4472 4543 4534
f 4762 4764 4544
f 4762 4544 4539
f 4764 4765 4545
f 4764 4545 4544
f 4451 4434 4546
f 4451 4546 4541
f 4772 4868 4547
f 4772 4547 4538
f 4466 4456 4548
f 4466 4548 4543
f 4765 4770 4549
f 4765 4549 4545
f 4868 4864 4550
f 4868 4550 4547
f 4434 4412 4551
f 4434 4551 4546
f 4309 4517 4552
f 4309 4552 4314
f 4864 4859 4553
f 4864 4553 4550
f 4770 4774 4554
f 4770 4554 4549
f 4851 4555 4847
f 4851 4425 4555
f 4412 4394 4556
f 4412 4556 4551
f 4774 4775 4557
f 4774 4557 4554
f 4456 4450 4558
f 4456 4558 4548
f 4775 4776 4559
f 4775 4559 4557
f 4859 4855 4560
f 4859 4560 4553
f 4855 4568 4561
f 4855 4561 4560
f 4453 4542 4562
f 4453 4562 4452
f 4776 4779 4563
f 4776 4563 4559
f 4394 4382 4564
f 4394 4564 4556
f 4779 4782 4565
f 4779 4565 4563
f 4383 4392 4566
f 4383 4566 4540
f 4847 4567 4846
f 4847 4555 4567
f 4568 4575 4569
f 4568 4569 4561
f 4295 4501 4570
f 4295 4570 4293
f 4782 4784 4571
f 4782 4571 4565
f 4450 4440 4572
f 4450 4572 4558
f 4314 4573 4321
f 4314 4552 4573
f 4784 4787 4574
f 4784 4574 4571
f 4575 4583 4576
f 4575 4576 4569
f 4382 4365 4577
f 4382 4577 4564
f 4787 4788 4578
f 4787 4578 4574
f 4440 4422 4579
f 4440 4579 4572
f 4788 4789 4580
f 4788 4580 4578
f 4392 4400 4581
f 4392 4581 4566
f 4452 4562 4582
f 4452 4582 4447
f 4583 4832 4584
f 4583 4584 4576
f 4288 4585 4283
f 4288 4537 4585
f 4365 4352 4586
f 4365 4586 4577
f 4832 4828 4587
f 4832 4587 4584
f 4789 4791 4588
f 4789 4588 4580
f 4422 4411 4589
f 4422 4589 4579
f 4846 4590 4845
f 4846 4567 4590
f 4352 4340 4591
f 4352 4591 4586
f 4791 4792 4592
f 4791 4592 4588
f 4792 4797 4593
f 4792 4593 4592
f 4340 4328 4594
f 4340 4594 4591
f 4293 4570 4595
f 4293 4595 4292
f 4411 4395 4596
f 4411 4596 4589
f 4828 4823 4597
f 4828 4597 4587
f 4797 4799 4598
f 4797 4598 4593
f 4447 4582 4599
f 4447 4599 4446
f 4400 4406 4600
f 4400 4600 4581
f 4799 4800 4601
f 4799 4601 4598
f 4823 4611 4602
f 4823 4602 4597
f 4406 4415 4603
f 4406 4603 4600
f 4292 4595 4604
f 4292 4604 4290
f 4328 4317 4605
f 4328 4605 4594
f 4845 4590 4409
f 4845 4409 4842
f 4446 4606 4444
f 4446 4599 4606
f 4800 4805 4607
f 4800 4607 4601
f 4395 4384 4608
f 4395 4608 4596
f 4805 4808 4609
f 4805 4609 4607
f 4317 4308 4610
f 4317 4610 4605
f 4611 4812 4612
f 4611 4612 4602
f 4808 4809 4613
f 4808 4613 4609
f 4444 4606 4614
f 4444 4614 4443
f 4842 4409 4404
f 4842 4404 4837
f 4308 4304 4615
f 4308 4615 4610
f 4321 4573 4616
f 4321 4616 4330
f 4809 4810 4617
f 4809 4617 4613
f 4384 4371 4618
f 4384 4618 4608
f 4280 4286 4640
f 4280 4640 4533
f 4812 4807 4619
f 4812 4619 4612
f 4810 4811 4620
f 4810 4620 4617
f 4304 4301 4621
f 4304 4621 4615
f 4807 4803 4622
f 4807 4622 4619
f 4283 4585 4623
f 4283 4623 4284
f 4415 4416 4624
f 4415 4624 4603
f 4290 4625 4287
f 4290 4604 4625
f 4811 4814 4478
f 4811 4478 4620
f 4443 4626 4441
f 4443 4614 4626
f 4529 4528 4325
f 4529 4325 4627
f 4371 4359 4628
f 4371 4628 4618
f 4627 4325 4331
f 4627 4331 4629
f 4803 4633 4630
f 4803 4630 4622
f 4629 4331 4335
f 4629 4335 4636
f 4301 4300 4631
f 4301 4631 4621
f 4441 4632 4436
f 4441 4626 4632
f 4633 4798 4634
f 4633 4634 4630
f 4815 4817 4635
f 4815 4635 4376
f 4636 4637 4741
f 4636 4335 4637
f 4741 4637 4341
f 4741 4341 4642
f 4798 4795 4638
f 4798 4638 4634
f 4436 4639 4435
f 4436 4632 4639
f 4287 4625 4640
f 4287 4640 4286
f 4817 4819 4641
f 4817 4641 4635
f 4642 4643 4743
f 4642 4341 4643
f 4819 4820 4644
f 4819 4644 4641
f 4435 4639 4645
f 4435 4645 4429
f 4743 4643 4346
f 4743 4346 4646
f 4646 4346 4350
f 4646 4350 4647
f 4647 4350 4356
f 4647 4356 4649
f 4837 4404 4402
f 4837 4402 4834
f 4300 4298 4648
f 4300 4648 4631
f 4649 4650 4749
f 4649 4356 4650
f 4359 4349 4651
f 4359 4651 4628
f 4429 4652 4428
f 4429 4645 4652
f 4820 4821 4653
f 4820 4653 4644
f 4416 4418 4654
f 4416 4654 4624
f 4795 4664 4655
f 4795 4655 4638
f 4834 4402 4398
f 4834 4398 4831
f 4298 4296 4656
f 4298 4656 4648
f 4330 4616 4657
f 4330 4657 4343
f 4749 4658 4750
f 4749 4650 4658
f 4428 4652 4659
f 4428 4659 4424
f 4750 4658 4368
f 4750 4368 4661
f 4284 4660 4291
f 4284 4623 4660
f 4661 4662 4755
f 4661 4368 4662
f 4349 4343 4657
f 4349 4657 4651
f 4821 4824 4663
f 4821 4663 4653
f 4664 4671 4665
f 4664 4665 4655
f 4755 4662 4373
f 4755 4373 4666
f 4418 4420 4667
f 4418 4667 4654
f 4424 4668 4423
f 4424 4659 4668
f 4824 4827 4669
f 4824 4669 4663
f 4666 4373 4375
f 4666 4375 4670
f 4296 4291 4660
f 4296 4660 4656
f 4671 4783 4477
f 4671 4477 4665
f 4670 4375 4380
f 4670 4380 4672
f 4827 4829 4673
f 4827 4673 4669
f 4831 4398 4673
f 4831 4673 4829
f 4672 4380 4385
f 4672 4385 4674
f 4423 4667 4420
f 4423 4668 4667
f 4674 4388 4781
f 4674 4385 4388
f 4675 4901 4676
f 4675 4676 4526
f 4570 4501 4677
f 4570 4677 4678
f 4476 4475 4679
f 4476 4679 4680
f 4476 4680 4681
f 4476 4681 4493
f 4475 4488 4682
f 4475 4682 4679
f 4493 4683 4506
f 4493 4681 4683
f 4506 4684 4530
f 4506 4683 4684
f 4488 4502 4685
f 4488 4685 4682
f 4902 4675 4526
f 4902 4526 4521
f 4530 4686 4542
f 4530 4684 4686
f 4902 4687 4695
f 4902 4521 4687
f 4502 4512 4688
f 4502 4688 4685
f 4542 4686 4689
f 4542 4689 4562
f 4562 4689 4690
f 4562 4690 4582
f 4512 4523 4691
f 4512 4691 4688
f 4582 4690 4692
f 4582 4692 4599
f 4599 4693 4606
f 4599 4692 4693
f 4606 4693 4694
f 4606 4694 4614
f 4695 4696 4881
f 4695 4687 4696
f 4523 4534 4697
f 4523 4697 4691
f 4614 4698 4626
f 4614 4694 4698
f 4626 4699 4632
f 4626 4698 4699
f 4534 4543 4700
f 4534 4700 4697
f 4632 4701 4639
f 4632 4699 4701
f 4543 4548 4702
f 4543 4702 4700
f 4639 4701 4703
f 4639 4703 4645
f 4645 4704 4652
f 4645 4703 4704
f 4652 4704 4705
f 4652 4705 4659
f 4548 4558 4706
f 4548 4706 4702
f 4659 4707 4668
f 4659 4705 4707
f 4668 4708 4667
f 4668 4707 4708
f 4558 4572 4709
f 4558 4709 4706
f 4667 4710 4654
f 4667 4708 4710
f 4572 4579 4711
f 4572 4711 4709
f 4654 4710 4712
f 4654 4712 4624
f 4579 4589 4713
f 4579 4713 4711
f 4624 4714 4603
f 4624 4712 4714
f 4603 4715 4600
f 4603 4714 4715
f 4881 4696 4497
f 4881 4497 4756
f 4589 4596 4716
f 4589 4716 4713
f 4600 4715 4717
f 4600 4717 4581
f 4581 4718 4566
f 4581 4717 4718
f 4596 4608 4719
f 4596 4719 4716
f 4566 4720 4540
f 4566 4718 4720
f 4540 4721 4519
f 4540 4720 4721
f 4608 4618 4722
f 4608 4722 4719
f 4519 4721 4723
f 4519 4723 4510
f 4510 4723 4724
f 4510 4724 4504
f 4618 4628 4725
f 4618 4725 4722
f 4901 4771 4726
f 4901 4726 4676
f 4504 4724 4727
f 4504 4727 4489
f 4628 4651 4728
f 4628 4728 4725
f 4489 4727 4729
f 4489 4729 4487
f 4487 4729 4730
f 4487 4730 4480
f 4651 4657 4731
f 4651 4731 4728
f 4480 4732 4479
f 4480 4730 4732
f 4479 4733 4492
f 4479 4732 4733
f 4492 4733 4734
f 4492 4734 4509
f 4735 4752 4736
f 4735 4736 4529
f 4735 4529 4627
f 4735 4627 4882
f 4882 4627 4629
f 4882 4629 4737
f 4657 4616 4738
f 4657 4738 4731
f 4737 4629 4636
f 4737 4636 4740
f 4509 4734 4739
f 4509 4739 4537
f 4740 4741 4883
f 4740 4636 4741
f 4883 4741 4642
f 4883 4642 4742
f 4742 4743 4884
f 4742 4642 4743
f 4616 4573 4744
f 4616 4744 4738
f 4884 4743 4646
f 4884 4646 4745
f 4537 4746 4585
f 4537 4739 4746
f 4745 4646 4647
f 4745 4647 4747
f 4747 4647 4649
f 4747 4649 4748
f 4748 4749 4885
f 4748 4649 4749
f 4885 4750 4886
f 4885 4749 4750
f 4585 4746 4751
f 4585 4751 4623
f 4886 4750 4661
f 4886 4661 4754
f 4752 4903 4753
f 4752 4753 4736
f 4754 4755 4887
f 4754 4661 4755
f 4756 4757 4912
f 4756 4497 4757
f 4903 4904 4758
f 4903 4758 4753
f 4623 4759 4660
f 4623 4751 4759
f 4904 4905 4760
f 4904 4760 4758
f 4887 4755 4666
f 4887 4666 4761
f 4905 4906 4762
f 4905 4762 4760
f 4573 4552 4763
f 4573 4763 4744
f 4906 4907 4764
f 4906 4764 4762
f 4907 4908 4765
f 4907 4765 4764
f 4761 4666 4670
f 4761 4670 4766
f 4660 4767 4656
f 4660 4759 4767
f 4656 4767 4768
f 4656 4768 4648
f 4766 4670 4672
f 4766 4672 4769
f 4908 4909 4770
f 4908 4770 4765
f 4771 4866 4772
f 4771 4772 4726
f 4552 4517 4773
f 4552 4773 4763
f 4909 4910 4774
f 4909 4774 4770
f 4769 4672 4674
f 4769 4674 4780
f 4910 4911 4775
f 4910 4775 4774
f 4911 4913 4776
f 4911 4776 4775
f 4648 4768 4777
f 4648 4777 4631
f 4517 4495 4778
f 4517 4778 4773
f 4913 4914 4779
f 4913 4779 4776
f 4780 4781 4888
f 4780 4674 4781
f 4914 4915 4782
f 4914 4782 4779
f 4888 4783 4889
f 4888 4781 4783
f 4915 4916 4784
f 4915 4784 4782
f 4631 4785 4621
f 4631 4777 4785
f 4889 4783 4671
f 4889 4671 4786
f 4916 4918 4787
f 4916 4787 4784
f 4786 4671 4664
f 4786 4664 4794
f 4918 4919 4788
f 4918 4788 4787
f 4919 4921 4789
f 4919 4789 4788
f 4621 4790 4615
f 4621 4785 4790
f 4921 4923 4791
f 4921 4791 4789
f 4923 4924 4792
f 4923 4792 4791
f 4615 4793 4610
f 4615 4790 4793
f 4794 4795 4890
f 4794 4664 4795
f 4495 4486 4796
f 4495 4796 4778
f 4924 4925 4797
f 4924 4797 4792
f 4912 4757 4490
f 4912 4490 4839
f 4890 4798 4891
f 4890 4795 4798
f 4925 4926 4799
f 4925 4799 4797
f 4926 4928 4800
f 4926 4800 4799
f 4610 4801 4605
f 4610 4793 4801
f 4891 4798 4633
f 4891 4633 4802
f 4802 4803 4892
f 4802 4633 4803
f 4486 4482 4804
f 4486 4804 4796
f 4928 4929 4805
f 4928 4805 4800
f 4605 4801 4806
f 4605 4806 4594
f 4892 4807 4893
f 4892 4803 4807
f 4929 4930 4808
f 4929 4808 4805
f 4930 4932 4809
f 4930 4809 4808
f 4932 4933 4810
f 4932 4810 4809
f 4933 4934 4811
f 4933 4811 4810
f 4893 4812 4894
f 4893 4807 4812
f 4594 4806 4813
f 4594 4813 4591
f 4934 4935 4814
f 4934 4814 4811
f 4935 4937 4815
f 4935 4815 4814
f 4482 4481 4816
f 4482 4816 4804
f 4937 4939 4817
f 4937 4817 4815
f 4591 4813 4818
f 4591 4818 4586
f 4939 4941 4819
f 4939 4819 4817
f 4894 4812 4611
f 4894 4611 4822
f 4941 4942 4820
f 4941 4820 4819
f 4942 4943 4821
f 4942 4821 4820
f 4822 4823 4895
f 4822 4611 4823
f 4943 4944 4824
f 4943 4824 4821
f 4586 4825 4577
f 4586 4818 4825
f 4481 4533 4826
f 4481 4826 4816
f 4944 4945 4827
f 4944 4827 4824
f 4895 4828 4896
f 4895 4823 4828
f 4945 4946 4829
f 4945 4829 4827
f 4577 4830 4564
f 4577 4825 4830
f 4946 4947 4831
f 4946 4831 4829
f 4896 4832 4897
f 4896 4828 4832
f 4533 4640 4833
f 4533 4833 4826
f 4947 4836 4834
f 4947 4834 4831
f 4897 4832 4583
f 4897 4583 4835
f 4836 4841 4837
f 4836 4837 4834
f 4564 4830 4838
f 4564 4838 4556
f 4839 4840 4917
f 4839 4490 4840
f 4841 4844 4842
f 4841 4842 4837
f 4835 4583 4575
f 4835 4575 4843
f 4844 4940 4845
f 4844 4845 4842
f 4940 4938 4846
f 4940 4846 4845
f 4938 4936 4847
f 4938 4847 4846
f 4640 4848 4833
f 4640 4625 4848
f 4556 4849 4551
f 4556 4838 4849
f 4843 4575 4568
f 4843 4568 4854
f 4551 4850 4546
f 4551 4849 4850
f 4936 4857 4851
f 4936 4851 4847
f 4546 4852 4541
f 4546 4850 4852
f 4625 4604 4853
f 4625 4853 4848
f 4854 4855 4898
f 4854 4568 4855
f 4541 4852 4856
f 4541 4856 4535
f 4857 4931 4858
f 4857 4858 4851
f 4898 4859 4899
f 4898 4855 4859
f 4535 4860 4520
f 4535 4856 4860
f 4604 4595 4861
f 4604 4861 4853
f 4931 4927 4862
f 4931 4862 4858
f 4520 4860 4863
f 4520 4863 4518
f 4595 4570 4678
f 4595 4678 4861
f 4899 4864 4900
f 4899 4859 4864
f 4518 4863 4865
f 4518 4865 4516
f 4866 4867 4868
f 4866 4868 4772
f 4927 4870 4869
f 4927 4869 4862
f 4900 4864 4868
f 4900 4868 4867
f 4870 4922 4871
f 4870 4871 4869
f 4500 4499 4872
f 4500 4872 4873
f 4500 4677 4501
f 4500 4873 4677
f 4499 4503 4874
f 4499 4874 4872
f 4922 4920 4875
f 4922 4875 4871
f 4503 4505 4876
f 4503 4876 4874
f 4505 4508 4877
f 4505 4877 4876
f 4920 4917 4840
f 4920 4840 4875
f 4508 4511 4878
f 4508 4878 4877
f 4511 4513 4879
f 4511 4879 4878
f 4513 4515 4880
f 4513 4880 4879
f 4515 4516 4865
f 4515 4865 4880
f 4699 4881 4701
f 4699 4695 4881
f 4677 4882 4678
f 4677 4735 4882
f 4678 4882 4737
f 4678 4737 4861
f 4861 4737 4740
f 4861 4740 4853
f 4853 4883 4848
f 4853 4740 4883
f 4848 4883 4742
f 4848 4742 4833
f 4833 4884 4826
f 4833 4742 4884
f 4826 4884 4745
f 4826 4745 4816
f 4816 4745 4747
f 4816 4747 4804
f 4804 4747 4748
f 4804 4748 4796
f 4796 4885 4778
f 4796 4748 4885
f 4778 4886 4773
f 4778 4885 4886
f 4773 4886 4754
f 4773 4754 4763
f 4763 4887 4744
f 4763 4754 4887
f 4744 4887 4761
f 4744 4761 4738
f 4738 4761 4766
f 4738 4766 4731
f 4731 4766 4769
f 4731 4769 4728
f 4728 4769 4780
f 4728 4780 4725
f 4725 4888 4722
f 4725 4780 4888
f 4722 4889 4719
f 4722 4888 4889
f 4719 4889 4786
f 4719 4786 4716
f 4716 4786 4794
f 4716 4794 4713
f 4713 4890 4711
f 4713 4794 4890
f 4711 4891 4709
f 4711 4890 4891
f 4709 4891 4802
f 4709 4802 4706
f 4706 4892 4702
f 4706 4802 4892
f 4702 4893 4700
f 4702 4892 4893
f 4700 4894 4697
f 4700 4893 4894
f 4697 4894 4822
f 4697 4822 4691
f 4691 4895 4688
f 4691 4822 4895
f 4688 4896 4685
f 4688 4895 4896
f 4685 4897 4682
f 4685 4896 4897
f 4682 4897 4835
f 4682 4835 4679
f 4679 4835 4843
f 4679 4843 4680
f 4680 4843 4854
f 4680 4854 4681
f 4681 4898 4683
f 4681 4854 4898
f 4683 4899 4684
f 4683 4898 4899
f 4684 4900 4686
f 4684 4899 4900
f 4686 4900 4867
f 4686 4867 4689
f 4689 4867 4866
f 4689 4866 4690
f 4690 4866 4771
f 4690 4771 4692
f 4692 4901 4693
f 4692 4771 4901
f 4693 4901 4675
f 4693 4675 4694
f 4694 4902 4698
f 4694 4675 4902
f 4873 4872 4903
f 4873 4903 4752
f 4873 4735 4677
f 4873 4752 4735
f 4872 4874 4904
f 4872 4904 4903
f 4698 4695 4699
f 4698 4902 4695
f 4874 4876 4905
f 4874 4905 4904
f 4876 4877 4906
f 4876 4906 4905
f 4877 4878 4907
f 4877 4907 4906
f 4878 4879 4908
f 4878 4908 4907
f 4879 4880 4909
f 4879 4909 4908
f 4880 4865 4910
f 4880 4910 4909
f 4701 4881 4756
f 4701 4756 4703
f 4865 4863 4911
f 4865 4911 4910
f 4703 4912 4704
f 4703 4756 4912
f 4863 4860 4913
f 4863 4913 4911
f 4860 4856 4914
f 4860 4914 4913
f 4856 4852 4915
f 4856 4915 4914
f 4704 4912 4839
f 4704 4839 4705
f 4852 4850 4916
f 4852 4916 4915
f 4705 4917 4707
f 4705 4839 4917
f 4850 4849 4918
f 4850 4918 4916
f 4849 4838 4919
f 4849 4919 4918
f 4707 4920 4708
f 4707 4917 4920
f 4838 4830 4921
f 4838 4921 4919
f 4708 4922 4710
f 4708 4920 4922
f 4830 4825 4923
f 4830 4923 4921
f 4825 4818 4924
f 4825 4924 4923
f 4710 4922 4870
f 4710 4870 4712
f 4818 4813 4925
f 4818 4925 4924
f 4813 4806 4926
f 4813 4926 4925
f 4712 4927 4714
f 4712 4870 4927
f 4806 4801 4928
f 4806 4928 4926
f 4801 4793 4929
f 4801 4929 4928
f 4793 4790 4930
f 4793 4930 4929
f 4714 4931 4715
f 4714 4927 4931
f 4790 4785 4932
f 4790 4932 4930
f 4785 4777 4933
f 4785 4933 4932
f 4715 4931 4857
f 4715 4857 4717
f 4777 4768 4934
f 4777 4934 4933
f 4768 4767 4935
f 4768 4935 4934
f 4717 4936 4718
f 4717 4857 4936
f 4767 4759 4937
f 4767 4937 4935
f 4718 4938 4720
f 4718 4936 4938
f 4759 4751 4939
f 4759 4939 4937
f 4720 4940 4721
f 4720 4938 4940
f 4751 4746 4941
f 4751 4941 4939
f 4746 4739 4942
f 4746 4942 4941
f 4739 4734 4943
f 4739 4943 4942
f 4721 4940 4844
f 4721 4844 4723
f 4734 4733 4944
f 4734 4944 4943
f 4723 4844 4841
f 4723 4841 4724
f 4733 4732 4945
f 4733 4945 4944
f 4732 4730 4946
f 4732 4946 4945
f 4724 4841 4836
f 4724 4836 4727
f 4730 4729 4947
f 4730 4947 4946
f 4727 4836 4947
f 4727 4947 4729
f 1304 1300 1530
f 1530 4948 1304
f 1383 1547 1546
f 1546 1931 1383
f 162 10 14
f 1594 1587 2096
f 2096 1929 1594
f 1580 2046 2045
f 2045 1784 1580
f 1622 1853 1961
f 1961 1845 1622
f 1624 1860 1970
f 1970 1858 1624
f 1530 2030 1854
f 1854 4948 1530
f 1915 2013 2151
f 2151 2149 1915
f 1815 2302 2304
f 2304 1816 1815
f 1945 2316 2460
f 2460 2448 1945
f 1964 1977 2313
f 2313 2391 1964
f 2090 2133 2358
f 2358 2087 2090
f 2280 2385 2377
f 2377 2250 2280
f 2369 2884 2694
f 2694 2368 2369
f 2370 2663 2790
f 2790 2772 2370
f 2514 2692 2812
f 2812 2705 2514
f 2610 2895 2894
f 2894 3128 2610
f 2580 2841 3109
f 3109 2830 2580
f 2905 3303 3275
f 3275 3084 2905
f 2930 2925 3048
f 3048 3062 2930
f 2946 3231 3445
f 3445 2950 2946
f 3439 3814 3700
f 3700 3702 3439
f 3486 3696 3795
f 3795 3664 3486
f 3784 4949 3457
f 3457 3604 3784
f 3453 3457 4949
f 4949 3580 3453
f 3479 3895 3726
f 3726 3487 3479
f 3616 3878 3932
f 3932 3611 3616
f 3548 3539 4028
f 4028 4027 3548
f 206 53 52
f 52 542 206
f 122 121 211
f 153 122 212
f 156 153 219
f 219 157 156
f 176 166 207
f 207 3 176
f 542 71 206
f 206 71 72
f 206 72 88
f 196 197 12
f 12 193 196
f 121 206 211
f 122 211 212
f 206 532 110
f 206 110 111
f 151 169 12
f 12 169 174
f 157 219 218
f 157 218 208
f 150 151 12
f 12 145 150
f 207 536 2
f 538 2 536
f 118 119 12
f 12 4 118
f 119 145 12
f 529 69 12
f 12 55 529
f 12 70 103
f 12 103 106
f 92 56 12
f 12 555 92
f 132 131 12
f 12 192 132
f 1292 550 12
f 12 17 1292
f 130 186 12
f 12 128 130
f 79 114 12
f 12 78 79
f 42 68 12
f 12 41 42
f 206 534 187
f 206 187 189
f 206 7 561
f 206 561 213
f 206 200 199
f 206 199 191
f 206 168 167
f 206 167 158
f 189 7 206
f 202 115 90
f 202 90 89
f 61 63 202
f 141 202 63
f 12 202 105
f 12 105 104
f 137 198 12
f 136 137 12
f 12 1 136
f 12 198 164
f 12 164 74
f 542 305 306
f 542 306 319
f 88 1045 344
f 532 344 345
f 155 1052 360
f 534 360 330
f 561 268 267
f 213 267 255
f 199 201 365
f 191 365 227
f 167 531 286
f 158 286 303
f 12 552 339
f 115 339 1070
f 13 325 324
f 13 324 1077
f 141 62 228
f 141 228 246
f 104 547 263
f 5 263 314
f 1 556 334
f 136 334 354
f 198 530 328
f 164 328 327
f 73 75 301
f 73 301 300
f 68 1080 289
f 68 289 288
f 114 1076 274
f 128 274 273
f 186 129 265
f 17 265 264
f 1292 257 243
f 550 1292 243
f 131 38 234
f 555 234 233
f 529 23 230
f 529 230 232
f 103 244 247
f 106 247 248
f 4 266 277
f 118 277 278
f 145 285 295
f 150 295 296
f 169 308 1067
f 174 1067 323
f 193 559 340
f 196 340 352
f 206 543 355
f 211 355 356
f 219 528 362
f 218 362 358
f 538 336 321
f 2 321 320
f 176 1064 291
f 166 291 290
f 156 1054 261
f 153 261 260
f 121 1044 237
f 120 237 236
f 370 371 54
f 236 30 370
f 376 369 1044
f 260 262 376
f 385 379 1054
f 290 292 385
f 406 392 1064
f 320 322 406
f 424 410 27
f 27 1072 424
f 440 426 362
f 362 1082 440
f 454 441 355
f 355 1075 454
f 461 457 340
f 340 472 461
f 319 481 482
f 1045 482 502
f 1052 511 510
f 360 510 509
f 329 331 495
f 329 495 491
f 267 1057 463
f 255 463 462
f 365 1665 432
f 227 432 431
f 286 1658 408
f 303 408 407
f 339 1066 368
f 1070 368 367
f 1077 31 383
f 62 383 384
f 246 400 401
f 246 401 402
f 314 411 417
f 314 417 418
f 354 425 427
f 530 427 428
f 327 434 435
f 75 435 437
f 300 446 449
f 1080 449 450
f 288 464 465
f 1076 465 466
f 273 468 475
f 129 475 476
f 264 483 485
f 257 485 487
f 242 1668 497
f 38 497 499
f 233 1701 507
f 26 507 508
f 23 512 515
f 230 515 519
f 244 231 522
f 244 522 525
f 266 1043 514
f 277 514 513
f 285 1051 500
f 295 500 493
f 308 492 488
f 1067 488 474
f 479 1674 681
f 681 684 481
f 707 800 30
f 30 1667 707
f 584 630 262
f 262 1657 584
f 701 633 292
f 292 393 701
f 665 816 406
f 322 1659 665
f 672 619 424
f 1072 1673 672
f 810 790 1082
f 1082 838 810
f 784 786 1075
f 1075 1691 784
f 527 501 813
f 32 813 825
f 510 1687 806
f 509 806 776
f 495 1679 719
f 491 719 653
f 462 607 567
f 1665 567 569
f 431 433 641
f 1658 641 674
f 407 409 745
f 407 745 775
f 367 1663 819
f 367 819 840
f 31 1688 564
f 31 564 724
f 400 1706 598
f 401 598 610
f 411 1684 636
f 417 636 678
f 425 1677 761
f 427 761 803
f 434 1664 788
f 435 788 757
f 446 436 647
f 446 647 626
f 464 1699 658
f 465 658 697
f 468 1686 748
f 475 748 695
f 483 1660 604
f 485 604 574
f 1668 486 692
f 1668 692 735
f 1701 498 794
f 1701 794 822
f 512 1670 849
f 515 849 827
f 525 760 741
f 1043 741 728
f 513 1702 677
f 513 677 628
f 492 1705 602
f 488 602 587
f 473 1697 648
f 472 648 685
f 683 682 994
f 854 994 682
f 1517 1847 1518
f 1542 1518 1847
f 3020 2821 2657
f 2657 3029 3020
f 3484 3205 2984
f 2984 3490 3484
f 3291 3066 3466
f 3470 3466 3066
f 2535 3042 3040
f 3040 2809 2535
f 2134 2135 2002
f 2137 2002 2135
f 1536 1535 1377
f 1539 1377 1535
f 1225 705 1228
f 1231 1228 705
f 714 4950 1682
f 1682 1693 714
f 801 767 382
f 382 380 801
f 843 858 373
f 373 1681 843
f 835 829 372
f 419 1662 835
f 751 771 451
f 451 1666 751
f 708 716 489
f 489 1680 708
f 638 663 521
f 521 1690 638
f 592 591 1047
f 1047 1695 592
f 613 578 1053
f 1053 1703 613
f 688 661 1058
f 1058 1709 688
f 773 736 239
f 239 480 773
f 842 814 478
f 478 1698 842
f 660 704 33
f 399 1678 660
f 570 580 387
f 378 1675 570
f 635 620 422
f 422 669 635
f 4950 655 414
f 1689 414 655
f 746 731 1039
f 1039 1707 746
f 820 778 1079
f 1079 388 820
f 862 864 1074
f 1074 1708 862
f 836 850 405
f 1068 1704 836
f 796 807 448
f 1061 1696 796
f 749 763 496
f 1056 1692 749
f 710 722 526
f 1050 1683 710
f 650 667 1042
f 1042 1671 650
f 594 605 1040
f 1040 1661 594
f 573 572 337
f 337 1669 573
f 643 623 35
f 35 1694 643
f 691 671 396
f 396 394 691
f 730 721 413
f 413 1685 730
f 766 755 429
f 429 1672 766
f 811 792 445
f 445 1676 811
f 846 833 458
f 458 455 846
f 865 860 456
f 471 1689 865
f 1682 416 24
f 24 229 1682
f 382 398 28
f 311 1059 382
f 373 381 363
f 363 1055 373
f 419 372 225
f 347 1049 419
f 451 421 315
f 315 452 451
f 489 453 1041
f 1041 490 489
f 518 517 1048
f 537 1047 518
f 506 505 112
f 112 1053 506
f 460 459 554
f 554 1058 460
f 391 390 180
f 180 239 391
f 478 484 272
f 272 269 478
f 386 399 298
f 298 387 386
f 374 378 309
f 309 375 374
f 423 422 335
f 335 332 423
f 467 443 361
f 361 1039 467
f 523 366 349
f 349 1079 523
f 420 389 351
f 312 1074 420
f 405 403 313
f 281 1068 405
f 448 447 254
f 254 1061 448
f 496 494 256
f 223 1056 496
f 526 524 226
f 253 1050 526
f 504 503 276
f 276 1042 504
f 470 469 275
f 302 1040 470
f 439 438 341
f 341 337 439
f 404 397 1046
f 1046 35 404
f 396 377 133
f 133 1063 396
f 413 395 535
f 535 1071 413
f 429 412 125
f 125 1078 429
f 445 430 343
f 343 342 445
f 458 444 350
f 304 1081 458
f 471 456 1073
f 279 37 471
f 553 1062 280
f 553 24 1062
f 10 25 279
f 67 279 1073
f 95 548 304
f 154 304 350
f 143 142 343
f 16 343 250
f 293 311 544
f 8 294 293
f 224 363 51
f 51 225 224
f 348 347 209
f 209 353 348
f 316 315 214
f 98 318 316
f 283 1041 44
f 14 545 283
f 1048 287 84
f 195 537 1048
f 259 258 19
f 19 112 259
f 238 235 124
f 94 554 238
f 222 221 194
f 194 180 222
f 241 240 172
f 172 1065 241
f 270 272 20
f 20 271 270
f 298 1069 86
f 86 85 298
f 309 297 101
f 108 541 309
f 335 307 220
f 220 557 335
f 361 333 64
f 64 546 361
f 349 359 159
f 159 558 349
f 312 351 18
f 18 76 312
f 281 313 93
f 93 560 281
f 254 284 204
f 204 203 254
f 223 256 215
f 99 551 223
f 253 226 149
f 149 540 253
f 276 245 147
f 147 146 276
f 302 275 165
f 15 549 302
f 341 299 171
f 59 539 341
f 1046 338 50
f 190 533 1046
f 317 310 134
f 134 133 317
f 252 251 48
f 48 535 252
f 364 346 126
f 126 125 364
f 14 553 163
f 14 9 553
f 544 140 44
f 44 8 544
f 102 91 209
f 209 51 102
f 51 209 39
f 40 39 209
f 214 210 8
f 8 98 214
f 44 43 8
f 140 14 44
f 84 47 10
f 10 195 84
f 185 184 10
f 10 19 185
f 124 113 16
f 16 94 124
f 83 82 16
f 16 194 83
f 182 181 190
f 190 172 182
f 183 173 190
f 190 20 183
f 65 60 15
f 15 86 65
f 101 87 15
f 15 108 101
f 97 96 64
f 64 220 97
f 220 64 216
f 217 216 64
f 15 58 57
f 15 159 58
f 177 160 15
f 15 18 177
f 123 77 15
f 15 93 123
f 81 80 15
f 15 204 81
f 215 205 15
f 15 99 215
f 109 100 15
f 15 149 109
f 117 116 15
f 15 147 117
f 147 15 148
f 165 148 15
f 171 170 20
f 20 59 171
f 50 49 20
f 20 190 50
f 179 178 48
f 48 134 179
f 134 48 135
f 161 135 48
f 194 46 45
f 194 126 46
f 152 127 194
f 194 16 152
f 57 108 15
f 47 14 10
f 178 190 194
f 77 18 15
f 154 144 19
f 19 95 154
f 67 66 19
f 19 10 67
f 60 20 15
f 11 12 206
f 170 15 20
f 113 19 16
f 143 16 19
f 197 206 12
f 69 70 12
f 186 17 12
